Network,Aliases,Category,Marked,Philo,Sling Orange,Sling Blue,AT&T TV Now Plus,AT&T TV Now Max,AT&T TV Now Entertainment,AT&T TV Now Choice,AT&T TV Now Xtra,AT&T TV Now Ultimate,AT&T TV Now Optimo Mas,YouTube TV,Hulu with Live TV,PS Vue,Fubo TV,AT&T Watch TV,KlowdTV,Frndly TV,Vidgo,Vidgo Latino,Spectrum TV Essentials,Philo Chosen,Sling Orange Chosen,Sling Blue Chosen,AT&T TV Now Plus Chosen,AT&T TV Now Max Chosen,AT&T TV Now Entertainment Chosen,AT&T TV Now Choice Chosen,AT&T TV Now Xtra Chosen,AT&T TV Now Ultimate Chosen,AT&T TV Now Optimo Mas Chosen,YouTube TV Chosen,Hulu with Live TV Chosen,PS Vue Chosen,Fubo TV Chosen,AT&T Watch TV Chosen,KlowdTV Chosen,Frndly TV Chosen,Vidgo Chosen,Vidgo Latino Chosen,Spectrum TV Essentials Chosen,Network Chosen,Philo qualify,Sling Orange qualify,Sling Blue qualify,AT&T TV Now Plus qualify,AT&T TV Now Max qualify,AT&T TV Now Entertainment qualify,AT&T TV Now Choice qualify,AT&T TV Now Xtra qualify,AT&T TV Now Ultimate qualify,AT&T TV Now Optimo Mas qualify,YouTube TV qualify,Hulu with Live TV qualify,PS Vue qualify,Fubo TV qualify,AT&T Watch TV qualify,KlowdTV qualify,Frndly TV qualify,Vidgo qualify,Vidgo Latino qualify,Spectrum TV Essentials qualify,Highlight Network,Highlight Service,Highlight Result A,Highlight Result B,User Mark
[DVR],,Addon,1,Yes,Yes,Yes,Yes,Yes,Yes,Yes,Yes,Yes,Yes,Yes,Yes,Yes,Yes,,,Classic,,,cDVR,1,,,,,,,,,,1,,,,,,,,,,1,1,1,1,1,1,1,1,1,1,1,1,1,,1,,,2,,,2,0,0,0,0,1
¡Hola! TV,Hola TV,Spanish,,,Best of Spanish,Best of Spanish,Espanol,Espanol,Espanol,Espanol,Espanol,Espanol,Yes,,,,,,,,,Yes,,,,,,,,,,,,,,,,,,,,,,,,,,,,,,,,,,,,,,,,,,,0,0,0,0,0
A Wealth of Entertainment,AWE,Entertainment,,,,,,,,Yes,Yes,Yes,,,,,,,Premium,,,,,,,,,,,,,,,,,,,,,,,,,,,,,,,,,,,,,,,,,,,,,,0,0,0,0,0
A&E,"Arts & Entertainment, A&E Network",Entertainment,1,Yes,Yes,Yes,,,Yes,Yes,Yes,Yes,Yes,,Yes,,Yes,,,,Yes,,Yes,1,,,,,,,,,,,,,,,,,,,,1,1,1,1,,,1,1,1,1,1,,1,,1,,,,1,,1,0,0,0,0,1
ABC,,Broadcast networks,1,,,,Yes,Yes,Yes,Yes,Yes,Yes,Yes,Yes,Yes,Yes,,,,,Yes,,,,,,,,,,,,,1,,,,,,,,,,1,,,,1,1,1,1,1,1,1,1,1,,,,,,1,,,0,0,0,0,1
ABC News Live,,News,,,,,,,,,,,,,Yes,Yes,,,,,,,,,,,,,,,,,,,,,,,,,,,,,,,,,,,,,,,,,,,,,,,,,0,0,0,0,0
ACC Network,ACCN,Sports,,,Sports Extra,Sports Extra,,,,,,,,Yes,Yes,Core,,,,,Yes,,,,,,,,,,,,,,,,,,,,,,,,,,,,,,,,,,,,,,,,,,,,0,0,0,0,0
ACC Network Extra,,Sports,,,Sports Extra,Sports Extra,,,,,,,,,,,,,,,,,,,,,,,,,,,,,,,,,,,,,,,,,,,,,,,,,,,,,,,,,,,0,0,0,0,0
AccuWeather,,News,,,,,Yes,Yes,Yes,Yes,Yes,Yes,Yes,,,,,,,,,,,,,,,,,,,,,,,,,,,,,,,,,,,,,,,,,,,,,,,,,,,,0,0,0,0,0
Acorn,,Entertainment,,,,,,,,,,,,Acorn TV,,,,,,,,,,,,,,,,,,,,,,,,,,,,,,,,,,,,,,,,,,,,,,,,,,,0,0,0,0,0
Altres Series,,Spanish,,,,,,,,,,,,,,,,,,,,Yes,,,,,,,,,,,,,,,,,,,,,,,,,,,,,,,,,,,,,,,,,,,0,0,0,0,0
AMC,,Entertainment,,Yes,Yes,Yes,,,Yes,Yes,Yes,Yes,Yes,Yes,,Yes,Yes,Yes,,,,,Yes,,,,,,,,,,,,,,,,,,,,,,,,,,,,,,,,,,,,,,,,,,0,0,0,0,0
AMC Premiere,,Premium movies,,,,,,,,,,,,AMC Premiere,,,AMC Premiere,,,,,,,,,,,,,,,,,,,,,,,,,,,,,,,,,,,,,,,,,,,,,,,,0,0,0,0,0
American Heroes,"AHC, American Heroes Channel, American Heroes Network",Entertainment,,Yes,Heartland Extra,Heartland Extra,,,,,Yes,Yes,,,Entertainment,Elite,Fubo Extra,,,,,,Yes,,,,,,,,,,,,,,,,,,,,,,,,,,,,,,,,,,,,,,,,,,0,0,0,0,0
Animal Planet,Animal Planet (East & West),Lifestyle,,Yes,,,,,Yes,Yes,Yes,Yes,Yes,Yes,Yes,Yes,Yes,Yes,,,Yes,,Yes,,,,,,,,,,,,,,,,,,,,,,,,,,,,,,,,,,,,,,,,,,0,0,0,0,0
Antena 3,,Spanish,,,España Extra,España Extra,Espanol,Espanol,Espanol,Espanol,Espanol,Espanol,Yes,,,,Entretenimiento Plus,,,,,,,,,,,,,,,,,,,,,,,,,,,,,,,,,,,,,,,,,,,,,,,,0,0,0,0,0
Aspire,"AspireTV, Aspire TV",Lifestyle,1,Yes,,,,,,,Yes,Yes,,,,,,,,,Yes,,,1,,,,,,,,,,,,,,,,,,,,1,1,,,,,,,1,1,,,,,,,,,1,,,0,0,0,0,2
AT&T TV: Movies Extra Pack,,Addon,,,,,Movies Extra Pack,Movies Extra Pack,Movies Extra Pack,Movies Extra Pack,Movies Extra Pack,Movies Extra Pack,Movies Extra Pack,,,,Family Share,,,,,,,,,,,,,,,,,,,,,,,,,,,,,,,,,,,,,,,,,,,,,,,,0,0,0,0,0
Atrecine,,Spanish,,,,,,,,,,,,,,,,,,,,Yes,,,,,,,,,,,,,,,,,,,,,,,,,,,,,,,,,,,,,,,,,,,0,0,0,0,0
Atres Series,,Spanish,,,,,Espanol,Espanol,Espanol,Espanol,Espanol,Espanol,Yes,,,,,,,,,,,,,,,,,,,,,,,,,,,,,,,,,,,,,,,,,,,,,,,,,,,,0,0,0,0,0
Audience,,Entertainment,,,,,Yes,Yes,Yes,Yes,Yes,Yes,Yes,,,,,Yes,,,,,,,,,,,,,,,,,,,,,,,,,,,,,,,,,,,,,,,,,,,,,,,0,0,0,0,0
AXS TV,,Entertainment,,Yes,Yes,Yes,,,Yes,Yes,Yes,Yes,Yes,,,,,,,,,,Yes,,,,,,,,,,,,,,,,,,,,,,,,,,,,,,,,,,,,,,,,,,0,0,0,0,0
AZ Cinema,,Spanish,,,México Extra,México Extra,,,,,,,,,,,,,,,,,,,,,,,,,,,,,,,,,,,,,,,,,,,,,,,,,,,,,,,,,,,0,0,0,0,0
Az Clic,,Spanish,,,México Extra,México Extra,,,,,,,,,,,,,,,,,,,,,,,,,,,,,,,,,,,,,,,,,,,,,,,,,,,,,,,,,,,0,0,0,0,0
AZ Corazón,,Spanish,,,México Extra,México Extra,,,,,,,,,,,,,,,,,,,,,,,,,,,,,,,,,,,,,,,,,,,,,,,,,,,,,,,,,,,0,0,0,0,0
Azteca,TV Azteca,Spanish,,,Best of Spanish,Best of Spanish,Espanol,Espanol,Espanol,Espanol,Espanol,Espanol,Yes,,,,,,,,,Yes,,,,,,,,,,,,,,,,,,,,,,,,,,,,,,,,,,,,,,,,,,,0,0,0,0,0
Baby First,"BabyFirst, BabyFirst TV",Kids and family,,,,,,,Yes,Yes,Yes,Yes,Yes,,,Yes,,,,Yes,,,,,,,,,,,,,,,,,,,,,,,,,,,,,,,,,,,,,,,,,,,,,0,0,0,0,0
BabyTV,,Kids and family,,,Kids Extra,Kids Extra,,,,,,,,,,Elite,,,,,,,,,,,,,,,,,,,,,,,,,,,,,,,,,,,,,,,,,,,,,,,,,0,0,0,0,0
BabyTV Español,,Kids and family,,,Best of Spanish,Best of Spanish,Espanol,Espanol,Espanol,Espanol,Espanol,Espanol,Yes,,,,,,,,,,,,,,,,,,,,,,,,,,,,,,,,,,,,,,,,,,,,,,,,,,,,0,0,0,0,0
Bandamax,,Spanish,,,,,Espanol,Espanol,Espanol,Espanol,Espanol,Espanol,Yes,,,,Entretenimiento Plus,,,,,,,,,,,,,,,,,,,,,,,,,,,,,,,,,,,,,,,,,,,,,,,,0,0,0,0,0
BBC America,,Entertainment,,Yes,Yes,Yes,,,Yes,Yes,Yes,Yes,,Yes,,Yes,Yes,Yes,,,,,Yes,,,,,,,,,,,,,,,,,,,,,,,,,,,,,,,,,,,,,,,,,,0,0,0,0,0
BBC World News,BBC News,News,,Yes,News Extra,News Extra,,,,,Yes,Yes,,Yes,,Elite,Fubo Extra,Yes,,,,,Yes,,,,,,,,,,,,,,,,,,,,,,,,,,,,,,,,,,,,,,,,,,0,0,0,0,0
Bein Connect 4,Bein 4,Sports,,,,,,,,,,,,,,,Yes,,,,,,,,,,,,,,,,,,,,,,,,,,,,,,,,,,,,,,,,,,,,,,,,0,0,0,0,0
Bein Connect 5,Bein 5,Sports,,,,,,,,,,,,,,,Yes,,,,,,,,,,,,,,,,,,,,,,,,,,,,,,,,,,,,,,,,,,,,,,,,0,0,0,0,0
Bein Connect 6,Bein 6,Sports,,,,,,,,,,,,,,,Yes,,,,,,,,,,,,,,,,,,,,,,,,,,,,,,,,,,,,,,,,,,,,,,,,0,0,0,0,0
Bein Connect 7,Bein 7,Sports,,,,,,,,,,,,,,,Yes,,,,,,,,,,,,,,,,,,,,,,,,,,,,,,,,,,,,,,,,,,,,,,,,0,0,0,0,0
Bein Connect 8,Bein 8,Sports,,,,,,,,,,,,,,,Yes,,,,,,,,,,,,,,,,,,,,,,,,,,,,,,,,,,,,,,,,,,,,,,,,0,0,0,0,0
Bein Laliga,beIN Sports Connect La Liga,Sports,,,Best of Spanish,Best of Spanish,,,,,,,,,,,Yes,,,,Yes,,,,,,,,,,,,,,,,,,,,,,,,,,,,,,,,,,,,,,,,,,,,0,0,0,0,0
Bein Sports,Bein,Sports,,,Sports Extra,Sports Extra,,,,,,,,,,Core,Yes,,,,,,,,,,,,,,,,,,,,,,,,,,,,,,,,,,,,,,,,,,,,,,,,0,0,0,0,0
Bein Sports Connect,,Sports,,,Best of Spanish,Best of Spanish,,,,,,,,,,,,,,,,,,,,,,,,,,,,,,,,,,,,,,,,,,,,,,,,,,,,,,,,,,,0,0,0,0,0
Bein Sports Espanol,"Bein Sports En Español, Bein Sports Spanish, Bein Spanish",Sports,,,Best of Spanish,Best of Spanish,,,,,,,,,,Sports Pack,Yes,,,,,Yes,,,,,,,,,,,,,,,,,,,,,,,,,,,,,,,,,,,,,,,,,,,0,0,0,0,0
Benfica TV,,International,,,,,,,,,,,,,,,Portuguese Plus,,,,,,,,,,,,,,,,,,,,,,,,,,,,,,,,,,,,,,,,,,,,,,,,0,0,0,0,0
BET,,Entertainment,,Yes,Lifestyle Extra,Yes,Yes,Yes,Yes,Yes,Yes,Yes,,,,,Yes,Yes,,,Yes,,Yes,,,,,,,,,,,,,,,,,,,,,,,,,,,,,,,,,,,,,,,,,,0,0,0,0,0
BET Her,,Entertainment,,Yes,,,,,,,Yes,Yes,,,,,Fubo Extra,,,,,,Yes,,,,,,,,,,,,,,,,,,,,,,,,,,,,,,,,,,,,,,,,,,0,0,0,0,0
BET Jams,,Music channels,,,,,,,,,,,,,,,Fubo Extra,,,,,,Yes,,,,,,,,,,,,,,,,,,,,,,,,,,,,,,,,,,,,,,,,,,0,0,0,0,0
BET Soul,,Music channels,,,,,,,,,,,,,,,Fubo Extra,,,,,,Yes,,,,,,,,,,,,,,,,,,,,,,,,,,,,,,,,,,,,,,,,,,0,0,0,0,0
Big Ten Network,"BTN, Big Ten",Regional sports networks,,,,,,Yes,,Yes,Yes,Yes,,Yes,Yes,Core,Yes,,,,Yes,,,,,,,,,,,,,,,,,,,,,,,,,,,,,,,,,,,,,,,,,,,,0,0,0,0,0
Bloomberg TV,"Bloomberg, Bloomberg Television",News,,,Yes,Yes,,,Yes,Yes,Yes,Yes,,,,,,,,,,,Yes,,,,,,,,,,,,,,,,,,,,,,,,,,,,,,,,,,,,,,,,,,0,0,0,0,0
Bolivia TV,,Spanish,,,Sudamérica Extra,Sudamérica Extra,,,,,,,,,,,,,,,,,,,,,,,,,,,,,,,,,,,,,,,,,,,,,,,,,,,,,,,,,,,0,0,0,0,0
Boomerang,,Kids and family,1,,Kids Extra,Kids Extra,Yes,Yes,,,,Yes,Yes,,Yes,Elite,Fubo Extra,Yes,,,,,,,,,,,,,,,,,,,,,,,,,,,,2,2,1,1,,,,1,1,,1,,2,1,,,,,,0,0,0,0,3
Bravo,,Lifestyle,,,,Yes,Yes,Yes,Yes,Yes,Yes,Yes,Yes,Yes,Yes,Yes,Yes,,,,,,,,,,,,,,,,,,,,,,,,,,,,,,,,,,,,,,,,,,,,,,,,0,0,0,0,0
Buzzr,,Entertainment,,,,,,,,,,,,,,,,,Premium,,,,,,,,,,,,,,,,,,,,,,,,,,,,,,,,,,,,,,,,,,,,,,0,0,0,0,0
Canal 22 Internacional,,Spanish,,,,,Espanol,Espanol,Espanol,Espanol,Espanol,Espanol,Yes,,,,,,,,,,,,,,,,,,,,,,,,,,,,,,,,,,,,,,,,,,,,,,,,,,,,0,0,0,0,0
Canal 52 Mx,,Spanish,,,,,,,,,,,,,,,,,,,,Yes,,,,,,,,,,,,,,,,,,,,,,,,,,,,,,,,,,,,,,,,,,,0,0,0,0,0
Canal Once,,Spanish,,,México Extra,México Extra,Espanol,Espanol,Espanol,Espanol,Espanol,Espanol,Yes,,,,,,,,,,,,,,,,,,,,,,,,,,,,,,,,,,,,,,,,,,,,,,,,,,,,0,0,0,0,0
Canal Sur,,Spanish,,,Sudamérica Extra,Sudamérica Extra,,,,,,,,,,,,,,,,Yes,,,,,,,,,,,,,,,,,,,,,,,,,,,,,,,,,,,,,,,,,,,0,0,0,0,0
Caracol,Caracol TV,Spanish,,,Sudamérica Extra,Sudamérica Extra,Espanol,Espanol,Espanol,Espanol,Espanol,Espanol,Yes,,,,,,,,,,,,,,,,,,,,,,,,,,,,,,,,,,,,,,,,,,,,,,,,,,,,0,0,0,0,0
Cartoon Network,"CN, Adult Swim",Kids and family,,,Yes,Yes,Yes,Yes,Yes,Yes,Yes,Yes,,Yes,Yes,Yes,Yes,Yes,,,,,,,,,,,,,,,,,,,,,,,,,,,,,,,,,,,,,,,,,,,,,,,0,0,0,0,0
Cartoon Network East,,Kids and family,,,,,,,,,,,Yes,,,,,,,,,,,,,,,,,,,,,,,,,,,,,,,,,,,,,,,,,,,,,,,,,,,,0,0,0,0,0
CB24,,International,,,Centroamérica Extra,Centroamérica Extra,,,,,,,,,,,,,,,,,,,,,,,,,,,,,,,,,,,,,,,,,,,,,,,,,,,,,,,,,,,0,0,0,0,0
Cbeebies,,Kids and family,,,Best of Spanish,Best of Spanish,,,,,,,,,,,,,,,,,,,,,,,,,,,,,,,,,,,,,,,,,,,,,,,,,,,,,,,,,,,0,0,0,0,0
CBS,,Broadcast networks,1,,,,Yes,Yes,Yes,Yes,Yes,Yes,Yes,Yes,Yes,Yes,Yes,,,,,,,,,,,,,,,,,1,,,,,,,,,,1,,,,1,1,1,1,1,1,1,1,1,,1,,,,,,,0,0,0,0,1
CBS News Live,CBS News,News,,,,,,,,,,,,,Yes,,Yes,,,,,,,,,,,,,,,,,,,,,,,,,,,,,,,,,,,,,,,,,,,,,,,,0,0,0,0,0
CBS Sports Network,"CBSsn, CBS Sports, CBS Sn",Sports,,,,,,Yes,,,Yes,Yes,,Yes,Yes,Core,Yes,,,,,,,,,,,,,,,,,,,,,,,,,,,,,,,,,,,,,,,,,,,,,,,,0,0,0,0,0
CBTV Michoacán,,Spanish,,,México Extra,México Extra,,,,,,,,,,,,,,,,,,,,,,,,,,,,,,,,,,,,,,,,,,,,,,,,,,,,,,,,,,,0,0,0,0,0
Centroamérica TV,Centroamerica TV,Spanish,,,Centroamérica Extra,Centroamérica Extra,Espanol,Espanol,Espanol,Espanol,Espanol,Espanol,Yes,,,,,,,,,Yes,,,,,,,,,,,,,,,,,,,,,,,,,,,,,,,,,,,,,,,,,,,0,0,0,0,0
CGTN,,News,,,News Extra,News Extra,,,,,,,,,,,,,,,,,,,,,,,,,,,,,,,,,,,,,,,,,,,,,,,,,,,,,,,,,,,0,0,0,0,0
Cheddar,"Cheddar Business, Cheddar Business News",News,,Yes,Yes,Yes,Yes,Yes,,Yes,Yes,Yes,,Yes,Yes,Yes,Yes,,Premium,,Yes,,Yes,,,,,,,,,,,,,,,,,,,,,,,,,,,,,,,,,,,,,,,,,,0,0,0,0,0
Cheddar Big News,Cheddar News,News,,Yes,Yes,Yes,,,,,,,,Yes,,Elite,,,Premium,,,,,,,,,,,,,,,,,,,,,,,,,,,,,,,,,,,,,,,,,,,,,,0,0,0,0,0
Cine Estelar,,Spanish,,,,,Espanol,Espanol,Espanol,Espanol,Espanol,Espanol,Yes,,,,,,,,,,,,,,,,,,,,,,,,,,,,,,,,,,,,,,,,,,,,,,,,,,,,0,0,0,0,0
Cine Mexicano,,Spanish,,,,,Espanol,Espanol,Espanol,Espanol,Espanol,Espanol,Yes,,,,,,,,,,,,,,,,,,,,,,,,,,,,,,,,,,,,,,,,,,,,,,,,,,,,0,0,0,0,0
Cine Nostalgia,,Spanish,,,,,Espanol,Espanol,Espanol,Espanol,Espanol,Espanol,Yes,,,,,,,,,,,,,,,,,,,,,,,,,,,,,,,,,,,,,,,,,,,,,,,,,,,,0,0,0,0,0
Cine Sony,,Spanish,,,Best of Spanish,Best of Spanish,Espanol,Espanol,Espanol,Espanol,Espanol,Espanol,Yes,,,Espanol Pack,Fubo Latino Quarterly,,Premium,,,,,,,,,,,,,,,,,,,,,,,,,,,,,,,,,,,,,,,,,,,,,,0,0,0,0,0
CineFest,,Movies,,,CineFest,CineFest,,,,,,,,,,,,,,,,,,,,,,,,,,,,,,,,,,,,,,,,,,,,,,,,,,,,,,,,,,,0,0,0,0,0
Cinelatino,,Spanish,,,Best of Spanish,Best of Spanish,Espanol,Espanol,Espanol,Espanol,Espanol,Espanol,Yes,,,,,,,,,Yes,,,,,,,,,,,,,,,,,,,,,,,,,,,,,,,,,,,,,,,,,,,0,0,0,0,0
Cinemax,,Premium movies,,,,,Cinemax,Yes,Cinemax,Cinemax,Cinemax,Cinemax,Cinemax,,Cinemax,Cinemax,,Cinemax,,,,,,,,,,,,,,,,,,,,,,,,,,,,,,,,,,,,,,,,,,,,,,,0,0,0,0,0
Cinemax Actionmax,Actionmax,Premium movies,,,,,,Yes,,,,,,,,,,,,,,,,,,,,,,,,,,,,,,,,,,,,,,,,,,,,,,,,,,,,,,,,,0,0,0,0,0
Cinemoi,,Movies,,,Cinemoi,Cinemoi,,,,,,,,,,,,,,,,,,,,,,,,,,,,,,,,,,,,,,,,,,,,,,,,,,,,,,,,,,,0,0,0,0,0
Cleo TV,,Entertainment,,Yes,,,,,,,,,,,,Yes,,,,,,,Yes,,,,,,,,,,,,,,,,,,,,,,,,,,,,,,,,,,,,,,,,,,0,0,0,0,0
ClubbingTV,,Music channels,,,,,,,,,,,,,,,,,Premium,,,,,,,,,,,,,,,,,,,,,,,,,,,,,,,,,,,,,,,,,,,,,,0,0,0,0,0
CMT,,Entertainment,,Yes,Comedy Extra,Comedy Extra,,Yes,Yes,Yes,Yes,Yes,,,,,Yes,,,,Yes,,Yes,,,,,,,,,,,,,,,,,,,,,,,,,,,,,,,,,,,,,,,,,,0,0,0,0,0
CMT Music,,Music channels,,,,,,,,,,,,,,,,,,,Plus,,Yes,,,,,,,,,,,,,,,,,,,,,,,,,,,,,,,,,,,,,,,,,,0,0,0,0,0
CNBC,,News,,,News Extra,News Extra,Yes,Yes,Yes,Yes,Yes,Yes,,Yes,Yes,Yes,Yes,,,,,,,,,,,,,,,,,,,,,,,,,,,,,,,,,,,,,,,,,,,,,,,,0,0,0,0,0
CNBC World,,News,,,,,Yes,Yes,,Yes,Yes,Yes,,Yes,Entertainment,Elite,Fubo Extra,,,,,,,,,,,,,,,,,,,,,,,,,,,,,,,,,,,,,,,,,,,,,,,,0,0,0,0,0
CNN,,News,,,Yes,Yes,Yes,Yes,Yes,Yes,Yes,Yes,Yes,Yes,Yes,Yes,Yes,Yes,,,,,,,,,,,,,,,,,,,,,,,,,,,,,,,,,,,,,,,,,,,,,,,0,0,0,0,0
CNN En Español,"CNN En Espanol, CNN Espanol",Spanish,,,,,Espanol,Espanol,Espanol,Espanol,Espanol,Espanol,Yes,,Espanol,Espanol Pack,Fubo Latino Quarterly,,,,,,,,,,,,,,,,,,,,,,,,,,,,,,,,,,,,,,,,,,,,,,,,0,0,0,0,0
CNN International,,News,,,,,,,,,,,,,Yes,,Fubo Extra,,,,,,,,,,,,,,,,,,,,,,,,,,,,,,,,,,,,,,,,,,,,,,,,0,0,0,0,0
Comedy Central,CC,Entertainment,,Yes,Yes,Yes,Yes,Yes,Yes,Yes,Yes,Yes,,,,,Yes,Yes,,,Yes,,Yes,,,,,,,,,,,,,,,,,,,,,,,,,,,,,,,,,,,,,,,,,,0,0,0,0,0
Comedy Dynamics,,Entertainment,,,Comedy Dynamics,Comedy Dynamics,,,,,,,,,,,,,,,,,,,,,,,,,,,,,,,,,,,,,,,,,,,,,,,,,,,,,,,,,,,0,0,0,0,0
Comedy TV,,Entertainment,,,,,,,,Yes,Yes,Yes,,,,,,,,,,,,,,,,,,,,,,,,,,,,,,,,,,,,,,,,,,,,,,,,,,,,,0,0,0,0,0
Comet TV,Comet,Entertainment,,,Yes,Yes,,,,,,,,Yes,,Core,Yes,,,,,,,,,,,,,,,,,,,,,,,,,,,,,,,,,,,,,,,,,,,,,,,,0,0,0,0,0
Con TV,ConTV,Kids and Family,,,CONtv,CONtv,,,,,,,,,,,,,,,,,,,,,,,,,,,,,,,,,,,,,,,,,,,,,,,,,,,,,,,,,,,0,0,0,0,0
Cooking Channel,,Lifestyle,1,Yes,Lifestyle Extra,Lifestyle Extra,,,,Yes,Yes,Yes,,,Entertainment,Core,Fubo Extra,,,,Plus,,Yes,1,,,,,,,,,,,,,,,,,,,,1,1,2,2,,,,1,1,1,,,2,,2,,,,2,,1,0,0,0,0,3
Court TV,CourtTV,Entertainment,,,,,,,,,,,,,,,,,Premium,,,,,,,,,,,,,,,,,,,,,,,,,,,,,,,,,,,,,,,,,,,,,,0,0,0,0,0
COZI,"Cozy TV, Cozi TV",Entertainment,,,,,,,,,,,,Yes,Yes,Yes,,,,,,,,,,,,,,,,,,,,,,,,,,,,,,,,,,,,,,,,,,,,,,,,,0,0,0,0,0
C-SPAN,,News,,,,,,,Yes,Yes,Yes,Yes,Yes,,,,,,,,,,,,,,,,,,,,,,,,,,,,,,,,,,,,,,,,,,,,,,,,,,,,0,0,0,0,0
C-SPAN2,,News,,,,,,,Yes,Yes,Yes,Yes,Yes,,,,,,,,,,,,,,,,,,,,,,,,,,,,,,,,,,,,,,,,,,,,,,,,,,,,0,0,0,0,0
CubaMax,,International,,,Caribe Extra,Caribe Extra,,,,,,,,,,,,,,,,,,,,,,,,,,,,,,,,,,,,,,,,,,,,,,,,,,,,,,,,,,,0,0,0,0,0
Curiosity Stream,CuriosityStream,Lifestyle,,,CuriosityStream,CuriosityStream,,,,,,,,CuriosityStream,,CuriosityStream,,,,,Yes,,,,,,,,,,,,,,,,,,,,,,,,,,,,,,,,,,,,,,,,,,,,0,0,0,0,0
CW,The CW,Broadcast networks,,,,,Yes,Yes,Yes,Yes,Yes,Yes,,Yes,Yes,,,,,,,,,,,,,,,,,,,,,,,,,,,,,,,,,,,,,,,,,,,,,,,,,,0,0,0,0,0
DAZN,,Sports,,,,,,,,,,,,,,,,,,,,Latino MAS,,,,,,,,,,,,,,,,,,,,,,,,,,,,,,,,,,,,,,,,,,,0,0,0,0,0
De Pelicula,,Spanish,,,,,Espanol,Espanol,Espanol,Espanol,Espanol,Espanol,Yes,,,,Entretenimiento Plus,,,,,,,,,,,,,,,,,,,,,,,,,,,,,,,,,,,,,,,,,,,,,,,,0,0,0,0,0
De Pelicula Clasico,,Spanish,,,,,,,,,,,,,,,Entretenimiento Plus,,,,,,,,,,,,,,,,,,,,,,,,,,,,,,,,,,,,,,,,,,,,,,,,0,0,0,0,0
De Pelicula Clásico,,Spanish,,,,,Espanol,Espanol,Espanol,Espanol,Espanol,Espanol,Yes,,,,,,,,,,,,,,,,,,,,,,,,,,,,,,,,,,,,,,,,,,,,,,,,,,,,0,0,0,0,0
Destination America,,Lifestyle,,Yes,Heartland Extra,Heartland Extra,,,,,Yes,Yes,,,Entertainment,Elite,Fubo Extra,,,,Plus,,Yes,,,,,,,,,,,,,,,,,,,,,,,,,,,,,,,,,,,,,,,,,,0,0,0,0,0
Discovery Channel,"Discovery, Discovery (East & West)",Entertainment,,Yes,,Yes,,,Yes,Yes,Yes,Yes,Yes,Yes,Yes,Yes,Yes,Yes,,,Yes,,Yes,,,,,,,,,,,,,,,,,,,,,,,,,,,,,,,,,,,,,,,,,,0,0,0,0,0
Discovery En Espanol,"Discovery En Español, Discovery En Espanol Hd, Discovery Espanol",Spanish,,,Best of Spanish,Best of Spanish,Espanol,Espanol,Espanol,Espanol,Espanol,Espanol,Yes,,Espanol,Espanol Pack,Fubo Latino Quarterly,,,,,Yes,,,,,,,,,,,,,,,,,,,,,,,,,,,,,,,,,,,,,,,,,,,0,0,0,0,0
Discovery Familia,Discovery Familia Hd,Spanish,,,Best of Spanish,Best of Spanish,Espanol,Espanol,Espanol,Espanol,Espanol,Espanol,Yes,,Espanol,Espanol Pack,Fubo Latino Quarterly,,,,,Yes,,,,,,,,,,,,,,,,,,,,,,,,,,,,,,,,,,,,,,,,,,,0,0,0,0,0
Discovery Family,Discovery Family Channel,Kids and family,,Yes,,,,,,,Yes,Yes,,,Entertainment,Elite,Fubo Extra,,,,Plus,,Yes,,,,,,,,,,,,,,,,,,,,,,,,,,,,,,,,,,,,,,,,,,0,0,0,0,0
Discovery Life,Discovery Life Channel,Lifestyle,,Yes,,,,,,,Yes,Yes,,,Entertainment,Elite,Fubo Extra,,,,Plus,,Yes,,,,,,,,,,,,,,,,,,,,,,,,,,,,,,,,,,,,,,,,,,0,0,0,0,0
Disney Channel,Disney,Kids and family,,,Yes,,Yes,Yes,Yes,Yes,Yes,Yes,Yes,Yes,Yes,Yes,,,,,Yes,,,,,,,,,,,,,,,,,,,,,,,,,,,,,,,,,,,,,,,,,,,,0,0,0,0,0
Disney Junior,"Disney Jr, DISNEY-JR",Kids and family,,,Kids Extra,Kids Extra,Yes,Yes,Yes,Yes,Yes,Yes,,Yes,Yes,Yes,,,,,Yes,,,,,,,,,,,,,,,,,,,,,,,,,,,,,,,,,,,,,,,,,,,,0,0,0,0,0
Disney XD,DISNEY-XD,Kids and family,,,Kids Extra,Kids Extra,Yes,Yes,Yes,Yes,Yes,Yes,Yes,Yes,Yes,Yes,,,,,Yes,,,,,,,,,,,,,,,,,,,,,,,,,,,,,,,,,,,,,,,,,,,,0,0,0,0,0
DIY,"Do It Yourself, DIY Network",Lifestyle,,Yes,Lifestyle Extra,Lifestyle Extra,,,,,Yes,Yes,,,Entertainment,Core,Fubo Extra,,,,Yes,,Yes,,,,,,,,,,,,,,,,,,,,,,,,,,,,,,,,,,,,,,,,,,0,0,0,0,0
Docurama,,Entertainment,,,Docurama,Docurama,,,,,,,,,,,,,,,,,,,,,,,,,,,,,,,,,,,,,,,,,,,,,,,,,,,,,,,,,,,0,0,0,0,0
Dog TV,DogTV,Lifestyle,,,DOGTV,DOGTV,,,,,,,,,,,,,,,,,,,,,,,,,,,,,,,,,,,,,,,,,,,,,,,,,,,,,,,,,,,0,0,0,0,0
Dominican View,,International,,,Caribe Extra,Caribe Extra,,,,,,,,,,,,,,,,,,,,,,,,,,,,,,,,,,,,,,,,,,,,,,,,,,,,,,,,,,,0,0,0,0,0
Dove Channel,,Entertainment,,,Dove Channel,Dove Channel,,,,,,,,,,,,,,,,,,,,,,,,,,,,,,,,,,,,,,,,,,,,,,,,,,,,,,,,,,,0,0,0,0,0
DOX,,Lifestyle,,,DOX,DOX,,,,,,,,,,,,,,,,,,,,,,,,,,,,,,,,,,,,,,,,,,,,,,,,,,,,,,,,,,,0,0,0,0,0
DuckTV,Duck TV,Kids and family,,,Kids Extra,Kids Extra,,,,,,,,,,,,,Premium,,,,,,,,,,,,,,,,,,,,,,,,,,,,,,,,,,,,,,,,,,,,,,0,0,0,0,0
E!,"E! Now, E! Network",Lifestyle,,,,Yes,Yes,Yes,Yes,Yes,Yes,Yes,Yes,Yes,Yes,Yes,Yes,,,,,,,,,,,,,,,,,,,,,,,,,,,,,,,,,,,,,,,,,,,,,,,,0,0,0,0,0
Echoboom Sports,,Sports,,,Echoboom Sports,Echoboom Sports,,,,,,,,,,,,,,,,,,,,,,,,,,,,,,,,,,,,,,,,,,,,,,,,,,,,,,,,,,,0,0,0,0,0
Ecuador TV,,Spanish,,,,,Espanol,Espanol,Espanol,Espanol,Espanol,Espanol,Yes,,,,,,,,,,,,,,,,,,,,,,,,,,,,,,,,,,,,,,,,,,,,,,,,,,,,0,0,0,0,0
Ecuavisa Internacional,Ecuavisa,Spanish,,,Sudamérica Extra,Sudamérica Extra,Espanol,Espanol,Espanol,Espanol,Espanol,Espanol,Yes,,,,,,,,,Latino MAS,,,,,,,,,,,,,,,,,,,,,,,,,,,,,,,,,,,,,,,,,,,0,0,0,0,0
El Financiero Bloomberg TV,,Spanish,,,Best of Spanish,Best of Spanish,,,,,,,,,,,,,,,,,,,,,,,,,,,,,,,,,,,,,,,,,,,,,,,,,,,,,,,,,,,0,0,0,0,0
El Gourmet,,Lifestyle,,,,,,,,,,,,,,,Fubo Latino Quarterly,,,,,,,,,,,,,,,,,,,,,,,,,,,,,,,,,,,,,,,,,,,,,,,,0,0,0,0,0
El Trece,,Spanish,,,Sudamérica Extra,Sudamérica Extra,,,,,,,,,,,,,,,,,,,,,,,,,,,,,,,,,,,,,,,,,,,,,,,,,,,,,,,,,,,0,0,0,0,0
Eleven Sports,Eleven Sports Network,Regional sports networks,,,,,,,,,,,,,,Sports Pack,Fubo Cycling,,,,,,,,,,,,,,,,,,,,,,,,,,,,,,,,,,,,,,,,,,,,,,,,0,0,0,0,0
Enlace,,Spanish,,,,,Espanol,Espanol,Espanol,Espanol,Espanol,Espanol,Yes,,,,,,,,,,,,,,,,,,,,,,,,,,,,,,,,,,,,,,,,,,,,,,,,,,,,0,0,0,0,0
Epix,,Premium movies,,,Epix,Epix,Epix,Epix,Epix,Epix,Epix,Epix,Epix,EPIX,,,,,,,,,,,,,,,,,,,,,,,,,,,,,,,,,,,,,,,,,,,,,,,,,,,0,0,0,0,0
Epix 2,Epix2,Premium movies,,,Epix,Epix,,,,,,,,,,,,,,,,,,,,,,,,,,,,,,,,,,,,,,,,,,,,,,,,,,,,,,,,,,,0,0,0,0,0
Epix Drive-In,,Premium movies,,,Yes,Yes,,,,,,,,,,,,,,,,,,,,,,,,,,,,,,,,,,,,,,,,,,,,,,,,,,,,,,,,,,,0,0,0,0,0
Epix Hits,,Premium movies,,,Epix,Epix,,,,,,,,,,Epix Hits,,,,,,,,,,,,,,,,,,,,,,,,,,,,,,,,,,,,,,,,,,,,,,,,,0,0,0,0,0
Epix Hits and Showtime,,Premium movies,,,,,,,,,,,,,,Premium,,,,,,,,,,,,,,,,,,,,,,,,,,,,,,,,,,,,,,,,,,,,,,,,,0,0,0,0,0
ESPN,,Sports,,,Yes,,Yes,Yes,Yes,Yes,Yes,Yes,,Yes,Yes,Yes,,,,,Yes,,,,,,,,,,,,,,,,,,,,,,,,,,,,,,,,,,,,,,,,,,,,0,0,0,0,0
ESPN 2,ESPN2,Sports,,,Yes,,Yes,Yes,Yes,Yes,Yes,Yes,,Yes,Yes,Yes,,,,,Yes,,,,,,,,,,,,,,,,,,,,,,,,,,,,,,,,,,,,,,,,,,,,0,0,0,0,0
ESPN 3,ESPN3,Sports,,,Yes,,,,,,,,,,,,,,,,,,,,,,,,,,,,,,,,,,,,,,,,,,,,,,,,,,,,,,,,,,,,0,0,0,0,0
ESPN Bases Loaded,,Sports,,,Sports Extra,Sports Extra,,,,,,,,,Yes,Sports Pack,,,,,,,,,,,,,,,,,,,,,,,,,,,,,,,,,,,,,,,,,,,,,,,,,0,0,0,0,0
ESPN Classic,,Sports,,,,,,,,,,,,,,Sports Pack,,,,,,,,,,,,,,,,,,,,,,,,,,,,,,,,,,,,,,,,,,,,,,,,,0,0,0,0,0
ESPN College Extra,,Sports,,,,,,,,,,,,,Yes,Core,,,,,,,,,,,,,,,,,,,,,,,,,,,,,,,,,,,,,,,,,,,,,,,,,0,0,0,0,0
ESPN Deportes,,Spanish,,,,,Desportes,Desportes,Desportes,Desportes,Desportes,Desportes,Yes,,Espanol,Elite,,,,,Yes,Yes,,,,,,,,,,,,,,,,,,,,,,,,,,,,,,,,,,,,,,,,,,,0,0,0,0,0
ESPN Goal Line,,Sports,,,Sports Extra,Sports Extra,,,,,,,,,Yes,Sports Pack,,,,,Yes,,,,,,,,,,,,,,,,,,,,,,,,,,,,,,,,,,,,,,,,,,,,0,0,0,0,0
ESPNews,ESPN News,Sports,,,Sports Extra,Sports Extra,,Yes,,Yes,Yes,Yes,,Yes,Yes,Core,,,,,Yes,,,,,,,,,,,,,,,,,,,,,,,,,,,,,,,,,,,,,,,,,,,,0,0,0,0,0
ESPNu,ESPN U,Sports,,,Sports Extra,Sports Extra,,Yes,,Yes,Yes,Yes,,Yes,Yes,Core,,,,,Yes,,,,,,,,,,,,,,,,,,,,,,,,,,,,,,,,,,,,,,,,,,,,0,0,0,0,0
Estrella TV,,Spanish,,,Best of Spanish,Best of Spanish,Espanol,Espanol,Espanol,Espanol,Espanol,Espanol,Yes,,,,,,,,,,,,,,,,,,,,,,,,,,,,,,,,,,,,,,,,,,,,,,,,,,,,0,0,0,0,0
Estudio 5,,Spanish,,,Sudamérica Extra,Sudamérica Extra,,,,,,,,,,,,,,,,Yes,,,,,,,,,,,,,,,,,,,,,,,,,,,,,,,,,,,,,,,,,,,0,0,0,0,0
Euro News,Euronews,News,,,News Extra,News Extra,,,,,,,,,,,,,Premium,,,,,,,,,,,,,,,,,,,,,,,,,,,,,,,,,,,,,,,,,,,,,,0,0,0,0,0
EVTV,,Spanish,,,Sudamérica Extra,Sudamérica Extra,,,,,,,,,,,,,,,,,,,,,,,,,,,,,,,,,,,,,,,,,,,,,,,,,,,,,,,,,,,0,0,0,0,0
Fight Network,,Sports,,,,,,,,,,,,,,,Sports Plus with NFL RedZone,,Premium,,,,,,,,,,,,,,,,,,,,,,,,,,,,,,,,,,,,,,,,,,,,,,0,0,0,0,0
FlixLatino,,Spanish,,,FlixLatino,FlixLatino,,,,,,,,,,,,,,,,,,,,,,,,,,,,,,,,,,,,,,,,,,,,,,,,,,,,,,,,,,,0,0,0,0,0
FM,,Music channels,,,,,,,,,Yes,Yes,,,,,,,,,,,,,,,,,,,,,,,,,,,,,,,,,,,,,,,,,,,,,,,,,,,,,0,0,0,0,0
Fntsy Sports Network,,Sports,,,,,,,,,,,,,,,,,Premium,,,,,,,,,,,,,,,,,,,,,,,,,,,,,,,,,,,,,,,,,,,,,,0,0,0,0,0
Food Network,Food,Lifestyle,,Yes,Yes,Yes,,,Yes,Yes,Yes,Yes,Yes,Yes,Yes,Yes,Yes,Yes,,,Yes,,Yes,,,,,,,,,,,,,,,,,,,,,,,,,,,,,,,,,,,,,,,,,,0,0,0,0,0
ForoTV,,Spanish,,,,,Espanol,Espanol,Espanol,Espanol,Espanol,Espanol,Yes,,,,Entretenimiento Plus,,,,,,,,,,,,,,,,,,,,,,,,,,,,,,,,,,,,,,,,,,,,,,,,0,0,0,0,0
FOX,,Broadcast networks,1,,,Yes,Yes,Yes,Yes,Yes,Yes,Yes,Yes,Yes,Yes,Yes,Yes,,,,Yes,,,,,,,,,,,,,1,,,,,,,,,,1,,,1,1,1,1,1,1,1,1,1,1,,1,,,,1,,,0,0,0,0,1
Fox Business,Fox Business Network,News,,,News Extra,News Extra,Yes,Yes,Yes,Yes,Yes,Yes,,Yes,Yes,Yes,Yes,,,,Yes,,,,,,,,,,,,,,,,,,,,,,,,,,,,,,,,,,,,,,,,,,,,0,0,0,0,0
Fox College Sports Regionals,,Regional sports networks,,,,,,,,,,,,,,Sports Pack,,,,,,,,,,,,,,,,,,,,,,,,,,,,,,,,,,,,,,,,,,,,,,,,,0,0,0,0,0
Fox Deportes,,Spanish,,,,,Desportes,Desportes,Desportes,Desportes,Desportes,Desportes,Yes,,,Elite,Fubo Latino Quarterly,,,,Yes,Yes,,,,,,,,,,,,,,,,,,,,,,,,,,,,,,,,,,,,,,,,,,,0,0,0,0,0
Fox News,"FNC, Fox News Channel",News,,,,Yes,Yes,Yes,Yes,Yes,Yes,Yes,,Yes,Yes,Yes,Yes,,,,Yes,,,,,,,,,,,,,,,,,,,,,,,,,,,,,,,,,,,,,,,,,,,,0,0,0,0,0
Fox Soccer Plus,,Sports,,,,,,,,,,,,FOX Soccer Plus,,FOX Soccer Plus,Fubo Cycling,,,,,,,,,,,,,,,,,,,,,,,,,,,,,,,,,,,,,,,,,,,,,,,,0,0,0,0,0
Fox Sports 1,"FS1, FS 1",Sports,,,,Yes,Yes,Yes,Yes,Yes,Yes,Yes,Yes,Yes,Yes,Yes,Yes,,,,Yes,,,,,,,,,,,,,,,,,,,,,,,,,,,,,,,,,,,,,,,,,,,,0,0,0,0,0
Fox Sports 2,"FS2, FS 2,",Sports,,,Sports Extra,Sports Extra,,Yes,,,Yes,Yes,,Yes,Yes,Yes,Yes,,,,Yes,,,,,,,,,,,,,,,,,,,,,,,,,,,,,,,,,,,,,,,,,,,,0,0,0,0,0
Fox Sports Regionals,"Fox RSNs, Fox Sports",Regional sports networks,1,,,,Yes,Yes,Yes,Yes,Yes,Yes,Yes,Yes,,Core,,,,,,,,,,,,,,,,,,1,,,,,,,,,,1,,,,1,1,1,1,1,1,1,1,,,,,,,,,,0,0,0,0,2
Foxlife,Fox Life,Spanish,,,,,Espanol,Espanol,Espanol,Espanol,Espanol,Espanol,Yes,,,Espanol Pack,,,,,,,,,,,,,,,,,,,,,,,,,,,,,,,,,,,,,,,,,,,,,,,,,0,0,0,0,0
France24,France 24,News,,,News Extra,News Extra,,,,,,,,,,,,,Premium,,,,,,,,,,,,,,,,,,,,,,,,,,,,,,,,,,,,,,,,,,,,,,0,0,0,0,0
France24 Espanol,,Spanish,,,,,,,,,,,,,,,,,Premium,,,,,,,,,,,,,,,,,,,,,,,,,,,,,,,,,,,,,,,,,,,,,,0,0,0,0,0
Freeform,Free Form,Kids and family,,,Yes,,Yes,Yes,Yes,Yes,Yes,Yes,Yes,Yes,Yes,Yes,,,,,Yes,,,,,,,,,,,,,,,,,,,,,,,,,,,,,,,,,,,,,,,,,,,,0,0,0,0,0
Frndly: Classic,,Addon,,,,,,,,,,,,,,,,,,Classic,,,,,,,,,,,,,,,,,,,,,,,,,,,,,,,,,,,,,,,,,,,,,0,0,0,0,0
Frndly: Premium,,Addon,,,,,,,,,,,,,,,,,,Premium,,,,,,,,,,,,,,,,,,,,,,,,,,,,,,,,,,,,,,,,,,,,,0,0,0,0,0
Fubo Cycling,,Sports,,,,,,,,,,,,,,,Fubo Cycling,,,,,,,,,,,,,,,,,,,,,,,,,,,,,,,,,,,,,,,,,,,,,,,,0,0,0,0,0
Fubo Sports Network,,Sports,,,,,,,,,,,,,,,Yes,,,,,,,,,,,,,,,,,,,,,,,,,,,,,,,,,,,,,,,,,,,,,,,,0,0,0,0,0
Fubo TV: Cloud DVR Plus,,Addon,,,,,,,,,,,,,,,Cloud DVR Plus,,,,,,,,,,,,,,,,,,,,,,,,,,,,,,,,,,,,,,,,,,,,,,,,0,0,0,0,0
Fubo TV: Family Share,,Addon,,,,,,,,,,,,,,,Family Share,,,,,,,,,,,,,,,,,,,,,,,,,,,,,,,,,,,,,,,,,,,,,,,,0,0,0,0,0
Fuse,,Music channels,,,Yes,Yes,,,,Yes,Yes,Yes,,,,,Fubo Extra,,,,,,,,,,,,,,,,,,,,,,,,,,,,,,,,,,,,,,,,,,,,,,,,0,0,0,0,0
Fusion,,News,,,,,,,,,,,,,,Elite,,,,,,,,,,,,,,,,,,,,,,,,,,,,,,,,,,,,,,,,,,,,,,,,,0,0,0,0,0
FX,,Entertainment,,,,Yes,Yes,Yes,Yes,Yes,Yes,Yes,Yes,Yes,Yes,Yes,,,,,Yes,,,,,,,,,,,,,,,,,,,,,,,,,,,,,,,,,,,,,,,,,,,,0,0,0,0,0
FX Movie Channel,"FXM, FX Movies",Movies,,,Hollywood Extra,Hollywood Extra,Yes,Yes,,,Yes,Yes,,Yes,Yes,Elite,,,,,Yes,,,,,,,,,,,,,,,,,,,,,,,,,,,,,,,,,,,,,,,,,,,,0,0,0,0,0
FXX,,Entertainment,,,Hollywood Extra,Hollywood Extra,Yes,Yes,Yes,Yes,Yes,Yes,Yes,Yes,Yes,Yes,,,,,Yes,,,,,,,,,,,,,,,,,,,,,,,,,,,,,,,,,,,,,,,,,,,,0,0,0,0,0
FYI,"Fyi,",Lifestyle,,Yes,Lifestyle Extra,Lifestyle Extra,,,,,Yes,Yes,,,Entertainment,,Yes,Yes,,,Yes,,Yes,,,,,,,,,,,,,,,,,,,,,,,,,,,,,,,,,,,,,,,,,,0,0,0,0,0
Galavision,Galavisión,Spanish,,,,,Espanol,Espanol,Yes,Yes,Yes,Yes,Yes,,,,Yes,,,,,,,,,,,,,,,,,,,,,,,,,,,,,,,,,,,,,,,,,,,,,,,,0,0,0,0,0
Game Plus,Game+,Sports,,,,,,,,,,,,,,,Sports Plus with NFL RedZone,,,,,,,,,,,,,,,,,,,,,,,,,,,,,,,,,,,,,,,,,,,,,,,,0,0,0,0,0
Game Show Network,GSN,Entertainment,,Yes,Comedy Extra,Comedy Extra,,,,Yes,Yes,Yes,,,,,Fubo Extra,,Premium,Yes,Yes,,Yes,,,,,,,,,,,,,,,,,,,,,,,,,,,,,,,,,,,,,,,,,,0,0,0,0,0
Genius,Genius Brands Network,Kids and family,,,Genius Brands Network,Genius Brands Network,,,,,,,,,,,,,,,,,,,,,,,,,,,,,,,,,,,,,,,,,,,,,,,,,,,,,,,,,,,0,0,0,0,0
GetTV,,Entertainment,,,,,,,,,,,,,,,Yes,,,,,,,,,,,,,,,,,,,,,,,,,,,,,,,,,,,,,,,,,,,,,,,,0,0,0,0,0
Ginx Esports TV,GINX,Sports,,,,,,,,,,,,,,Elite,Fubo Extra,,,,,,,,,,,,,,,,,,,,,,,,,,,,,,,,,,,,,,,,,,,,,,,,0,0,0,0,0
Golf Channel,"Golf, Golf Network, The Golf Channel, NBC Golf",Sports,,,Sports Extra,Sports Extra,,Yes,,,Yes,Yes,,Yes,Yes,Core,Yes,,,,,,,,,,,,,,,,,,,,,,,,,,,,,,,,,,,,,,,,,,,,,,,,0,0,0,0,0
GolTV,GolTV English,Sports,,,,,Desportes,Desportes,Desportes,Desportes,Desportes,Desportes,Yes,,,,Sports Plus with NFL RedZone,,,,,,,,,,,,,,,,,,,,,,,,,,,,,,,,,,,,,,,,,,,,,,,,0,0,0,0,0
GolTV Spanish,,Sports,,,,,,,,,,,,,,,Sports Plus with NFL RedZone,,,,,,,,,,,,,,,,,,,,,,,,,,,,,,,,,,,,,,,,,,,,,,,,0,0,0,0,0
Great American Country,GAC,Entertainment,,Yes,Heartland Extra,Heartland Extra,,,,,Yes,Yes,Yes,,,,Fubo Extra,,,,,,,,,,,,,,,,,,,,,,,,,,,,,,,,,,,,,,,,,,,,,,,,0,0,0,0,0
Grokker,,International,,,Grokker,Grokker,,,,,,,,,,,,,,,,,,,,,,,,,,,,,,,,,,,,,,,,,,,,,,,,,,,,,,,,,,,0,0,0,0,0
Hallmark,Hallmark Channel,Kids and family,,Yes,Lifestyle Extra,Lifestyle Extra,Yes,Yes,Yes,Yes,Yes,Yes,,,,Core,Yes,Yes,,Yes,Yes,,Yes,,,,,,,,,,,,,,,,,,,,,,,,,,,,,,,,,,,,,,,,,,0,0,0,0,0
Hallmark Drama,,Kids and family,,Yes,Lifestyle Extra,Lifestyle Extra,,,,,,,,,,Elite,Yes,,,Yes,Yes,,Yes,,,,,,,,,,,,,,,,,,,,,,,,,,,,,,,,,,,,,,,,,,0,0,0,0,0
Hallmark Movies & Mysteries,Hallmark Movies,Kids and family,,Yes,Lifestyle Extra,Lifestyle Extra,,,Yes,,,,,,,Elite,Yes,Yes,,Yes,Yes,,Yes,,,,,,,,,,,,,,,,,,,,,,,,,,,,,,,,,,,,,,,,,,0,0,0,0,0
Hallmark Movies Now,,Kids and family,,,Hallmark Movies Now,Hallmark Movies Now,,,,,,,,,,,,,,,,,,,,,,,,,,,,,,,,,,,,,,,,,,,,,,,,,,,,,,,,,,,0,0,0,0,0
HBO,Home Box Office,Premium movies,,,,,Yes,Yes,,,,,,,HBO,HBO,,HBO,,,,,,,,,,,,,,,,,,,,,,,,,,,,,,,,,,,,,,,,,,,,,,,0,0,0,0,0
HBO Cinemax,,Premium movies,,,,,,,,,,,,,,HBO Cinemax,,,,,,,,,,,,,,,,,,,,,,,,,,,,,,,,,,,,,,,,,,,,,,,,,0,0,0,0,0
HBO Family,,Premium movies,,,,,Yes,Yes,,,,,,,,,,HBO,,,,,,,,,,,,,,,,,,,,,,,,,,,,,,,,,,,,,,,,,,,,,,,0,0,0,0,0
HBO Latino,,Premium movies,,,,,Yes,Yes,,,,,,,,,,HBO,,,,,,,,,,,,,,,,,,,,,,,,,,,,,,,,,,,,,,,,,,,,,,,0,0,0,0,0
HBO2,,Premium movies,,,,,Yes,Yes,,,,,,,,,,,,,,,,,,,,,,,,,,,,,,,,,,,,,,,,,,,,,,,,,,,,,,,,,0,0,0,0,0
HDnet Movies,,Movies,,,Hollywood Extra,Hollywood Extra,,,,,,,,,,,,,,,,,Yes,,,,,,,,,,,,,,,,,,,,,,,,,,,,,,,,,,,,,,,,,,0,0,0,0,0
Here TV,,Lifestyle,,,Here TV,Here TV,,,,,,,,,,,,,,,,,,,,,,,,,,,,,,,,,,,,,,,,,,,,,,,,,,,,,,,,,,,0,0,0,0,0
HGTV,,Lifestyle,,Yes,Yes,Yes,,,Yes,Yes,Yes,Yes,,Yes,Yes,Yes,Yes,Yes,,,Yes,,Yes,,,,,,,,,,,,,,,,,,,,,,,,,,,,,,,,,,,,,,,,,,0,0,0,0,0
History,"History Channel, The History Channel",Entertainment,,Yes,Yes,Yes,,,Yes,Yes,Yes,Yes,Yes,,Yes,,Yes,Yes,,,Yes,,Yes,,,,,,,,,,,,,,,,,,,,,,,,,,,,,,,,,,,,,,,,,,0,0,0,0,0
History En Español,History Channel En Español,Spanish,,,Best of Spanish,Best of Spanish,Espanol,Espanol,Espanol,Espanol,Espanol,Espanol,Yes,,Espanol,,,,,,,,,,,,,,,,,,,,,,,,,,,,,,,,,,,,,,,,,,,,,,,,,,0,0,0,0,0
HITN TV,,Spanish,,,,,Espanol,Espanol,Espanol,Espanol,Espanol,Espanol,Yes,,,,,,,,,,,,,,,,,,,,,,,,,,,,,,,,,,,,,,,,,,,,,,,,,,,,0,0,0,0,0
Hi-YAH!,,Sports,,,,,,,,,,,,,,Hi-Yah!,,,,,,,,,,,,,,,,,,,,,,,,,,,,,,,,,,,,,,,,,,,,,,,,,0,0,0,0,0
HLN,,News,,,News Extra,Yes,Yes,Yes,Yes,Yes,Yes,Yes,Yes,Yes,Yes,Yes,Yes,Yes,,,,,,,,,,,,,,,,,,,,,,,,,,,,,,,,,,,,,,,,,,,,,,,0,0,0,0,0
Hopster,,Kids and Family,,,Hopster,Hopster,,,,,,,,,,,,,,,,,,,,,,,,,,,,,,,,,,,,,,,,,,,,,,,,,,,,,,,,,,,0,0,0,0,0
HorseTV,,Lifestyle,,,,,,,,,,,,,,,,,Premium,,,,,,,,,,,,,,,,,,,,,,,,,,,,,,,,,,,,,,,,,,,,,,0,0,0,0,0
Hulu with Live TV: Enhanced Cloud DVR,,Addon,,,,,,,,,,,,,Enhanced Cloud DVR,,,,,,,,,,,,,,,,,,,,,,,,,,,,,,,,,,,,,,,,,,,,,,,,,,0,0,0,0,0
Hulu with Live TV: No Ads,,Addon,,,,,,,,,,,,,No Ads,,,,,,,,,,,,,,,,,,,,,,,,,,,,,,,,,,,,,,,,,,,,,,,,,,0,0,0,0,0
Hulu with Live TV: Unlimited Screens,,Addon,,,,,,,,,,,,,Unlimited Screens,,,,,,,,,,,,,,,,,,,,,,,,,,,,,,,,,,,,,,,,,,,,,,,,,,0,0,0,0,0
IFC,,Entertainment,,Yes,Yes,Yes,,,,Yes,Yes,Yes,,Yes,,Core,Yes,Yes,,,,,Yes,,,,,,,,,,,,,,,,,,,,,,,,,,,,,,,,,,,,,,,,,,0,0,0,0,0
IndieWave,,Music channels,,,,,,,,,,,,,,,,,Premium,,,,,,,,,,,,,,,,,,,,,,,,,,,,,,,,,,,,,,,,,,,,,,0,0,0,0,0
InfoWars,,Entertainment,,,,,,,,,,,,,,,,,Yes,,,,,,,,,,,,,,,,,,,,,,,,,,,,,,,,,,,,,,,,,,,,,,0,0,0,0,0
Ingles Para Todos,,Spanish,,,Best of Spanish,Best of Spanish,,,,,,,,,,,,,,,,,,,,,,,,,,,,,,,,,,,,,,,,,,,,,,,,,,,,,,,,,,,0,0,0,0,0
Insp,,Entertainment,,,,,,,,,,,,,,,Fubo Extra,,,,Yes,,,,,,,,,,,,,,,,,,,,,,,,,,,,,,,,,,,,,,,,,,,,0,0,0,0,0
INTI Network,,Spanish,,,Best of Spanish,Best of Spanish,,,,,,,,,,,,,,,,,,,,,,,,,,,,,,,,,,,,,,,,,,,,,,,,,,,,,,,,,,,0,0,0,0,0
Investigation Discovery,"ID, ID (East & West)",Entertainment,,Yes,Yes,Yes,,,Yes,Yes,Yes,Yes,,Yes,Yes,Yes,Yes,Yes,,,Yes,,,,,,,,,,,,,,,,,,,,,,,,,,,,,,,,,,,,,,,,,,,,0,0,0,0,0
IVC Net,,Spanish,,,,,Espanol,Espanol,Espanol,Espanol,Espanol,Espanol,Yes,,,,,,,,,,,,,,,,,,,,,,,,,,,,,,,,,,,,,,,,,,,,,,,,,,,,0,0,0,0,0
Justice Central,,Entertainment,,,,,,,,Yes,Yes,Yes,,,,,,,,,,,,,,,,,,,,,,,,,,,,,,,,,,,,,,,,,,,,,,,,,,,,,0,0,0,0,0
Law And Crime,"Law & Crime, Law&Crime",News,,Yes,News Extra,News Extra,,,,,,,,,,Core,,,Premium,,Plus,,,,,,,,,,,,,,,,,,,,,,,,,,,,,,,,,,,,,,,,,,,,0,0,0,0,0
Lifetime,Lifetime TV Shows & Movies,Lifestyle,,Yes,Yes,Yes,,,Yes,Yes,Yes,Yes,Yes,,Yes,,Yes,Yes,,,Yes,,Yes,,,,,,,,,,,,,,,,,,,,,,,,,,,,,,,,,,,,,,,,,,0,0,0,0,0
Lifetime Movie Network,"Lmn, Lifetime Movies",Movies,,Yes,Lifestyle Extra,Lifestyle Extra,,,,,Yes,Yes,,,Entertainment,,Yes,Yes,,,Yes,,Yes,,,,,,,,,,,,,,,,,,,,,,,,,,,,,,,,,,,,,,,,,,0,0,0,0,0
Light TV,,Entertainment,,,,,,,,,,,,,,,,,,Yes,,,,,,,,,,,,,,,,,,,,,,,,,,,,,,,,,,,,,,,,,,,,,0,0,0,0,0
Lion Mountain TV,,Entertainment,,,Lion Mountain TV,Lion Mountain TV,,,,,,,,,,,,,,,,,,,,,,,,,,,,,,,,,,,,,,,,,,,,,,,,,,,,,,,,,,,0,0,0,0,0
Local Now,,News,,,Yes,Yes,,,,,,,,Yes,,,Yes,,,,,,,,,,,,,,,,,,,,,,,,,,,,,,,,,,,,,,,,,,,,,,,,0,0,0,0,0
Logo,,Lifestyle,,Yes,Comedy Extra,Comedy Extra,,,,,Yes,Yes,,,,,Fubo Extra,,,,,,Yes,,,,,,,,,,,,,,,,,,,,,,,,,,,,,,,,,,,,,,,,,,0,0,0,0,0
Longhorn Network,,Regional sports networks,,,Sports Extra,Sports Extra,,Yes,,,,,,,,Sports Pack,,,,,Yes,,,,,,,,,,,,,,,,,,,,,,,,,,,,,,,,,,,,,,,,,,,,0,0,0,0,0
Los Angeles Football Club,LAFC,Sports,,,,,,,,,,,,Yes,,,,,,,,,,,,,,,,,,,,,,,,,,,,,,,,,,,,,,,,,,,,,,,,,,,0,0,0,0,0
Magnolia Selects,,Movies,,,Magnolia Selects,Magnolia Selects,,,,,,,,,,,,,,,,,,,,,,,,,,,,,,,,,,,,,,,,,,,,,,,,,,,,,,,,,,,0,0,0,0,0
Mas Chic,,International,,,,,,,,,,,,,,,Fubo Latino Quarterly,,,,,,,,,,,,,,,,,,,,,,,,,,,,,,,,,,,,,,,,,,,,,,,,0,0,0,0,0
Mav TV,MAVTV,Sports,,,,,,,,,,,,,,,Adventure Plus,,,,Yes,,,,,,,,,,,,,,,,,,,,,,,,,,,,,,,,,,,,,,,,,,,,0,0,0,0,0
MegaTV,,Spanish,,,,,Espanol,Espanol,Espanol,Espanol,Espanol,Espanol,Yes,,,,,,,,,,,,,,,,,,,,,,,,,,,,,,,,,,,,,,,,,,,,,,,,,,,,0,0,0,0,0
Mexicanal,,Spanish,,,México Extra,México Extra,,,,,,,,,,,,,,,,,,,,,,,,,,,,,,,,,,,,,,,,,,,,,,,,,,,,,,,,,,,0,0,0,0,0
Milenio Televisión,,Spanish,,,México Extra,México Extra,,,,,,,,,,,,,,,,,,,,,,,,,,,,,,,,,,,,,,,,,,,,,,,,,,,,,,,,,,,0,0,0,0,0
Mispel,,Spanish,,,España Extra,España Extra,,,,,,,,,,,,,,,,,,,,,,,,,,,,,,,,,,,,,,,,,,,,,,,,,,,,,,,,,,,0,0,0,0,0
MLB Game of the Week,,Sports,,,,,,,,,,,,Yes,,,,,,,,,,,,,,,,,,,,,,,,,,,,,,,,,,,,,,,,,,,,,,,,,,,0,0,0,0,0
MLB Network,"MLB, MLBN",Sports,,,Sports Extra,Sports Extra,,,,Yes,Yes,Yes,,Yes,,Core,,,,,,,,,,,,,,,,,,,,,,,,,,,,,,,,,,,,,,,,,,,,,,,,,0,0,0,0,0
MLB Strike Zone,"MLB Network Strike Zone, MLB Network StrikeZone",Sports,,,Sports Extra,Sports Extra,,,,,,,,,,Sports Pack,,,,,,,,,,,,,,,,,,,,,,,,,,,,,,,,,,,,,,,,,,,,,,,,,0,0,0,0,0
Monsters & Nightmares,,Entertainment,,,Monsters & Nightmares,Monsters & Nightmares,,,,,,,,,,,,,,,,,,,,,,,,,,,,,,,,,,,,,,,,,,,,,,,,,,,,,,,,,,,0,0,0,0,0
Motor Trend,"Motortrend, MotorTrend Network, Velocity",Sports,,Yes,Yes,,,,Yes,Yes,Yes,Yes,Yes,Yes,Yes,Yes,Yes,Yes,,,Yes,,Yes,,,,,,,,,,,,,,,,,,,,,,,,,,,,,,,,,,,,,,,,,,0,0,0,0,0
MSG,,Sports,,,,,,Yes,,,,,,,,,,,,,,,,,,,,,,,,,,,,,,,,,,,,,,,,,,,,,,,,,,,,,,,,,0,0,0,0,0
MSG+,,Sports,,,,,,Yes,,,,,,,,,,,,,,,,,,,,,,,,,,,,,,,,,,,,,,,,,,,,,,,,,,,,,,,,,0,0,0,0,0
MSNBC,,News,,,,Yes,Yes,Yes,Yes,Yes,Yes,Yes,Yes,Yes,Yes,Yes,Yes,,,,,,,,,,,,,,,,,,,,,,,,,,,,,,,,,,,,,,,,,,,,,,,,0,0,0,0,0
MTV,,Entertainment,,Yes,Comedy Extra,Comedy Extra,Yes,Yes,Yes,Yes,Yes,Yes,Yes,,,,Yes,Yes,,,Yes,,Yes,,,,,,,,,,,,,,,,,,,,,,,,,,,,,,,,,,,,,,,,,,0,0,0,0,0
MTV Classic,,Music channels,,Yes,,,,,,,Yes,Yes,,,,,Fubo Extra,,,,Plus,,Yes,,,,,,,,,,,,,,,,,,,,,,,,,,,,,,,,,,,,,,,,,,0,0,0,0,0
MTV Live,,Music channels,,Yes,,,,,,,,,,,,,Fubo Extra,,,,,,Yes,,,,,,,,,,,,,,,,,,,,,,,,,,,,,,,,,,,,,,,,,,0,0,0,0,0
MTV2,MTV 2,Entertainment,,Yes,Comedy Extra,Comedy Extra,,,Yes,Yes,Yes,Yes,,,,,Fubo Extra,,,,Plus,,Yes,,,,,,,,,,,,,,,,,,,,,,,,,,,,,,,,,,,,,,,,,,0,0,0,0,0
MTVu,MTV U,Music channels,,,,,,,,,,,,,,,Fubo Extra,,,,,,Yes,,,,,,,,,,,,,,,,,,,,,,,,,,,,,,,,,,,,,,,,,,0,0,0,0,0
Multimedios,Multimedios Televisión,Spanish,,,México Extra,México Extra,Espanol,Espanol,Espanol,Espanol,Espanol,Espanol,Yes,,,,,,,,,,,,,,,,,,,,,,,,,,,,,,,,,,,,,,,,,,,,,,,,,,,,0,0,0,0,0
MynetworkTV,"My Network TV, My TV",Broadcast networks,,,,,Yes,Yes,,,,,,Yes,,Yes,,,,,,,,,,,,,,,,,,,,,,,,,,,,,,,,,,,,,,,,,,,,,,,,,0,0,0,0,0
NASA TV,NASA,Entertainment,,,,,,,,,,,,,Yes,,,,Premium,,,,,,,,,,,,,,,,,,,,,,,,,,,,,,,,,,,,,,,,,,,,,,0,0,0,0,0
Nat Geo Mundo,,Spanish,,,,,Espanol,Espanol,Espanol,Espanol,Espanol,Espanol,Yes,,,Espanol Pack,,,,,,,,,,,,,,,,,,,,,,,,,,,,,,,,,,,,,,,,,,,,,,,,,0,0,0,0,0
Nat Geo Wild,"NGW, Natgeo Wild",Lifestyle,,,Heartland Extra,Heartland Extra,Yes,Yes,,,Yes,Yes,,Yes,Yes,Core,,,,,Yes,,,,,,,,,,,,,,,,,,,,,,,,,,,,,,,,,,,,,,,,,,,,0,0,0,0,0
National Geographic,"NGC, National Geographic Channel, Natgeo, NAT GEO",Entertainment,,,,Yes,Yes,Yes,Yes,Yes,Yes,Yes,Yes,Yes,,Yes,,,,,Yes,,,,,,,,,,,,,,,,,,,,,,,,,,,,,,,,,,,,,,,,,,,,0,0,0,0,0
Nautical Channel,,Sports,,,,,,,,,,,,,,,,,Premium,,,,,,,,,,,,,,,,,,,,,,,,,,,,,,,,,,,,,,,,,,,,,,0,0,0,0,0
NBA League Pass,,Sports,,,,,NBA League Pass,NBA League Pass,NBA League Pass,NBA League Pass,NBA League Pass,NBA League Pass,NBA League Pass,NBA League Pass,,,,,,,,,,,,,,,,,,,,,,,,,,,,,,,,,,,,,,,,,,,,,,,,,,,0,0,0,0,0
NBA TV,,Sports,,,Sports Extra,Sports Extra,,,,,Yes,Yes,,Yes,,Core,Yes,,,,,,,,,,,,,,,,,,,,,,,,,,,,,,,,,,,,,,,,,,,,,,,,0,0,0,0,0
NBC,,Broadcast networks,1,,,Yes,Yes,Yes,Yes,Yes,Yes,Yes,Yes,Yes,Yes,Yes,Yes,,,,,,,,,,,,,,,,,1,,,,,,,,,,1,,,1,1,1,1,1,1,1,1,1,1,,1,,,,,,,0,0,0,0,1
NBC Sports Network,"NBCSN, NBC Sports",Sports,,,,Yes,Yes,Yes,Yes,Yes,Yes,Yes,Yes,Yes,Yes,Yes,Yes,,,,,,,,,,,,,,,,,,,,,,,,,,,,,,,,,,,,,,,,,,,,,,,,0,0,0,0,0
NBC Sports Regionals,NBC RSNs,Regional sports networks,,,,Yes,,,,,,,,,,Sports Pack,,,,,,,,,,,,,,,,,,,,,,,,,,,,,,,,,,,,,,,,,,,,,,,,,0,0,0,0,0
NDTV 24X7,,News,,,News Extra,News Extra,,,,,,,,,,,,,,,,,,,,,,,,,,,,,,,,,,,,,,,,,,,,,,,,,,,,,,,,,,,0,0,0,0,0
NECN,,News,,,,,,,,,,,,Yes,,,,,,,,,,,,,,,,,,,,,,,,,,,,,,,,,,,,,,,,,,,,,,,,,,,0,0,0,0,0
NESN National,NESN,Sports,,,,,,,,,,,,Yes,,,,,,,,,,,,,,,,,,,,,,,,,,,,,,,,,,,,,,,,,,,,,,,,,,,0,0,0,0,0
News18,News 18,News,,,News Extra,News Extra,,,,,,,,,,,,,,,,,,,,,,,,,,,,,,,,,,,,,,,,,,,,,,,,,,,,,,,,,,,0,0,0,0,0
Newsmax,NewsmaxTV,News,,,News Extra,News Extra,,,,,,,,,,,,,Premium,,,,Yes,,,,,,,,,,,,,,,,,,,,,,,,,,,,,,,,,,,,,,,,,,0,0,0,0,0
Newsy,,News,,,Yes,Yes,,,,,,,,Yes,,,Fubo Extra,,,,,,Yes,,,,,,,,,,,,,,,,,,,,,,,,,,,,,,,,,,,,,,,,,,0,0,0,0,0
NFL Network,,Sports,,,,Yes,,,,,,,,,,Core,Yes,,,,Yes,,,,,,,,,,,,,,,,,,,,,,,,,,,,,,,,,,,,,,,,,,,,0,0,0,0,0
NFL Red Zone,NFL Redzone,Sports,,,Sports Extra,Sports Extra,,,,,,,,,,Sports Pack,Sports Plus with NFL RedZone,,,,Plus,,,,,,,,,,,,,,,,,,,,,,,,,,,,,,,,,,,,,,,,,,,,0,0,0,0,0
NHL Network,,Sports,,,Sports Extra,Sports Extra,,,,,Yes,Yes,,,,Core,,,,,,,,,,,,,,,,,,,,,,,,,,,,,,,,,,,,,,,,,,,,,,,,,0,0,0,0,0
Nick Jr.,"Nick Jr, Nick Jur, NickJr",Kids and family,,Yes,Kids Extra,Yes,Yes,Yes,,Yes,Yes,Yes,Yes,,,,Yes,,,,Yes,,Yes,,,,,,,,,,,,,,,,,,,,,,,,,,,,,,,,,,,,,,,,,,0,0,0,0,0
Nick Music,,Music channels,,,,,,,,,,,,,,,,,,,,,Yes,,,,,,,,,,,,,,,,,,,,,,,,,,,,,,,,,,,,,,,,,,0,0,0,0,0
Nickelodeon,Nickelodeon/Nick At Nite,Kids and family,,Yes,,,Yes,Yes,Yes,Yes,Yes,Yes,Yes,,,,Yes,Yes,,,Yes,,Yes,,,,,,,,,,,,,,,,,,,,,,,,,,,,,,,,,,,,,,,,,,0,0,0,0,0
Nicktoons,Nick Toons,Kids and family,,Yes,Kids Extra,Kids Extra,,,,Yes,Yes,Yes,,,,,Fubo Extra,Yes,,,Plus,,Yes,,,,,,,,,,,,,,,,,,,,,,,,,,,,,,,,,,,,,,,,,,0,0,0,0,0
NTN24,NTN 24,Spanish,,,Best of Spanish,Best of Spanish,Espanol,Espanol,Espanol,Espanol,Espanol,Espanol,Yes,,,,Entretenimiento Plus,,,,,Yes,,,,,,,,,,,,,,,,,,,,,,,,,,,,,,,,,,,,,,,,,,,0,0,0,0,0
Nuestra Tele,,Spanish,,,Sudamérica Extra,Sudamérica Extra,Espanol,Espanol,Espanol,Espanol,Espanol,Espanol,Yes,,,,Fubo Latino Quarterly,,,,,Yes,,,,,,,,,,,,,,,,,,,,,,,,,,,,,,,,,,,,,,,,,,,0,0,0,0,0
OAN Encore,,Lifestyle,,,,,,,,,,,,,,,,,Yes,,,,,,,,,,,,,,,,,,,,,,,,,,,,,,,,,,,,,,,,,,,,,,0,0,0,0,0
OAN Events,,News,,,,,,,,,,,,,,,,,Yes,,,,,,,,,,,,,,,,,,,,,,,,,,,,,,,,,,,,,,,,,,,,,,0,0,0,0,0
Olympic Channel,Olympics Channel,Sports,,,Sports Extra,Sports Extra,,Yes,,,Yes,Yes,,Yes,Yes,Core,Yes,,,,,,,,,,,,,,,,,,,,,,,,,,,,,,,,,,,,,,,,,,,,,,,,0,0,0,0,0
One American News,One America News Network,News,,,,,,,Yes,Yes,Yes,Yes,,,,,,,Yes,,,,,,,,,,,,,,,,,,,,,,,,,,,,,,,,,,,,,,,,,,,,,,0,0,0,0,0
Orlando City,,Sports,,,,,,,,,,,,Yes,,,,,,,,,,,,,,,,,,,,,,,,,,,,,,,,,,,,,,,,,,,,,,,,,,,0,0,0,0,0
Outdoor Channel,Outdoor,Lifestyle,,,Heartland Extra,Heartland Extra,,,,,,,,,,,Adventure Plus,,,Yes,,,Yes,,,,,,,,,,,,,,,,,,,,,,,,,,,,,,,,,,,,,,,,,,0,0,0,0,0
Outside TV,Outside Television,Sports,,,Sports Extra,Sports Extra,,,,,,,,,,Sports Pack,Adventure Plus,,,,,,,,,,,,,,,,,,,,,,,,,,,,,,,,,,,,,,,,,,,,,,,,0,0,0,0,0
Outside TV Features,,Sports,,,Outside TV Features,Outside TV Features,,,,,,,,,,,,,,,,,,,,,,,,,,,,,,,,,,,,,,,,,,,,,,,,,,,,,,,,,,,0,0,0,0,0
Ovation,,Lifestyle,,,,,Yes,Yes,Yes,,Yes,Yes,,,,,,,,,,,,,,,,,,,,,,,,,,,,,,,,,,,,,,,,,,,,,,,,,,,,,0,0,0,0,0
Own,Oprah Winfrey Network,Lifestyle,,Yes,,,,,,Yes,Yes,Yes,,Yes,,Yes,Yes,Yes,,,Yes,,Yes,,,,,,,,,,,,,,,,,,,,,,,,,,,,,,,,,,,,,,,,,,0,0,0,0,0
Oxygen,Oxygen Network,Lifestyle,,,Lifestyle Extra,Lifestyle Extra,Yes,Yes,,,Yes,Yes,,Yes,Yes,Yes,Yes,,,,,,,,,,,,,,,,,,,,,,,,,,,,,,,,,,,,,,,,,,,,,,,,0,0,0,0,0
Pac 12 Arizona,,Sports,,,,,,,,,,,,,,,Sports Plus with NFL RedZone,,,,Plus,,,,,,,,,,,,,,,,,,,,,,,,,,,,,,,,,,,,,,,,,,,,0,0,0,0,0
Pac 12 Bay Area,,Sports,,,,,,,,,,,,,,,Sports Plus with NFL RedZone,,,,Plus,,,,,,,,,,,,,,,,,,,,,,,,,,,,,,,,,,,,,,,,,,,,0,0,0,0,0
Pac 12 Los Angeles,,Sports,,,,,,,,,,,,,,,Sports Plus with NFL RedZone,,,,Plus,,,,,,,,,,,,,,,,,,,,,,,,,,,,,,,,,,,,,,,,,,,,0,0,0,0,0
Pac 12 Mountain,,Sports,,,,,,,,,,,,,,,Sports Plus with NFL RedZone,,,,Plus,,,,,,,,,,,,,,,,,,,,,,,,,,,,,,,,,,,,,,,,,,,,0,0,0,0,0
Pac 12 Oregon,,Sports,,,,,,,,,,,,,,,Sports Plus with NFL RedZone,,,,Plus,,,,,,,,,,,,,,,,,,,,,,,,,,,,,,,,,,,,,,,,,,,,0,0,0,0,0
Pac 12 Washington,,Sports,,,,,,,,,,,,,,,Sports Plus with NFL RedZone,,,,Plus,,,,,,,,,,,,,,,,,,,,,,,,,,,,,,,,,,,,,,,,,,,,0,0,0,0,0
Pac-12 National Feed,"Pac12 National Feed, Pac-12, Pac 12 Networks",Regional sports networks,,,Sports Extra,Sports Extra,,,,,,,,,,,Yes,,,,Yes,,,,,,,,,,,,,,,,,,,,,,,,,,,,,,,,,,,,,,,,,,,,0,0,0,0,0
Pantaya,,International,,,Pantaya,Pantaya,,,,,,,,,,,,,,,,,,,,,,,,,,,,,,,,,,,,,,,,,,,,,,,,,,,,,,,,,,,0,0,0,0,0
Paramount Network,"Paramount, Paramount Network Canada",Entertainment,,Yes,Comedy Extra,Yes,,Yes,Yes,Yes,Yes,Yes,Yes,,,,Yes,,,,Yes,,Yes,,,,,,,,,,,,,,,,,,,,,,,,,,,,,,,,,,,,,,,,,,0,0,0,0,0
Pasiones,,Spanish,,,Best of Spanish,Best of Spanish,Espanol,Espanol,Espanol,Espanol,Espanol,Espanol,Yes,,,,,,,,,Yes,,,,,,,,,,,,,,,,,,,,,,,,,,,,,,,,,,,,,,,,,,,0,0,0,0,0
PBS,,Broadcast networks,,,,,,,,,,,,Yes,,,,,,,,,,,,,,,,,,,,,,,,,,,,,,,,,,,,,,,,,,,,,,,,,,,0,0,0,0,0
PBS Kids,,Kids and family,,,,,,,,,,,,Yes,,,,,,,,,,,,,,,,,,,,,,,,,,,,,,,,,,,,,,,,,,,,,,,,,,,0,0,0,0,0
People TV,PeopleTV,Lifestyle,,Yes,,,,,,,,,,,,,Fubo Extra,,,,,,,,,,,,,,,,,,,,,,,,,,,,,,,,,,,,,,,,,,,,,,,,0,0,0,0,0
Perú Mágico,,Spanish,,,,,Espanol,Espanol,Espanol,Espanol,Espanol,Espanol,Yes,,,,,,,,,,,,,,,,,,,,,,,,,,,,,,,,,,,,,,,,,,,,,,,,,,,,0,0,0,0,0
PixL,,Lifestyle,,,Heartland Extra,Heartland Extra,,,,,,,,,,,,,,Yes,,,,,,,,,,,,,,,,,,,,,,,,,,,,,,,,,,,,,,,,,,,,,0,0,0,0,0
Playstation Emerging Filmmakers Program,,Movies,,,,,,,,,,,,,,Yes,,,,,,,,,,,,,,,,,,,,,,,,,,,,,,,,,,,,,,,,,,,,,,,,,0,0,0,0,0
POP,Pop TV,Lifestyle,,,,,,,,Yes,Yes,Yes,,Yes,Yes,Core,Yes,,Premium,,,,,,,,,,,,,,,,,,,,,,,,,,,,,,,,,,,,,,,,,,,,,,0,0,0,0,0
PPV Channel,,Entertainment,,,,,,,,,,,,,,,,,Premium,,,,,,,,,,,,,,,,,,,,,,,,,,,,,,,,,,,,,,,,,,,,,,0,0,0,0,0
PS Vue Spotlight,,Entertainment,,,,,,,,,,,,,,Yes,,,,,,,,,,,,,,,,,,,,,,,,,,,,,,,,,,,,,,,,,,,,,,,,,0,0,0,0,0
Pursuit Channel,Pursuit,Lifestyle,,,Heartland Extra,Heartland Extra,,,,,,,,,,,,,Premium,,,,,,,,,,,,,,,,,,,,,,,,,,,,,,,,,,,,,,,,,,,,,,0,0,0,0,0
PX Sports,,Spanish,,,Best of Spanish,Best of Spanish,,,,,,,,,,,,,,,,,,,,,,,,,,,,,,,,,,,,,,,,,,,,,,,,,,,,,,,,,,,0,0,0,0,0
QVC,QVC Live,Lifestyle,,,,,Yes,Yes,Yes,Yes,Yes,Yes,Yes,,,,,,Premium,Yes,,,,,,,,,,,,,,,,,,,,,,,,,,,,,,,,,,,,,,,,,,,,,0,0,0,0,0
QVC 2,"QVC2, QVC Plus",Lifestyle,,,,,Yes,Yes,Yes,Yes,Yes,Yes,Yes,,,,,,Premium,,,,,,,,,,,,,,,,,,,,,,,,,,,,,,,,,,,,,,,,,,,,,,0,0,0,0,0
RAI Italia,,International,,,,,,,,,,,,,,,RAI Italia,,,,,,,,,,,,,,,,,,,,,,,,,,,,,,,,,,,,,,,,,,,,,,,,0,0,0,0,0
RCN Novelas,,Spanish,,,Sudamérica Extra,Sudamérica Extra,,,,,,,,,,,,,,,,Yes,,,,,,,,,,,,,,,,,,,,,,,,,,,,,,,,,,,,,,,,,,,0,0,0,0,0
Reelz,,Entertainment,,,Hollywood Extra,Hollywood Extra,,,Yes,Yes,Yes,Yes,,,,,,,,,,,,,,,,,,,,,,,,,,,,,,,,,,,,,,,,,,,,,,,,,,,,,0,0,0,0,0
Revolt,,Music channels,,Yes,Comedy Extra,Comedy Extra,Yes,Yes,,,Yes,Yes,,,,,Fubo Extra,Yes,,,,,,,,,,,,,,,,,,,,,,,,,,,,,,,,,,,,,,,,,,,,,,,0,0,0,0,0
RFD-TV,RFDTV,Lifestyle,,,Heartland Extra,Heartland Extra,,,Yes,Yes,Yes,Yes,,,,,,,,,,,,,,,,,,,,,,,,,,,,,,,,,,,,,,,,,,,,,,,,,,,,,0,0,0,0,0
Ride TV,,Lifestyle,,,Heartland Extra,Heartland Extra,,,,,,,,,,,,,,,,,,,,,,,,,,,,,,,,,,,,,,,,,,,,,,,,,,,,,,,,,,,0,0,0,0,0
RMS Canal,,Spanish,,,,,,,,,,,,,,,,,,,,Latino MAS,,,,,,,,,,,,,,,,,,,,,,,,,,,,,,,,,,,,,,,,,,,0,0,0,0,0
RT America,,News,,,News Extra,News Extra,,,,,,,,,,,,,Yes,,,,,,,,,,,,,,,,,,,,,,,,,,,,,,,,,,,,,,,,,,,,,,0,0,0,0,0
RT Documentary,,Entertainment,,,,,,,,,,,,,,,,,Yes,,,,,,,,,,,,,,,,,,,,,,,,,,,,,,,,,,,,,,,,,,,,,,0,0,0,0,0
RT Espanol,,Spanish,,,,,,,,,,,,,,,,,Yes,,,,,,,,,,,,,,,,,,,,,,,,,,,,,,,,,,,,,,,,,,,,,,0,0,0,0,0
RTP Internacional,RTPI,International,,,,,,,,,,,,,,,Portuguese Plus,,,,,,,,,,,,,,,,,,,,,,,,,,,,,,,,,,,,,,,,,,,,,,,,0,0,0,0,0
Science,Science Channel,Lifestyle,,Yes,News Extra,News Extra,,,,Yes,Yes,Yes,,,Entertainment,Elite,Fubo Extra,,,,Yes,,Yes,,,,,,,,,,,,,,,,,,,,,,,,,,,,,,,,,,,,,,,,,,0,0,0,0,0
SEC Network,"SEC, SEC ESPN Network",Regional sports networks,,,Sports Extra,Sports Extra,,Yes,,Yes,Yes,Yes,,Yes,Yes,Core,,,,,Yes,,,,,,,,,,,,,,,,,,,,,,,,,,,,,,,,,,,,,,,,,,,,0,0,0,0,0
SEC Network+,,Sports,,,Sports Extra,Sports Extra,,,,,,,,,,,,,,,,,,,,,,,,,,,,,,,,,,,,,,,,,,,,,,,,,,,,,,,,,,,0,0,0,0,0
Showtime,,Premium movies,,,Showtime,Showtime,Showtime,Showtime,Showtime,Showtime,Showtime,Showtime,Showtime,Showtime,Showtime,Showtime,,Showtime,,,,,,,,,,,,,,,,,,,,,,,,,,,,,,,,,,,,,,,,,,,,,,,0,0,0,0,0
Showtime 2,,Premium movies,,,Showtime,Showtime,,,,,,,,,,,SHOWTIME®,,,,,,,,,,,,,,,,,,,,,,,,,,,,,,,,,,,,,,,,,,,,,,,,0,0,0,0,0
Showtime Beyond,,Premium movies,,,Showtime,Showtime,,,,,,,,,,,SHOWTIME®,,,,,,,,,,,,,,,,,,,,,,,,,,,,,,,,,,,,,,,,,,,,,,,,0,0,0,0,0
Showtime Brand,,Premium movies,,,,,,,,,,,,,,,SHOWTIME®,,,,,,,,,,,,,,,,,,,,,,,,,,,,,,,,,,,,,,,,,,,,,,,,0,0,0,0,0
Showtime Exetreme,Showtime Extreme,Premium movies,,,Showtime,Showtime,,,,,,,,,,,SHOWTIME®,,,,,,,,,,,,,,,,,,,,,,,,,,,,,,,,,,,,,,,,,,,,,,,,0,0,0,0,0
Showtime Family,,Premium movies,,,Showtime,Showtime,,,,,,,,,,,SHOWTIME®,,,,,,,,,,,,,,,,,,,,,,,,,,,,,,,,,,,,,,,,,,,,,,,,0,0,0,0,0
Showtime Next,,Premium movies,,,Showtime,Showtime,,,,,,,,,,,SHOWTIME®,,,,,,,,,,,,,,,,,,,,,,,,,,,,,,,,,,,,,,,,,,,,,,,,0,0,0,0,0
Showtime Showcase,,Premium movies,,,Showtime,Showtime,,,,,,,,,,,SHOWTIME®,,,,,,,,,,,,,,,,,,,,,,,,,,,,,,,,,,,,,,,,,,,,,,,,0,0,0,0,0
Showtime West,,Premium movies,,,Showtime,Showtime,,,,,,,,,,,SHOWTIME®,,,,,,,,,,,,,,,,,,,,,,,,,,,,,,,,,,,,,,,,,,,,,,,,0,0,0,0,0
Showtime Women,,Premium movies,,,Showtime,Showtime,,,,,,,,,,,SHOWTIME®,,,,,,,,,,,,,,,,,,,,,,,,,,,,,,,,,,,,,,,,,,,,,,,,0,0,0,0,0
Shudder,,Movies,,,,,,,,,,,,Shudder,,,,,,,,,,,,,,,,,,,,,,,,,,,,,,,,,,,,,,,,,,,,,,,,,,,0,0,0,0,0
Sling: 4 for $10 Deal,,Addon,,,4 for $10 Deal,4 for $10 Deal,,,,,,,,,,,,,,,,,,,,,,,,,,,,,,,,,,,,,,,,,,,,,,,,,,,,,,,,,,,0,0,0,0,0
Sling: Cloud DVR,,Addon,,,Cloud DVR,Cloud DVR,,,,,,,,,,,,,,,,,,,,,,,,,,,,,,,,,,,,,,,,,,,,,,,,,,,,,,,,,,,0,0,0,0,0
Sling: Total TV Deal,,Addon,,,Total TV Deal,Total TV Deal,,,,,,,,,,,,,,,,,,,,,,,,,,,,,,,,,,,,,,,,,,,,,,,,,,,,,,,,,,,0,0,0,0,0
Smithsonian,Smithsonian Channel,Lifestyle,,,,,,,,,,,,Yes,Yes,Core,Yes,,,,,,,,,,,,,,,,,,,,,,,,,,,,,,,,,,,,,,,,,,,,,,,,0,0,0,0,0
SNY,SportsNet New York,Regional sports networks,,,,,,,,,,,,Yes,,,,,,,,,,,,,,,,,,,,,,,,,,,,,,,,,,,,,,,,,,,,,,,,,,,0,0,0,0,0
Sony Movie Channel,,Movies,,,,,,,,,,,,,,Elite,Fubo Extra,,Premium,,,,,,,,,,,,,,,,,,,,,,,,,,,,,,,,,,,,,,,,,,,,,,0,0,0,0,0
Sportsman Channel,,Sports,,,Heartland Extra,Heartland Extra,,,,,Yes,Yes,,,,,Adventure Plus,,,Yes,,,,,,,,,,,,,,,,,,,,,,,,,,,,,,,,,,,,,,,,,,,,,0,0,0,0,0
Stadium,,Sports,,,Yes,Yes,,,,,,,,,,Elite,Fubo Extra,,,,Yes,,,,,,,,,,,,,,,,,,,,,,,,,,,,,,,,,,,,,,,,,,,,0,0,0,0,0
Stadium 1,,Sports,,,,,,,,,,,,,,Sports Pack,Fubo Extra,,,,,,,,,,,,,,,,,,,,,,,,,,,,,,,,,,,,,,,,,,,,,,,,0,0,0,0,0
Stadium 2,,Sports,,,,,,,,,,,,,,Sports Pack,Fubo Extra,,,,,,,,,,,,,,,,,,,,,,,,,,,,,,,,,,,,,,,,,,,,,,,,0,0,0,0,0
Stadium 3,,Sports,,,,,,,,,,,,,,Sports Pack,Fubo Extra,,,,,,,,,,,,,,,,,,,,,,,,,,,,,,,,,,,,,,,,,,,,,,,,0,0,0,0,0
Start TV,StartTV,Entertainment,,,,,,,,,,,,Yes,,Yes,,,,,,,,,,,,,,,,,,,,,,,,,,,,,,,,,,,,,,,,,,,,,,,,,0,0,0,0,0
Starz,,Premium movies,,,Starz,Starz,Starz,Starz,Starz,Starz,Starz,Starz,Starz,Starz,Starz,,,Starz,,,,,,,,,,,,,,,,,,,,,,,,,,,,,,,,,,,,,,,,,,,,,,,0,0,0,0,0
Starz Comedy,,Premium movies,,,Starz,Starz,,,,,,,,,,,,,,,,,,,,,,,,,,,,,,,,,,,,,,,,,,,,,,,,,,,,,,,,,,,0,0,0,0,0
Starz Edge,,Premium movies,,,Starz,Starz,,,,,,,,,,,,,,,,,,,,,,,,,,,,,,,,,,,,,,,,,,,,,,,,,,,,,,,,,,,0,0,0,0,0
Starz Encore,,Premium movies,,,Starz,Starz,,,,,,,,,,,,Starz,,,,,,,,,,,,,,,,,,,,,,,,,,,,,,,,,,,,,,,,,,,,,,,0,0,0,0,0
STARZ ENCORE Action,,Premium movies,,,,,,,,,,Yes,,,,,,,,,,,,,,,,,,,,,,,,,,,,,,,,,,,,,,,,,,,,,,,,,,,,,0,0,0,0,0
STARZ ENCORE Black,,Premium movies,,,,,,,,,,Yes,,,,,,,,,,,,,,,,,,,,,,,,,,,,,,,,,,,,,,,,,,,,,,,,,,,,,0,0,0,0,0
STARZ ENCORE Classic,,Premium movies,,,,,,,,,,Yes,,,,,,,,,,,,,,,,,,,,,,,,,,,,,,,,,,,,,,,,,,,,,,,,,,,,,0,0,0,0,0
STARZ ENCORE East,,Premium movies,,,,,,,,,,Yes,,,,,,,,,,,,,,,,,,,,,,,,,,,,,,,,,,,,,,,,,,,,,,,,,,,,,0,0,0,0,0
STARZ ENCORE Family,,Premium movies,,,,,,,,,,Yes,,,,,,,,,,,,,,,,,,,,,,,,,,,,,,,,,,,,,,,,,,,,,,,,,,,,,0,0,0,0,0
STARZ ENCORE Suspense,,Premium movies,,,,,,,,,,Yes,,,,,,,,,,,,,,,,,,,,,,,,,,,,,,,,,,,,,,,,,,,,,,,,,,,,,0,0,0,0,0
STARZ ENCORE West,,Premium movies,,,,,,,,,,Yes,,,,,,,,,,,,,,,,,,,,,,,,,,,,,,,,,,,,,,,,,,,,,,,,,,,,,0,0,0,0,0
STARZ ENCORE Westerns,,Premium movies,,,,,,,,,,Yes,,,,,,,,,,,,,,,,,,,,,,,,,,,,,,,,,,,,,,,,,,,,,,,,,,,,,0,0,0,0,0
Starz Kids & Family,,Premium movies,,,Starz,Starz,,,,,,,,,,,,Starz,,,,,,,,,,,,,,,,,,,,,,,,,,,,,,,,,,,,,,,,,,,,,,,0,0,0,0,0
Starz West,,Premium movies,,,Starz,Starz,,,,,,,,,,,,,,,,,,,,,,,,,,,,,,,,,,,,,,,,,,,,,,,,,,,,,,,,,,,0,0,0,0,0
Stingray Karaoke,,Music channels,,,Stingray Karaoke,Stingray Karaoke,,,,,,,,,,,,,,,,,,,,,,,,,,,,,,,,,,,,,,,,,,,,,,,,,,,,,,,,,,,0,0,0,0,0
Stingray Music,,Music channels,,,,,,,,,,,,,,,,,Premium,,,,,,,,,,,,,,,,,,,,,,,,,,,,,,,,,,,,,,,,,,,,,,0,0,0,0,0
Stingray Qello,,Music channels,,,Stingray Qello,Stingray Qello,,,,,,,,,,,,,,,,,,,,,,,,,,,,,,,,,,,,,,,,,,,,,,,,,,,,,,,,,,,0,0,0,0,0
Sundance Now,,Movies,,,,,,,,,,,,Sundance Now,,,,,,,,,,,,,,,,,,,,,,,,,,,,,,,,,,,,,,,,,,,,,,,,,,,0,0,0,0,0
Sundance TV,"Sundance, SundanceTV",Entertainment,,Yes,Hollywood Extra,Hollywood Extra,,,,Yes,Yes,Yes,,Yes,,Core,Yes,Yes,,,,,,,,,,,,,,,,,,,,,,,,,,,,,,,,,,,,,,,,,,,,,,,0,0,0,0,0
Supercanal Caribe,,International,,,Caribe Extra,Caribe Extra,,,,,,,,,,,,,,,,,,,,,,,,,,,,,,,,,,,,,,,,,,,,,,,,,,,,,,,,,,,0,0,0,0,0
Sur Perú,,Spanish,,,,,Espanol,Espanol,Espanol,Espanol,Espanol,Espanol,Yes,,,,,,,,,,,,,,,,,,,,,,,,,,,,,,,,,,,,,,,,,,,,,,,,,,,,0,0,0,0,0
Syfy,,Entertainment,,,,Yes,Yes,Yes,Yes,Yes,Yes,Yes,,Yes,Yes,Yes,Yes,,,,,,,,,,,,,,,,,,,,,,,,,,,,,,,,,,,,,,,,,,,,,,,,0,0,0,0,0
Tastemade,,Lifestyle,,Yes,,,,,,,,,,Yes,,Core,,,,,,,,,,,,,,,,,,,,,,,,,,,,,,,,,,,,,,,,,,,,,,,,,0,0,0,0,0
TBS,,Entertainment,,,Yes,Yes,Yes,Yes,Yes,Yes,Yes,Yes,Yes,Yes,Yes,Yes,Yes,Yes,,,,,,,,,,,,,,,,,,,,,,,,,,,,,,,,,,,,,,,,,,,,,,,0,0,0,0,0
Teen Music,,Kids and family,,,,,,,,,,,,,,,Fubo Extra,,,,,,,,,,,,,,,,,,,,,,,,,,,,,,,,,,,,,,,,,,,,,,,,0,0,0,0,0
Teen Nick,Teennick,Kids and family,,Yes,Kids Extra,Kids Extra,,,Yes,Yes,Yes,Yes,,,,,Fubo Extra,Yes,,,Yes,,Yes,,,,,,,,,,,,,,,,,,,,,,,,,,,,,,,,,,,,,,,,,,0,0,0,0,0
Tele El Salvador,,International,,,Centroamérica Extra,Centroamérica Extra,,,,,,,,,,,,,,,,,,,,,,,,,,,,,,,,,,,,,,,,,,,,,,,,,,,,,,,,,,,0,0,0,0,0
Telecentro,,Spanish,,,,,Espanol,Espanol,Espanol,Espanol,Espanol,Espanol,Yes,,,,,,,,,,,,,,,,,,,,,,,,,,,,,,,,,,,,,,,,,,,,,,,,,,,,0,0,0,0,0
Telefe,Telefe Internacional,Spanish,,,Sudamérica Extra,Sudamérica Extra,Espanol,Espanol,Espanol,Espanol,Espanol,Espanol,Yes,,,,Fubo Latino Quarterly,,,,,Yes,,,,,,,,,,,,,,,,,,,,,,,,,,,,,,,,,,,,,,,,,,,0,0,0,0,0
Teleformula,,Spanish,,,,,,,,,,,,,,,,,,,,Yes,,,,,,,,,,,,,,,,,,,,,,,,,,,,,,,,,,,,,,,,,,,0,0,0,0,0
TeleFórmula,,Spanish,,,México Extra,México Extra,,,,,,,,,,,,,,,,,,,,,,,,,,,,,,,,,,,,,,,,,,,,,,,,,,,,,,,,,,,0,0,0,0,0
Telehit,,Spanish,,,,,,,,,,,,,,,Entretenimiento Plus,,,,,,,,,,,,,,,,,,,,,,,,,,,,,,,,,,,,,,,,,,,,,,,,0,0,0,0,0
Telehit Urbano,RITMOSON,Spanish,,,,,,,,,,,,,,,Entretenimiento Plus,,,,,,,,,,,,,,,,,,,,,,,,,,,,,,,,,,,,,,,,,,,,,,,,0,0,0,0,0
Telemicro,,International,,,Caribe Extra,Caribe Extra,,,,,,,,,,,,,,,,,,,,,,,,,,,,,,,,,,,,,,,,,,,,,,,,,,,,,,,,,,,0,0,0,0,0
Telemundo,,Spanish,,,,,Yes,Yes,Yes,Yes,Yes,Yes,Yes,Yes,Yes,Yes,,,,,,,,,,,,,,,,,,,,,,,,,,,,,,,,,,,,,,,,,,,,,,,,,0,0,0,0,0
Teleritmo,,Spanish,,,México Extra,México Extra,,,,,,,,,,,,,,,,,,,,,,,,,,,,,,,,,,,,,,,,,,,,,,,,,,,,,,,,,,,0,0,0,0,0
Teleuniverso,,International,,,Caribe Extra,Caribe Extra,,,,,,,,,,,,,,,,,,,,,,,,,,,,,,,,,,,,,,,,,,,,,,,,,,,,,,,,,,,0,0,0,0,0
Tennis Channel,Tennis,Sports,,,Sports Extra,Sports Extra,,Yes,,Yes,Yes,Yes,,Yes,,Core,Fubo Extra,,,,,,,,,,,,,,,,,,,,,,,,,,,,,,,,,,,,,,,,,,,,,,,,0,0,0,0,0
The Blaze,"TheBlaze, Blaze TV",News,,,,,,,,,,,,,,,,,Premium,,,,,,,,,,,,,,,,,,,,,,,,,,,,,,,,,,,,,,,,,,,,,,0,0,0,0,0
The Country Network,CountryTV,Music channels,,,The Country Network,The Country Network,,,,,,,,,,,,,Premium,,,,,,,,,,,,,,,,,,,,,,,,,,,,,,,,,,,,,,,,,,,,,,0,0,0,0,0
The Cowboy Channel,,Sports,,,Heartland Extra,Heartland Extra,,,,,,,,,,,,,,,,,,,,,,,,,,,,,,,,,,,,,,,,,,,,,,,,,,,,,,,,,,,0,0,0,0,0
The Young Turks,"TYT, TYT Network",News,,,,,,,,,,,,Yes,,,,,,,,,,,,,,,,,,,,,,,,,,,,,,,,,,,,,,,,,,,,,,,,,,,0,0,0,0,0
TLC,TLC (East & West),Lifestyle,,Yes,,Yes,,,Yes,Yes,Yes,Yes,,Yes,Yes,Yes,Yes,Yes,,,Yes,,Yes,,,,,,,,,,,,,,,,,,,,,,,,,,,,,,,,,,,,,,,,,,0,0,0,0,0
Tlnovelas,,Spanish,,,,,,,,,,,,,,,Entretenimiento Plus,,,,,,,,,,,,,,,,,,,,,,,,,,,,,,,,,,,,,,,,,,,,,,,,0,0,0,0,0
TNT,,Entertainment,,,Yes,Yes,Yes,Yes,Yes,Yes,Yes,Yes,Yes,Yes,Yes,Yes,Yes,Yes,,,,,,,,,,,,,,,,,,,,,,,,,,,,,,,,,,,,,,,,,,,,,,,0,0,0,0,0
Todo Noticias,,Spanish,,,Sudamérica Extra,Sudamérica Extra,,,,,,,,,,,,,,,,,,,,,,,,,,,,,,,,,,,,,,,,,,,,,,,,,,,,,,,,,,,0,0,0,0,0
Tr3S,,Spanish,,,,,Espanol,Espanol,Espanol,Espanol,Espanol,Espanol,Yes,,,,Fubo Latino Quarterly,,,,,,,,,,,,,,,,,,,,,,,,,,,,,,,,,,,,,,,,,,,,,,,,0,0,0,0,0
Travel Channel,Travel Network,Lifestyle,,Yes,Yes,Yes,,,,Yes,Yes,Yes,,Yes,Yes,Yes,Yes,,,,Yes,,Yes,,,,,,,,,,,,,,,,,,,,,,,,,,,,,,,,,,,,,,,,,,0,0,0,0,0
TruTV,Tru TV,Entertainment,,,Comedy Extra,Yes,Yes,Yes,Yes,Yes,Yes,Yes,,Yes,Yes,Yes,Yes,Yes,,,,,,,,,,,,,,,,,,,,,,,,,,,,,,,,,,,,,,,,,,,,,,,0,0,0,0,0
TUDN,"Univision Deportes, Univision Deportes Network",Spanish,,,,,Desportes,Desportes,Desportes,Desportes,Desportes,Yes,Yes,,,,Yes,,,,,,,,,,,,,,,,,,,,,,,,,,,,,,,,,,,,,,,,,,,,,,,,0,0,0,0,0
TUDNxtra1,TUDNxtra1n,Spanish,,,,,,,,,,,,,,,Yes,,,,,,,,,,,,,,,,,,,,,,,,,,,,,,,,,,,,,,,,,,,,,,,,0,0,0,0,0
TUDNxtra10,TUDNxtra10n,Spanish,,,,,,,,,,,,,,,Yes,,,,,,,,,,,,,,,,,,,,,,,,,,,,,,,,,,,,,,,,,,,,,,,,0,0,0,0,0
TUDNxtra11,TUDNxtra11n,Spanish,,,,,,,,,,,,,,,Yes,,,,,,,,,,,,,,,,,,,,,,,,,,,,,,,,,,,,,,,,,,,,,,,,0,0,0,0,0
TUDNxtra2,TUDNxtra2n,Spanish,,,,,,,,,,,,,,,Yes,,,,,,,,,,,,,,,,,,,,,,,,,,,,,,,,,,,,,,,,,,,,,,,,0,0,0,0,0
TUDNxtra3,TUDNxtra3n,Spanish,,,,,,,,,,,,,,,Yes,,,,,,,,,,,,,,,,,,,,,,,,,,,,,,,,,,,,,,,,,,,,,,,,0,0,0,0,0
TUDNxtra4,TUDNxtra4n,Spanish,,,,,,,,,,,,,,,Yes,,,,,,,,,,,,,,,,,,,,,,,,,,,,,,,,,,,,,,,,,,,,,,,,0,0,0,0,0
TUDNxtra5,TUDNxtra5n,Spanish,,,,,,,,,,,,,,,Yes,,,,,,,,,,,,,,,,,,,,,,,,,,,,,,,,,,,,,,,,,,,,,,,,0,0,0,0,0
TUDNxtra6,TUDNxtra6n,Spanish,,,,,,,,,,,,,,,Yes,,,,,,,,,,,,,,,,,,,,,,,,,,,,,,,,,,,,,,,,,,,,,,,,0,0,0,0,0
TUDNxtra7,TUDNxtra7n,Spanish,,,,,,,,,,,,,,,Yes,,,,,,,,,,,,,,,,,,,,,,,,,,,,,,,,,,,,,,,,,,,,,,,,0,0,0,0,0
TUDNxtra8,TUDNxtra8n,Spanish,,,,,,,,,,,,,,,Yes,,,,,,,,,,,,,,,,,,,,,,,,,,,,,,,,,,,,,,,,,,,,,,,,0,0,0,0,0
TUDNxtra9,TUDNxtra9n,Spanish,,,,,,,,,,,,,,,Yes,,,,,,,,,,,,,,,,,,,,,,,,,,,,,,,,,,,,,,,,,,,,,,,,0,0,0,0,0
Turner Classic Movies,TCM,Movies,,,Hollywood Extra,Hollywood Extra,Yes,Yes,Yes,Yes,Yes,Yes,,Yes,Yes,Core,Yes,Yes,,,,,,,,,,,,,,,,,,,,,,,,,,,,,,,,,,,,,,,,,,,,,,,0,0,0,0,0
TV Chile,,Spanish,,,,,Espanol,Espanol,Espanol,Espanol,Espanol,Espanol,Yes,,,,,,,,,,,,,,,,,,,,,,,,,,,,,,,,,,,,,,,,,,,,,,,,,,,,0,0,0,0,0
TV Dominicana,,Spanish,,,,,,,,,,,,,,,,,,,,Yes,,,,,,,,,,,,,,,,,,,,,,,,,,,,,,,,,,,,,,,,,,,0,0,0,0,0
TV Española Internacional,,Spanish,,,España Extra,España Extra,,,,,,,,,,,,,,,,,,,,,,,,,,,,,,,,,,,,,,,,,,,,,,,,,,,,,,,,,,,0,0,0,0,0
TV Land,,Kids and family,,Yes,Comedy Extra,Comedy Extra,,Yes,Yes,Yes,Yes,Yes,,,,,Yes,Yes,,,Yes,,Yes,,,,,,,,,,,,,,,,,,,,,,,,,,,,,,,,,,,,,,,,,,0,0,0,0,0
TV One,,Lifestyle,,,,,,,,Yes,Yes,Yes,,,,,,,,,,,,,,,,,,,,,,,,,,,,,,,,,,,,,,,,,,,,,,,,,,,,,0,0,0,0,0
TV Quisqueya,,International,,,Caribe Extra,Caribe Extra,,,,,,,,,,,,,,,,,,,,,,,,,,,,,,,,,,,,,,,,,,,,,,,,,,,,,,,,,,,0,0,0,0,0
TV Venezuela,,Spanish,,,Sudamérica Extra,Sudamérica Extra,,,,,,,,,,,,,,,,,,,,,,,,,,,,,,,,,,,,,,,,,,,,,,,,,,,,,,,,,,,0,0,0,0,0
TVe,,Spanish,,,,,Espanol,Espanol,Espanol,Espanol,Espanol,Espanol,Yes,,,,,,,,,,,,,,,,,,,,,,,,,,,,,,,,,,,,,,,,,,,,,,,,,,,,0,0,0,0,0
TVG,,Sports,,,,,,,,,Yes,Yes,,,,,Yes,,Premium,,,,,,,,,,,,,,,,,,,,,,,,,,,,,,,,,,,,,,,,,,,,,,0,0,0,0,0
TVG2,,Sports,,,,,,,,,,,,,,,Sports Plus with NFL RedZone,,Premium,,,,,,,,,,,,,,,,,,,,,,,,,,,,,,,,,,,,,,,,,,,,,,0,0,0,0,0
Ty C TV,Tyc Sports,Sports,,,Sudamérica Extra,Sudamérica Extra,Desportes,Desportes,Desportes,Desportes,Desportes,Desportes,Yes,,,,Sports Plus with NFL RedZone,,,,,Yes,,,,,,,,,,,,,,,,,,,,,,,,,,,,,,,,,,,,,,,,,,,0,0,0,0,0
Unimas,Unimás,Spanish,,,,,Espanol,Espanol,Espanol,Yes,Yes,Yes,Yes,,,,Yes,,,,,,,,,,,,,,,,,,,,,,,,,,,,,,,,,,,,,,,,,,,,,,,,0,0,0,0,0
Universal Kids,,Kids and family,,,,,Yes,Yes,,,Yes,Yes,,Yes,Yes,Elite,Yes,,,,,,,,,,,,,,,,,,,,,,,,,,,,,,,,,,,,,,,,,,,,,,,,0,0,0,0,0
Universo,NBC Universo,Spanish,,,Best of Spanish,Best of Spanish,Espanol,Espanol,Espanol,Espanol,Yes,Yes,Yes,Yes,Espanol,Espanol Pack,Yes,,,,,,,,,,,,,,,,,,,,,,,,,,,,,,,,,,,,,,,,,,,,,,,,0,0,0,0,0
Univision,,Spanish,,,,,Espanol,Espanol,Yes,Yes,Yes,Yes,Yes,,,,Yes,,,,,,,,,,,,,,,,,,,,,,,,,,,,,,,,,,,,,,,,,,,,,,,,0,0,0,0,0
Univision Tlnovelas,,Spanish,,,,,Espanol,Espanol,Espanol,Espanol,Espanol,Espanol,Yes,,,,,,,,,,,,,,,,,,,,,,,,,,,,,,,,,,,,,,,,,,,,,,,,,,,,0,0,0,0,0
Up,"UpTV, Up Faith & Family, Up Faith and Family",Kids and family,,Yes,UP Faith & Family,UP Faith & Family,,,,Yes,Yes,Yes,Yes,,,,,,,Yes,Yes,,,,,,,,,,,,,,,,,,,,,,,,,,,,,,,,,,,,,,,,,,,,0,0,0,0,0
Urban Movie Channel,UMC,Movies,,,,,,,,,,,,Urban Movie Channel,,,,,,,,,,,,,,,,,,,,,,,,,,,,,,,,,,,,,,,,,,,,,,,,,,,0,0,0,0,0
USA Network,USA,Entertainment,,,,Yes,Yes,Yes,Yes,Yes,Yes,Yes,Yes,Yes,Yes,Yes,Yes,,,,,,,,,,,,,,,,,,,,,,,,,,,,,,,,,,,,,,,,,,,,,,,,0,0,0,0,0
Ve Plus TV,"Venevisión, VePlus",Spanish,,,,,Espanol,Espanol,Espanol,Espanol,Espanol,Espanol,Yes,,,,,,,,,,,,,,,,,,,,,,,,,,,,,,,,,,,,,,,,,,,,,,,,,,,,0,0,0,0,0
VH1,VH 1,Entertainment,,Yes,Lifestyle Extra,Lifestyle Extra,Yes,Yes,Yes,Yes,Yes,Yes,Yes,,,,Yes,Yes,,,Yes,,Yes,,,,,,,,,,,,,,,,,,,,,,,,,,,,,,,,,,,,,,,,,,0,0,0,0,0
Viceland,Vice,Lifestyle,,Yes,Yes,Yes,,,Yes,Yes,Yes,Yes,Yes,,Yes,,Yes,Yes,,,Yes,,Yes,,,,,,,,,,,,,,,,,,,,,,,,,,,,,,,,,,,,,,,,,,0,0,0,0,0
Videorola,Video Rola,Spanish,,,México Extra,México Extra,Espanol,Espanol,Espanol,Espanol,Espanol,Espanol,Yes,,,,,,,,,Yes,,,,,,,,,,,,,,,,,,,,,,,,,,,,,,,,,,,,,,,,,,,0,0,0,0,0
Viendomovies,,Spanish,,,,,Espanol,Espanol,Espanol,Espanol,Espanol,Espanol,Yes,,,,,,,,,,,,,,,,,,,,,,,,,,,,,,,,,,,,,,,,,,,,,,,,,,,,0,0,0,0,0
VME,,Spanish,,,,,Espanol,Espanol,Espanol,Espanol,Espanol,Espanol,Yes,,,,,,,,,,,,,,,,,,,,,,,,,,,,,,,,,,,,,,,,,,,,,,,,,,,,0,0,0,0,0
Vme Kids,,Spanish,,,Best of Spanish,Best of Spanish,,,,,,,,,,,,,,,,,,,,,,,,,,,,,,,,,,,,,,,,,,,,,,,,,,,,,,,,,,,0,0,0,0,0
VSIN,,Sports,,,VSIN,VSIN,,,,,,,,,,,Sports Plus with NFL RedZone,,,,,,,,,,,,,,,,,,,,,,,,,,,,,,,,,,,,,,,,,,,,,,,,0,0,0,0,0
WAPA America,Wapa América,International,,,Caribe Extra,Caribe Extra,Espanol,Espanol,Espanol,Espanol,Espanol,Espanol,Yes,,,,,,,,,Yes,,,,,,,,,,,,,,,,,,,,,,,,,,,,,,,,,,,,,,,,,,,0,0,0,0,0
Warriors & Gangsters,,Entertainment,,,Warriors & Gangsters,Warriors & Gangsters,,,,,,,,,,,,,,,,,,,,,,,,,,,,,,,,,,,,,,,,,,,,,,,,,,,,,,,,,,,0,0,0,0,0
Watch NFL,,Sports,,,,,,,,,,,,,,,,,,,,,,,,,,,,,,,,,,,,,,,,,,,,,,,,,,,,,,,,,,,,,,,0,0,0,0,0
We TV,WeTV,Lifestyle,,Yes,Lifestyle Extra,Lifestyle Extra,,,Yes,Yes,Yes,Yes,,Yes,,Yes,Yes,Yes,,,,,Yes,,,,,,,,,,,,,,,,,,,,,,,,,,,,,,,,,,,,,,,,,,0,0,0,0,0
Weather Channel,The Weather Channel,News,,,,,,,,Yes,Yes,Yes,Yes,,,,Yes,,,Yes,,,Yes,,,,,,,,,,,,,,,,,,,,,,,,,,,,,,,,,,,,,,,,,,0,0,0,0,0
Weather Nation,,News,,,News Extra,News Extra,,,,,,,,,,,,,,,,,,,,,,,,,,,,,,,,,,,,,,,,,,,,,,,,,,,,,,,,,,,0,0,0,0,0
Willow,,Sports,,,,,,,,,,,,,,,,,,,,,,,,,,,,,,,,,,,,,,,,,,,,,,,,,,,,,,,,,,,,,,,0,0,0,0,0
World Fishing Network,WFN,Sports,,,Heartland Extra,Heartland Extra,,,,,,,,,,,Adventure Plus,,,Yes,,,,,,,,,,,,,,,,,,,,,,,,,,,,,,,,,,,,,,,,,,,,,0,0,0,0,0
Yes Network,Yes,Regional sports networks,,,,,,Yes,,,,,,Yes,,,,,,,,,,,,,,,,,,,,,,,,,,,,,,,,,,,,,,,,,,,,,,,,,,,0,0,0,0,0
Youtube Originals,,Entertainment,,,,,,,,,,,,Yes,,,,,,,,,,,,,,,,,,,,,,,,,,,,,,,,,,,,,,,,,,,,,,,,,,,0,0,0,0,0
Z Living Hd,,Lifestyle,,,Lifestyle Extra,Lifestyle Extra,,,,,,,,,,,,,,,,,,,,,,,,,,,,,,,,,,,,,,,,,,,,,,,,,,,,,,,,,,,0,0,0,0,0
Zee Familia,,Spanish,,,Best of Spanish,Best of Spanish,,,,,,,,,,,,,,,,,,,,,,,,,,,,,,,,,,,,,,,,,,,,,,,,,,,,,,,,,,,0,0,0,0,0
Zee Mundo,,Spanish,,,Best of Spanish,Best of Spanish,,,,,,,,,,,,,,,,,,,,,,,,,,,,,,,,,,,,,,,,,,,,,,,,,,,,,,,,,,,0,0,0,0,0
Zona Futbol New,,Sports,,,,,,,,,,,,,,,Fubo Extra,,,,,,,,,,,,,,,,,,,,,,,,,,,,,,,,,,,,,,,,,,,,,,,,0,0,0,0,0
Zoomoo,,Spanish,,,,,Espanol,Espanol,Espanol,Espanol,Espanol,Espanol,Yes,,,,,,,,,,,,,,,,,,,,,,,,,,,,,,,,,,,,,,,,,,,,,,,,,,,,0,0,0,0,0
