Network,Aliases,Category,Marked,Philo,Sling Orange,Sling Blue,Sling Orange + Blue,AT&T TV Entertainment,AT&T TV Choice,AT&T TV Ultimate,AT&T TV Premier,YouTube TV,Hulu with Live TV,Fubo TV,KlowdTV,Frndly TV,Vidgo,Tvision Live TV,Tvision Live TV+,Tvision Live Zone,Tvision Vibe,Placeholder4,Placeholder5,Placeholder6,Placeholder7,Spectrum TV Essentials,Philo Chosen,Sling Orange Chosen,Sling Blue Chosen,Sling Orange + Blue Chosen,AT&T TV Entertainment Chosen,AT&T TV Choice Chosen,AT&T TV Ultimate Chosen,AT&T TV Premier Chosen,YouTube TV Chosen,Hulu with Live TV Chosen,Fubo TV Chosen,KlowdTV Chosen,Frndly TV Chosen,Vidgo Chosen,Tvision Live TV Chosen,Tvision Live TV+ Chosen,Tvision Live Zone Chosen,Tvision Vibe Chosen,Placeholder4 Chosen,Placeholder5 Chosen,Placeholder6 Chosen,Placeholder7 Chosen,Spectrum TV Essentials Chosen,Network Chosen,Philo qualify,Sling Orange qualify,Sling Blue qualify,Sling Orange + Blue qualify,AT&T TV Entertainment qualify,AT&T TV Choice qualify,AT&T TV Ultimate qualify,AT&T TV Premier qualify,YouTube TV qualify,Hulu with Live TV qualify,Fubo TV qualify,KlowdTV qualify,Frndly TV qualify,Vidgo qualify,Tvision Live TV qualify,Tvision Live TV+ qualify,Tvision Live Zone qualify,Tvision Vibe qualify,Placeholder4 qualify,Placeholder5 qualify,Placeholder6 qualify,Placeholder7 qualify,Spectrum TV Essentials qualify,Highlight Network,Highlight Service,Highlight Result A,Highlight Result B,User Mark
[DVR],,Addon,1,Yes,Yes,Yes,Yes,Yes,Yes,Yes,Yes,Yes,Yes,Yes,,,,Yes,Yes,Yes,,,,,,,1,,,,,,,,1,,,,,,,,,,,,,,,1,1,1,1,1,1,1,1,1,1,1,1,,,,1,1,1,,,,,,,0,0,0,0,1
¡Hola! TV,"Hola TV, !Hola! TV",Spanish,,,Best of Spanish TV,Best of Spanish TV,Best of Spanish TV,Espanol,Espanol,Espanol,Espanol,,,,,,Yes,,,,,,,,,,,,,,,,,,,,,,,,,,,,,,,,,,,,,,,,,,,,,,,,,,,,,,,,,0,0,0,0,0
A Wealth of Entertainment,AWE,Entertainment,,,,,,,Yes,Yes,Yes,,,,Premium,,Yes,,,,,,,,,,,,,,,,,,,,,,,,,,,,,,,,,,,,,,,,,,,,,,,,,,,,,,,,,0,0,0,0,0
A&E,"Arts & Entertainment, A&E Network",Entertainment,1,Yes,Yes,Yes,Yes,Yes,Yes,Yes,Yes,,Yes,Yes,,,Yes,,,,,,,,,Yes,1,,,,,,,,,,,,,,,,,,,,,,,1,1,1,1,1,1,1,1,1,,1,1,,,1,,,,,,,,,1,0,0,0,0,2
A3 Series,"A3S, Atres Series",Spanish,,,España Service,España Service,España Service,Espanol,Espanol,Espanol,Espanol,,,,,,,,,,,,,,,,,,,,,,,,,,,,,,,,,,,,,,,,,,,,,,,,,,,,,,,,,,,,,,,0,0,0,0,0
A3Cine,,Spanish,,,España Service,España Service,España Service,,,,,,,,,,,,,,,,,,,,,,,,,,,,,,,,,,,,,,,,,,,,,,,,,,,,,,,,,,,,,,,,,,,0,0,0,0,0
ABC,,Broadcast,1,,,,,Yes,Yes,Yes,Yes,Yes,Yes,Yes,,,Yes,Yes,Yes,Yes,,,,,,,,,,,,,,,1,,,,,,,,,,,,,,,1,,,,,1,1,1,1,1,1,1,,,1,1,1,1,,,,,,,0,0,0,0,1
ABC News,,News,,,,,,,,,,Yes,,,,,Yes,,,,,,,,,,,,,,,,,,,,,,,,,,,,,,,,,,,,,,,,,,,,,,,,,,,,,,,,,0,0,0,0,0
ABC News Live,ABCNL,News,,,,,,,,,,Yes,Yes,Yes,,,,Yes,Yes,Yes,,,,,,,,,,,,,,,,,,,,,,,,,,,,,,,,,,,,,,,,,,,,,,,,,,,,,,0,0,0,0,0
Absolute Truth : Commentary,,News,,,,,,,,,,,,,Yes,,,,,,,,,,,,,,,,,,,,,,,,,,,,,,,,,,,,,,,,,,,,,,,,,,,,,,,,,,,0,0,0,0,0
ACC Network,ACCN,Regional Sports,,,Sports Extra,,Sports Extra,,Yes,Yes,Yes,Yes,Yes,Yes,,,Yes,,Yes,Yes,,,,,,,,,,,,,,,,,,,,,,,,,,,,,,,,,,,,,,,,,,,,,,,,,,,,,,0,0,0,0,0
ACC Network Extra,,Regional Sports,,,Sports Extra,,Sports Extra,,,,,,,,,,,,,,,,,,,,,,,,,,,,,,,,,,,,,,,,,,,,,,,,,,,,,,,,,,,,,,,,,,,0,0,0,0,0
AccuWeather,,News,,Yes,,,,Yes,Yes,Yes,Yes,,,Yes,,,,,,,,,,,,,,,,,,,,,,,,,,,,,,,,,,,,,,,,,,,,,,,,,,,,,,,,,,,,0,0,0,0,0
Acorn,,Entertainment,,,,,,,,,,Acorn TV,,,,,,,,,,,,,,,,,,,,,,,,,,,,,,,,,,,,,,,,,,,,,,,,,,,,,,,,,,,,,,0,0,0,0,0
ALLBLK,,Entertainment,,,,,,,,,,ALLBLK,,,,,,,,,,,,,,,,,,,,,,,,,,,,,,,,,,,,,,,,,,,,,,,,,,,,,,,,,,,,,,0,0,0,0,0
Altitude Sports,,Regional Sports,,,,,,,Yes,Yes,Yes,,,,,,,,,,,,,,,,,,,,,,,,,,,,,,,,,,,,,,,,,,,,,,,,,,,,,,,,,,,,,,,0,0,0,0,0
Altres Series,,Spanish,,,,,,,,,,,,,,,Yes,,,,,,,,,,,,,,,,,,,,,,,,,,,,,,,,,,,,,,,,,,,,,,,,,,,,,,,,,0,0,0,0,0
AMC,AMC Network,Entertainment,,Yes,Yes,Yes,Yes,Yes,Yes,Yes,Yes,Yes,,Yes,,,,Yes,Yes,Yes,Yes,,,,,Yes,,,,,,,,,,,,,,,,,,,,,,,,,,,,,,,,,,,,,,,,,,,,,,,,0,0,0,0,0
AMC Premiere,,Premium movies,,,,,,,,,,AMC Premiere,,AMC Premiere,,,,,,,,,,,,,,,,,,,,,,,,,,,,,,,,,,,,,,,,,,,,,,,,,,,,,,,,,,,,0,0,0,0,0
American Heroes,"AHC, American Heroes Channel, American Heroes Network",Entertainment,,Yes,Heartland Extra,Heartland Extra,Heartland Extra,,,Yes,Yes,,Entertainment,Fubo Extra,,,Yes,,Yes,Yes,,,,,,Yes,,,,,,,,,,,,,,,,,,,,,,,,,,,,,,,,,,,,,,,,,,,,,,,,0,0,0,0,0
Animal Planet,,Lifestyle,1,Yes,,,,Yes,Yes,Yes,Yes,Yes,Yes,Yes,,,Yes,Yes,Yes,Yes,Yes,,,,,Yes,1,,,,,,,,1,,,,,,,,,,,,,,,1,1,,,,1,1,1,1,1,1,1,,,1,1,1,1,1,,,,,1,0,0,0,0,2
Antena 3,Antena 3 Internacional,Spanish,,,España Service,España Service,España Service,Espanol,Espanol,Espanol,Espanol,,,Entretenimiento Plus,,,Yes,,,,,,,,,,,,,,,,,,,,,,,,,,,,,,,,,,,,,,,,,,,,,,,,,,,,,,,,,0,0,0,0,0
Arirang TV,,International,,,,,,Korean,Korean,Korean,Korean,,,,,,,,,,,,,,,,,,,,,,,,,,,,,,,,,,,,,,,,,,,,,,,,,,,,,,,,,,,,,,,0,0,0,0,0
Aspire,"AspireTV, Aspire TV",Lifestyle,,Yes,,,,,,Yes,Yes,,,,,,Yes,,,,,,,,,,,,,,,,,,,,,,,,,,,,,,,,,,,,,,,,,,,,,,,,,,,,,,,,,0,0,0,0,0
AT&T SportsNet Pittsburgh,,Regional Sports,,,,,,,Yes,Yes,Yes,,,,,,,,,,,,,,,,,,,,,,,,,,,,,,,,,,,,,,,,,,,,,,,,,,,,,,,,,,,,,,,0,0,0,0,0
AT&T SportsNet Rocky Mountain,,Regional Sports,,,,,,,Yes,Yes,Yes,,,,,,,,,,,,,,,,,,,,,,,,,,,,,,,,,,,,,,,,,,,,,,,,,,,,,,,,,,,,,,,0,0,0,0,0
AT&T SportsNet Southwest,,Regional Sports,,,,,,,Yes,Yes,Yes,,,,,,,,,,,,,,,,,,,,,,,,,,,,,,,,,,,,,,,,,,,,,,,,,,,,,,,,,,,,,,,0,0,0,0,0
AT&T TV: 500 hr Cloud DVR,,Addon,,,,,,500 hr Cloud DVR,500 hr Cloud DVR,500 hr Cloud DVR,500 hr Cloud DVR,,,Family Share,,,,,,,,,,,,,,,,,,,,,,,,,,,,,,,,,,,,,,,,,,,,,,,,,,,,,,,,,,,,0,0,0,0,0
Atrecine,,Spanish,,,,,,,,,,,,,,,Yes,,,,,,,,,,,,,,,,,,,,,,,,,,,,,,,,,,,,,,,,,,,,,,,,,,,,,,,,,0,0,0,0,0
AWE Encore,,Lifestyle,,,,,,,,,,,,,Yes,,,,,,,,,,,,,,,,,,,,,,,,,,,,,,,,,,,,,,,,,,,,,,,,,,,,,,,,,,,0,0,0,0,0
AWE International,,Lifestyle,,,,,,,,,,,,,Worldwide,,,,,,,,,,,,,,,,,,,,,,,,,,,,,,,,,,,,,,,,,,,,,,,,,,,,,,,,,,,0,0,0,0,0
AXS TV,,Entertainment,,Yes,Yes,Yes,Yes,Yes,Yes,Yes,Yes,,,,,,,,,,,,,,,Yes,,,,,,,,,,,,,,,,,,,,,,,,,,,,,,,,,,,,,,,,,,,,,,,,0,0,0,0,0
AZ Cinema,,Spanish,,,México Service,México Service,México Service,,,,,,,,,,,,,,,,,,,,,,,,,,,,,,,,,,,,,,,,,,,,,,,,,,,,,,,,,,,,,,,,,,,0,0,0,0,0
AZ Clic,,Spanish,,,México Service,México Service,México Service,,,,,,,,,,,,,,,,,,,,,,,,,,,,,,,,,,,,,,,,,,,,,,,,,,,,,,,,,,,,,,,,,,,0,0,0,0,0
AZ Corazón,,Spanish,,,México Service,México Service,México Service,,,,,,,,,,,,,,,,,,,,,,,,,,,,,,,,,,,,,,,,,,,,,,,,,,,,,,,,,,,,,,,,,,,0,0,0,0,0
Azteca,TV Azteca,Spanish,,,Best of Spanish TV,Best of Spanish TV,Best of Spanish TV,Espanol,Espanol,Espanol,Espanol,,,,,,Yes,,,,,,,,,,,,,,,,,,,,,,,,,,,,,,,,,,,,,,,,,,,,,,,,,,,,,,,,,0,0,0,0,0
Baby First,"BabyFirst, BabyFirst TV",Kids and family,,,,,,Yes,Yes,Yes,Yes,,,,,Yes,,,,,,,,,,,,,,,,,,,,,,,,,,,,,,,,,,,,,,,,,,,,,,,,,,,,,,,,,,0,0,0,0,0
BabyTV,Baby TV,Kids and family,,,Kids Extra,Kids Extra,Kids Extra,Espanol,Espanol,Espanol,Espanol,,,,,,,,,Yes,,,,,,,,,,,,,,,,,,,,,,,,,,,,,,,,,,,,,,,,,,,,,,,,,,,,,,0,0,0,0,0
BabyTV Español,"BabyTV Espanol, BabyTV Spanish",Kids and family,,,Best of Spanish TV,Best of Spanish TV,Best of Spanish TV,,,,,,,Latino Plus,,,Yes,,,,,,,,,,,,,,,,,,,,,,,,,,,,,,,,,,,,,,,,,,,,,,,,,,,,,,,,,0,0,0,0,0
Bandamax,,Spanish,,,,,,Espanol,Espanol,Espanol,Espanol,,,Entretenimiento Plus,,,,,,,,,,,,,,,,,,,,,,,,,,,,,,,,,,,,,,,,,,,,,,,,,,,,,,,,,,,,0,0,0,0,0
BBC America,,Entertainment,,Yes,Yes,Yes,Yes,Yes,Yes,Yes,Yes,Yes,,Yes,,,,Yes,Yes,Yes,Yes,,,,,Yes,,,,,,,,,,,,,,,,,,,,,,,,,,,,,,,,,,,,,,,,,,,,,,,,0,0,0,0,0
BBC World News,BBC News,News,,Yes,News Extra,News Extra,News Extra,,,Yes,Yes,Yes,,Fubo Extra,,,,Yes,Yes,Yes,Yes,,,,,Yes,,,,,,,,,,,,,,,,,,,,,,,,,,,,,,,,,,,,,,,,,,,,,,,,0,0,0,0,0
Bein Laliga,beIN Sports Connect La Liga,Sports,,,Best of Spanish TV,Best of Spanish TV,Best of Spanish TV,,,,,,,Yes,,,Yes,,,,,,,,,,,,,,,,,,,,,,,,,,,,,,,,,,,,,,,,,,,,,,,,,,,,,,,,,0,0,0,0,0
Bein Sports,"Bein, Bein Sports English",Sports,,,Sports Extra,Sports Extra,Sports Extra,,,,,,,Yes,,,,,,,,,,,,,,,,,,,,,,,,,,,,,,,,,,,,,,,,,,,,,,,,,,,,,,,,,,,,0,0,0,0,0
Bein Sports Connect,Bein Connect n,Sports,,,Best of Spanish TV,Best of Spanish TV,Best of Spanish TV,,,,,,,Yes,,,,,,,,,,,,,,,,,,,,,,,,,,,,,,,,,,,,,,,,,,,,,,,,,,,,,,,,,,,,0,0,0,0,0
Bein Sports Espanol,"Bein Sports En Español, Bein Sports Spanish, Bein Spanish, Bein Sports en Espanol",Sports,,,Best of Spanish TV,Best of Spanish TV,Best of Spanish TV,,,,,,,Yes,,,Yes,,,,,,,,,,,,,,,,,,,,,,,,,,,,,,,,,,,,,,,,,,,,,,,,,,,,,,,,,0,0,0,0,0
Bein Sports Xtra,"BeinsportsXtra, bein sports extra",Sports,,,,,,,,,,,,Yes,Yes,,,,,,,,,,,,,,,,,,,,,,,,,,,,,,,,,,,,,,,,,,,,,,,,,,,,,,,,,,,0,0,0,0,0
BeIN Sports Xtra En Espanol,,Sports,,,,,,,,,,,,,Yes,,,,,,,,,,,,,,,,,,,,,,,,,,,,,,,,,,,,,,,,,,,,,,,,,,,,,,,,,,,0,0,0,0,0
Benfica TV,,International,,,,,,,,,,,,Portuguese Plus,,,,,,,,,,,,,,,,,,,,,,,,,,,,,,,,,,,,,,,,,,,,,,,,,,,,,,,,,,,,0,0,0,0,0
BET,,Entertainment,,Yes,Yes,Yes,Yes,Yes,Yes,Yes,Yes,Yes,,Yes,,,Yes,Yes,Yes,Yes,Yes,,,,,Yes,,,,,,,,,,,,,,,,,,,,,,,,,,,,,,,,,,,,,,,,,,,,,,,,0,0,0,0,0
BET Her,,Entertainment,,Yes,,,,,,Yes,Yes,Yes,,Fubo Extra,,,,Yes,Yes,Yes,Yes,,,,,Yes,,,,,,,,,,,,,,,,,,,,,,,,,,,,,,,,,,,,,,,,,,,,,,,,0,0,0,0,0
BET Jams,,Music,,,,,,,,,,,,Fubo Extra,,,,,,,,,,,,Yes,,,,,,,,,,,,,,,,,,,,,,,,,,,,,,,,,,,,,,,,,,,,,,,,0,0,0,0,0
BET Soul,,Music,,,,,,,,,,,,Fubo Extra,,,,,,,,,,,,Yes,,,,,,,,,,,,,,,,,,,,,,,,,,,,,,,,,,,,,,,,,,,,,,,,0,0,0,0,0
Big Ten Network,"BTN, Big Ten, BIGTEN",Regional Sports,1,,,Sports Extra,Sports Extra,,Yes,Yes,Yes,Yes,Yes,Yes,,,Yes,,Yes,Yes,,,,,,,,,,,,,,,1,,,,,,,,,,,,,,,1,,,2,2,,1,1,1,1,1,1,,,1,,1,1,,,,,,,0,0,0,0,2
BigTen Net Alternate n,,Regional Sports,,,,,,,,,,,,Yes,,,,,,,,,,,,,,,,,,,,,,,,,,,,,,,,,,,,,,,,,,,,,,,,,,,,,,,,,,,,0,0,0,0,0
Black News Channel,BNC,News,,,,,,Yes,Yes,Yes,Yes,,,,,,,,,,,,,,,,,,,,,,,,,,,,,,,,,,,,,,,,,,,,,,,,,,,,,,,,,,,,,,,0,0,0,0,0
Bloomberg TV,"Bloomberg, Bloomberg Television",News,,,Yes,Yes,Yes,Yes,Yes,Yes,Yes,,Yes,,,,,,,,,,,,,Yes,,,,,,,,,,,,,,,,,,,,,,,,,,,,,,,,,,,,,,,,,,,,,,,,0,0,0,0,0
Bolivia TV,,Spanish,,,Sudamérica Service,Sudamérica Service,Sudamérica Service,,,,,,,,,,,,,,,,,,,,,,,,,,,,,,,,,,,,,,,,,,,,,,,,,,,,,,,,,,,,,,,,,,,0,0,0,0,0
Boomerang,,Kids and family,,,Kids Extra,Kids Extra,Kids Extra,Yes,Yes,Yes,Yes,,Yes,,,,,,,Yes,,,,,,,,,,,,,,,,,,,,,,,,,,,,,,,,,,,,,,,,,,,,,,,,,,,,,,0,0,0,0,0
Bravo,,Lifestyle,1,,,Yes,Yes,Yes,Yes,Yes,Yes,Yes,Yes,Yes,,,,Yes,Yes,Yes,,,,,,,,,,,,,,,1,,,,,,,,,,,,,,,1,,,1,1,1,1,1,1,1,1,1,,,,1,1,1,,,,,,,0,0,0,0,1
Business Rockstars,,Entertainment,,,,,,,,,,,,,Yes,,,,,,,,,,,,,,,,,,,,,,,,,,,,,,,,,,,,,,,,,,,,,,,,,,,,,,,,,,,0,0,0,0,0
Buzzr,,Entertainment,,,,,,,,,,,,,Yes,,,,,,,,,,,,,,,,,,,,,,,,,,,,,,,,,,,,,,,,,,,,,,,,,,,,,,,,,,,0,0,0,0,0
BYUTV,,Entertainment,,,,,,,,,,,,,,,Yes,,,,,,,,,,,,,,,,,,,,,,,,,,,,,,,,,,,,,,,,,,,,,,,,,,,,,,,,,0,0,0,0,0
Canal 22 Internacional,,Spanish,,,,,,Espanol,Espanol,Espanol,Espanol,,,,,,,,,,,,,,,,,,,,,,,,,,,,,,,,,,,,,,,,,,,,,,,,,,,,,,,,,,,,,,,0,0,0,0,0
Canal Once,,Spanish,,,México Service,México Service,México Service,,,,,,,,,,,,,,,,,,,,,,,,,,,,,,,,,,,,,,,,,,,,,,,,,,,,,,,,,,,,,,,,,,,0,0,0,0,0
Canal Sur,,Spanish,,,Sudamérica Service,Sudamérica Service,Sudamérica Service,,,,,,,,,,Yes,,,,,,,,,,,,,,,,,,,,,,,,,,,,,,,,,,,,,,,,,,,,,,,,,,,,,,,,,0,0,0,0,0
Caracol,Caracol TV,Spanish,,,Sudamérica Service,Sudamérica Service,Sudamérica Service,Espanol,Espanol,Espanol,Espanol,,,,,,,,,,,,,,,,,,,,,,,,,,,,,,,,,,,,,,,,,,,,,,,,,,,,,,,,,,,,,,,0,0,0,0,0
Cartoon Network,"CN, Adult Swim",Kids and family,1,,Yes,Yes,Yes,Yes,Yes,Yes,Yes,Yes,Yes,,,,,Yes,Yes,Yes,,,,,,,,,,,,,,,1,,,,,,,,,,,,,,,1,,1,1,1,1,1,1,1,1,1,,,,,1,1,1,,,,,,,0,0,0,0,3
CBS,,Broadcast,1,,,,,Yes,Yes,Yes,Yes,Yes,Yes,Yes,,,,,,,,,,,,,,,,,,,,,1,,,,,,,,,,,,,,,1,,,,,1,1,1,1,1,1,1,,,,,,,,,,,,,0,0,0,0,1
CBS News Live,CBS News,News,,,,,,,,,,,Yes,Yes,,,,,,,,,,,,,,,,,,,,,,,,,,,,,,,,,,,,,,,,,,,,,,,,,,,,,,,,,,,,0,0,0,0,0
CBS Sports Network,"CBSsn, CBS Sports, CBS Sn, CBS Sports Net",Sports,,,,,,,,Yes,Yes,Yes,Yes,Yes,,,,,,,,,,,,,,,,,,,,,,,,,,,,,,,,,,,,,,,,,,,,,,,,,,,,,,,,,,,,0,0,0,0,0
CBTV Michoacán,CBTV Michoacan,Spanish,,,México Service,México Service,México Service,,,,,,,,,,,,,,,,,,,,,,,,,,,,,,,,,,,,,,,,,,,,,,,,,,,,,,,,,,,,,,,,,,,0,0,0,0,0
Centroamerica TV,"Centroamerica TV, Centroamérica TV",Spanish,,,Centroamérica Service,Centroamérica Service,Centroamérica Service,Espanol,Espanol,Espanol,Espanol,,,,,,Yes,,,,,,,,,,,,,,,,,,,,,,,,,,,,,,,,,,,,,,,,,,,,,,,,,,,,,,,,,0,0,0,0,0
CGTN,,News,,,News Extra,News Extra,News Extra,,,,,,,,,,,,,,,,,,,,,,,,,,,,,,,,,,,,,,,,,,,,,,,,,,,,,,,,,,,,,,,,,,,0,0,0,0,0
Cheddar,"Cheddar Business, Cheddar Business News",News,,Yes,Yes,Yes,Yes,,Yes,Yes,Yes,Yes,Yes,Yes,,,Yes,,,,,,,,,Yes,,,,,,,,,,,,,,,,,,,,,,,,,,,,,,,,,,,,,,,,,,,,,,,,0,0,0,0,0
Cine Estelar,,Spanish,,,,,,Espanol,Espanol,Espanol,Espanol,,,,,,,,,,,,,,,,,,,,,,,,,,,,,,,,,,,,,,,,,,,,,,,,,,,,,,,,,,,,,,,0,0,0,0,0
Cine Mexicano,,Spanish,,,,,,Espanol,Espanol,Espanol,Espanol,,,,,,,,,,,,,,,,,,,,,,,,,,,,,,,,,,,,,,,,,,,,,,,,,,,,,,,,,,,,,,,0,0,0,0,0
Cine Nostalgia,,Spanish,,,,,,Espanol,Espanol,Espanol,Espanol,,,,,,,,,,,,,,,,,,,,,,,,,,,,,,,,,,,,,,,,,,,,,,,,,,,,,,,,,,,,,,,0,0,0,0,0
Cine Sony,,Spanish,,,Best of Spanish TV,Best of Spanish TV,Best of Spanish TV,Espanol,Espanol,Espanol,Espanol,,,Fubo Latino Quarterly,Premium,,Yes,,,,,,,,,,,,,,,,,,,,,,,,,,,,,,,,,,,,,,,,,,,,,,,,,,,,,,,,,0,0,0,0,0
CineFest,,Movies,,,CineFest,CineFest,CineFest,,,,,,,,,,,,,,,,,,,,,,,,,,,,,,,,,,,,,,,,,,,,,,,,,,,,,,,,,,,,,,,,,,,0,0,0,0,0
Cinelatino,,Spanish,,,Best of Spanish TV,Best of Spanish TV,Best of Spanish TV,Espanol,Espanol,Espanol,Espanol,,,,,,Yes,,,,,,,,,,,,,,,,,,,,,,,,,,,,,,,,,,,,,,,,,,,,,,,,,,,,,,,,,0,0,0,0,0
Cinema Dinamita,,Spanish,,,México Service,México Service,México Service,,,,,,,,,,,,,,,,,,,,,,,,,,,,,,,,,,,,,,,,,,,,,,,,,,,,,,,,,,,,,,,,,,,0,0,0,0,0
Cinemax,,Premium movies,,,,,,Cinemax,Cinemax,Cinemax,Yes,Cinemax,Cinemax,,,,,,,,,,,,,,,,,,,,,,,,,,,,,,,,,,,,,,,,,,,,,,,,,,,,,,,,,,,,,0,0,0,0,0
Cinemax Actionmax,Actionmax,Premium movies,,,,,,Cinemax,Cinemax,Cinemax,Yes,,,,,,,,,,,,,,,,,,,,,,,,,,,,,,,,,,,,,,,,,,,,,,,,,,,,,,,,,,,,,,,0,0,0,0,0
Cinemoi,,Movies,,,Hollywood Extra,Hollywood Extra,Hollywood Extra,,,,,,,,,,,,,,,,,,,,,,,,,,,,,,,,,,,,,,,,,,,,,,,,,,,,,,,,,,,,,,,,,,,0,0,0,0,0
Cleo TV,CleoTV,Entertainment,,Yes,,,,,Yes,Yes,Yes,,,,,,,,,,,,,,,Yes,,,,,,,,,,,,,,,,,,,,,,,,,,,,,,,,,,,,,,,,,,,,,,,,0,0,0,0,0
ClubbingTV,,Music,,,,,,,,,,,,,Premium,,,,,,,,,,,,,,,,,,,,,,,,,,,,,,,,,,,,,,,,,,,,,,,,,,,,,,,,,,,0,0,0,0,0
CMT,,Music,,Yes,Comedy Extra,Comedy Extra,Comedy Extra,Yes,Yes,Yes,Yes,Yes,,Yes,,,Yes,Yes,Yes,Yes,Yes,,,,,Yes,,,,,,,,,,,,,,,,,,,,,,,,,,,,,,,,,,,,,,,,,,,,,,,,0,0,0,0,0
CMT Music,,Music,,,,,,,,,,,,,,,Yes,,,,,,,,,Yes,,,,,,,,,,,,,,,,,,,,,,,,,,,,,,,,,,,,,,,,,,,,,,,,0,0,0,0,0
CNBC,,News,,,,News Extra,News Extra,Yes,Yes,Yes,Yes,Yes,Yes,Yes,,,,Yes,Yes,Yes,,,,,,,,,,,,,,,,,,,,,,,,,,,,,,,,,,,,,,,,,,,,,,,,,,,,,,0,0,0,0,0
CNBC World,,News,1,,,,,,Yes,Yes,Yes,Yes,Entertainment,Fubo Extra,,,,,,Yes,,,,,,,,,,,,,,,1,,,,,,,,,,,,,,,1,,,,,,1,1,1,1,2,2,,,,,,1,,,,,,,0,0,0,0,3
CNN,,News,,,Yes,Yes,Yes,Yes,Yes,Yes,Yes,Yes,Yes,,,,,Yes,Yes,Yes,,,,,,,,,,,,,,,,,,,,,,,,,,,,,,,,,,,,,,,,,,,,,,,,,,,,,,0,0,0,0,0
CNN En Español,"CNN En Espanol, CNN Espanol",Spanish,,,,,,Yes,Yes,Yes,Yes,,Espanol,,,,,,,,,,,,,,,,,,,,,,,,,,,,,,,,,,,,,,,,,,,,,,,,,,,,,,,,,,,,,0,0,0,0,0
CNN International,CNNi,News,,,,,,Yes,Yes,Yes,Yes,,Yes,,,,,,,,,,,,,,,,,,,,,,,,,,,,,,,,,,,,,,,,,,,,,,,,,,,,,,,,,,,,,0,0,0,0,0
Comedy Central,CC,Entertainment,,Yes,Yes,Yes,Yes,Yes,Yes,Yes,Yes,Yes,,Yes,,,Yes,Yes,Yes,Yes,Yes,,,,,Yes,,,,,,,,,,,,,,,,,,,,,,,,,,,,,,,,,,,,,,,,,,,,,,,,0,0,0,0,0
Comedy Dynamics,,Entertainment,,,Comedy Dynamics,Comedy Dynamics,Comedy Dynamics,,,,,,,,,,,,,,,,,,,,,,,,,,,,,,,,,,,,,,,,,,,,,,,,,,,,,,,,,,,,,,,,,,,0,0,0,0,0
Comedy TV,,Entertainment,,,,,,,Yes,Yes,Yes,,,,,,,,,,,,,,,,,,,,,,,,,,,,,,,,,,,,,,,,,,,,,,,,,,,,,,,,,,,,,,,0,0,0,0,0
Comet TV,Comet,Entertainment,,,Yes,Yes,Yes,,,,,Yes,,Yes,,,,,,,,,,,,,,,,,,,,,,,,,,,,,,,,,,,,,,,,,,,,,,,,,,,,,,,,,,,,0,0,0,0,0
Con TV,ConTV,Kids and family,,,CONtv,CONtv,CONtv,,,,,,,,,,,,,,,,,,,,,,,,,,,,,,,,,,,,,,,,,,,,,,,,,,,,,,,,,,,,,,,,,,,0,0,0,0,0
Cooking Channel,,Lifestyle,,Yes,Lifestyle Extra,Lifestyle Extra,Lifestyle Extra,,Yes,Yes,Yes,,Entertainment,Fubo Extra,,,Yes,,Yes,Yes,,,,,,Yes,,,,,,,,,,,,,,,,,,,,,,,,,,,,,,,,,,,,,,,,,,,,,,,,0,0,0,0,0
Court TV,CourtTV,Entertainment,,,,,,,,,,Yes,,,Yes,,,,,,,,,,,,,,,,,,,,,,,,,,,,,,,,,,,,,,,,,,,,,,,,,,,,,,,,,,,0,0,0,0,0
COZI,"Cozy TV, Cozi TV",Entertainment,,,,,,,,,,Yes,Yes,,,,,Yes,Yes,Yes,,,,,,,,,,,,,,,,,,,,,,,,,,,,,,,,,,,,,,,,,,,,,,,,,,,,,,0,0,0,0,0
Crime + Investigation,"Crime & Investigation, CI",Entertainment,,Yes,,,,Movies Extra Pack,Movies Extra Pack,Movies Extra Pack,Movies Extra Pack,,Entertainment,,,,,,,,,,,,,,,,,,,,,,,,,,,,,,,,,,,,,,,,,,,,,,,,,,,,,,,,,,,,,0,0,0,0,0
C-SPAN,CSPAN,News,,,,,,Yes,Yes,Yes,Yes,,,,,,,,,,,,,,,,,,,,,,,,,,,,,,,,,,,,,,,,,,,,,,,,,,,,,,,,,,,,,,,0,0,0,0,0
C-SPAN2,"CSPAN2, CSPAN 2",News,,,,,,Yes,Yes,Yes,Yes,,,,,,,,,,,,,,,,,,,,,,,,,,,,,,,,,,,,,,,,,,,,,,,,,,,,,,,,,,,,,,,0,0,0,0,0
CTS,,International,,,,,,Korean,Korean,Korean,Korean,,,,,,,,,,,,,,,,,,,,,,,,,,,,,,,,,,,,,,,,,,,,,,,,,,,,,,,,,,,,,,,0,0,0,0,0
CubaMax,,International,,,Caribe Service,Caribe Service,Caribe Service,,,,,,,,,,,,,,,,,,,,,,,,,,,,,,,,,,,,,,,,,,,,,,,,,,,,,,,,,,,,,,,,,,,0,0,0,0,0
Curiosity Stream,CuriosityStream,Lifestyle,1,,CuriosityStream,CuriosityStream,CuriosityStream,,,,,CuriosityStream,,,,Yes,Yes,,,,,,,,,,,,,,,,,,,,,,,,,,,,,,,,,,,2,2,2,,,,,2,,,,1,1,,,,,,,,,,0,0,0,0,3
CW,The CW,Broadcast,,,,,,,,,,Yes,Yes,Yes,,,,,,,,,,,,,,,,,,,,,,,,,,,,,,,,,,,,,,,,,,,,,,,,,,,,,,,,,,,,0,0,0,0,0
DABL,,Lifestyle,,,,,,,,,,Yes,Yes,,,,,,,,,,,,,,,,,,,,,,,,,,,,,,,,,,,,,,,,,,,,,,,,,,,,,,,,,,,,,0,0,0,0,0
Dark Corners,,Entertainment,,,,,,,,,,,,,Yes,,,,,,,,,,,,,,,,,,,,,,,,,,,,,,,,,,,,,,,,,,,,,,,,,,,,,,,,,,,0,0,0,0,0
Dark Matter,,Entertainment,,,,,,,,,,,,,Yes,,,,,,,,,,,,,,,,,,,,,,,,,,,,,,,,,,,,,,,,,,,,,,,,,,,,,,,,,,,0,0,0,0,0
De Pelicula,De Película,Spanish,,,,,,Espanol,Espanol,Espanol,Espanol,,,Entretenimiento Plus,,,,,,,,,,,,,,,,,,,,,,,,,,,,,,,,,,,,,,,,,,,,,,,,,,,,,,,,,,,,0,0,0,0,0
De Pelicula Clásico,De Película Clásico,Spanish,,,,,,Espanol,Espanol,Espanol,Espanol,,,Entretenimiento Plus,,,,,,,,,,,,,,,,,,,,,,,,,,,,,,,,,,,,,,,,,,,,,,,,,,,,,,,,,,,,0,0,0,0,0
Demand Africa,,Entertainment,,,,,,,,,,,,,Yes,,,,,,,,,,,,,,,,,,,,,,,,,,,,,,,,,,,,,,,,,,,,,,,,,,,,,,,,,,,0,0,0,0,0
Destination America,,Lifestyle,,Yes,Heartland Extra,Heartland Extra,Heartland Extra,,,Yes,Yes,,Entertainment,Fubo Extra,,,Yes,,Yes,Yes,,,,,,Yes,,,,,,,,,,,,,,,,,,,,,,,,,,,,,,,,,,,,,,,,,,,,,,,,0,0,0,0,0
Discovery Channel,Discovery,Entertainment,,Yes,,Yes,Yes,Yes,Yes,Yes,Yes,Yes,Yes,Yes,,,Yes,Yes,Yes,Yes,Yes,,,,,Yes,,,,,,,,,,,,,,,,,,,,,,,,,,,,,,,,,,,,,,,,,,,,,,,,0,0,0,0,0
Discovery En Espanol,"Discovery En Español, Discovery En Espanol Hd, Discovery Espanol",Spanish,,,Best of Spanish TV,Best of Spanish TV,Best of Spanish TV,Espanol,Espanol,Espanol,Espanol,,Espanol,Fubo Latino Quarterly,,,Yes,,,,,,,,,,,,,,,,,,,,,,,,,,,,,,,,,,,,,,,,,,,,,,,,,,,,,,,,,0,0,0,0,0
Discovery Familia,Discovery Familia Hd,Spanish,,,Best of Spanish TV,Best of Spanish TV,Best of Spanish TV,Espanol,Espanol,Espanol,Espanol,,Espanol,Fubo Latino Quarterly,,,Yes,,,,,,,,,,,,,,,,,,,,,,,,,,,,,,,,,,,,,,,,,,,,,,,,,,,,,,,,,0,0,0,0,0
Discovery Family,Discovery Family Channel,Kids and family,,Yes,,,,,,Yes,Yes,,Entertainment,Fubo Extra,,,Yes,,Yes,Yes,,,,,,Yes,,,,,,,,,,,,,,,,,,,,,,,,,,,,,,,,,,,,,,,,,,,,,,,,0,0,0,0,0
Discovery Life,Discovery Life Channel,Lifestyle,1,Yes,,,,,,Yes,Yes,,Entertainment,Fubo Extra,,,Yes,,Yes,Yes,,,,,,Yes,1,,,,,,,,,,,,,,,,,,,,,,,1,1,,,,,,1,1,,2,2,,,1,,1,1,,,,,,1,0,0,0,0,3
Disney Channel,Disney,Kids and family,1,,Yes,,Yes,Yes,Yes,Yes,Yes,Yes,Yes,Yes,,,Yes,Yes,Yes,Yes,,,,,,,,,,,,,,,1,,,,,,,,,,,,,,,1,,1,,1,1,1,1,1,1,1,1,,,1,1,1,1,,,,,,,0,0,0,0,2
Disney Junior,"Disney Jr, DISNEY-JR",Kids and family,,,Kids Extra,,Kids Extra,Yes,Yes,Yes,Yes,Yes,Yes,Yes,,,Yes,Yes,Yes,Yes,,,,,,,,,,,,,,,,,,,,,,,,,,,,,,,,,,,,,,,,,,,,,,,,,,,,,,0,0,0,0,0
Disney XD,DISNEY-XD,Kids and family,,,Kids Extra,,Kids Extra,Yes,Yes,Yes,Yes,Yes,Yes,Yes,,,Yes,Yes,Yes,Yes,,,,,,,,,,,,,,,,,,,,,,,,,,,,,,,,,,,,,,,,,,,,,,,,,,,,,,0,0,0,0,0
DIY,"Do It Yourself, DIY Network",Lifestyle,,Yes,Lifestyle Extra,Lifestyle Extra,Lifestyle Extra,,,Yes,Yes,,Entertainment,Fubo Extra,,,Yes,Yes,Yes,Yes,Yes,,,,,Yes,,,,,,,,,,,,,,,,,,,,,,,,,,,,,,,,,,,,,,,,,,,,,,,,0,0,0,0,0
Docurama,,Entertainment,,,Docurama,Docurama,Docurama,,,,,,,,,,,,,,,,,,,,,,,,,,,,,,,,,,,,,,,,,,,,,,,,,,,,,,,,,,,,,,,,,,,0,0,0,0,0
Dog TV,DogTV,Lifestyle,,,DOGTV,DOGTV,DOGTV,,,,,,,,,,,,,,,,,,,,,,,,,,,,,,,,,,,,,,,,,,,,,,,,,,,,,,,,,,,,,,,,,,,0,0,0,0,0
Dominican View,,International,,,Caribe Service,Caribe Service,Caribe Service,,,,,,,,,,,,,,,,,,,,,,,,,,,,,,,,,,,,,,,,,,,,,,,,,,,,,,,,,,,,,,,,,,,0,0,0,0,0
Dove Channel,,Entertainment,,,Dove Channel,Dove Channel,Dove Channel,,,,,,,,,,,,,,,,,,,,,,,,,,,,,,,,,,,,,,,,,,,,,,,,,,,,,,,,,,,,,,,,,,,0,0,0,0,0
DOX,,Lifestyle,,,DOX,DOX,DOX,,,,,,,,,,,,,,,,,,,,,,,,,,,,,,,,,,,,,,,,,,,,,,,,,,,,,,,,,,,,,,,,,,,0,0,0,0,0
DuckTV,Duck TV,Kids and family,,,Kids Extra,Kids Extra,Kids Extra,,,,,,,,Premium,,,,,,,,,,,,,,,,,,,,,,,,,,,,,,,,,,,,,,,,,,,,,,,,,,,,,,,,,,,0,0,0,0,0
DUNGEON TV,,Entertainment,,,,,,,,,,,,,Yes,,,,,,,,,,,,,,,,,,,,,,,,,,,,,,,,,,,,,,,,,,,,,,,,,,,,,,,,,,,0,0,0,0,0
E!,"E! Now, E! Network",Lifestyle,,,,Yes,Yes,Yes,Yes,Yes,Yes,Yes,Yes,Yes,,,,Yes,Yes,Yes,,,,,,,,,,,,,,,,,,,,,,,,,,,,,,,,,,,,,,,,,,,,,,,,,,,,,,0,0,0,0,0
EBS,,International,,,,,,Korean,Korean,Korean,Korean,,,,,,,,,,,,,,,,,,,,,,,,,,,,,,,,,,,,,,,,,,,,,,,,,,,,,,,,,,,,,,,0,0,0,0,0
Echoboom Sports,,Sports,,,Echoboom Sports,Echoboom Sports,Echoboom Sports,,,,,,,,,,,,,,,,,,,,,,,,,,,,,,,,,,,,,,,,,,,,,,,,,,,,,,,,,,,,,,,,,,,0,0,0,0,0
Ecuador TV,,Spanish,,,,,,Espanol,Espanol,Espanol,Espanol,,,,,,,,,,,,,,,,,,,,,,,,,,,,,,,,,,,,,,,,,,,,,,,,,,,,,,,,,,,,,,,0,0,0,0,0
Ecuavisa Internacional,Ecuavisa,Spanish,,,Sudamérica Service,Sudamérica Service,Sudamérica Service,Espanol,Espanol,Espanol,Espanol,,,,,,,,,,,,,,,,,,,,,,,,,,,,,,,,,,,,,,,,,,,,,,,,,,,,,,,,,,,,,,,0,0,0,0,0
El ConflictoTV,,Entertainment,,,,,,,,,,,,,Yes,,,,,,,,,,,,,,,,,,,,,,,,,,,,,,,,,,,,,,,,,,,,,,,,,,,,,,,,,,,0,0,0,0,0
El Financiero Bloomberg TV,,Spanish,,,Best of Spanish TV,Best of Spanish TV,Best of Spanish TV,,,,,,,,,,,,,,,,,,,,,,,,,,,,,,,,,,,,,,,,,,,,,,,,,,,,,,,,,,,,,,,,,,,0,0,0,0,0
El Gourmet,,Lifestyle,,,,,,,,,,,,Fubo Latino Quarterly,,,,,,,,,,,,,,,,,,,,,,,,,,,,,,,,,,,,,,,,,,,,,,,,,,,,,,,,,,,,0,0,0,0,0
El Trece,El Trece Internacional,Spanish,,,Sudamérica Service,Sudamérica Service,Sudamérica Service,,,,,,,,,,,,,,,,,,,,,,,,,,,,,,,,,,,,,,,,,,,,,,,,,,,,,,,,,,,,,,,,,,,0,0,0,0,0
Eleven Sports,"Eleven Sports Network, Next Level Sports",Regional Sports,,,,,,,,,,,,International Sports Plus,,,,,,,,,,,,,,,,,,,,,,,,,,,,,,,,,,,,,,,,,,,,,,,,,,,,,,,,,,,,0,0,0,0,0
Enlace,,Spanish,,,,,,Espanol,Espanol,Espanol,Espanol,,,,,,,,,,,,,,,,,,,,,,,,,,,,,,,,,,,,,,,,,,,,,,,,,,,,,,,,,,,,,,,0,0,0,0,0
Epix,,Premium movies,1,Epix,Epix,Epix,Epix,Epix,Epix,Epix,Epix,EPIX,,Epix,,,,EPIX,EPIX,EPIX,EPIX,,,,,,,,,,,,,,,,,,,,,,,,,,,,,,2,2,2,2,2,2,2,2,2,,2,,,,2,2,2,2,,,,,,0,0,0,0,3
Epix 2,Epix2,Premium movies,,Epix,Epix,Epix,Epix,Epix,Epix,Epix,Epix,,,Showtime + Starz + Epix,,,,EPIX,EPIX,EPIX,EPIX,,,,,,,,,,,,,,,,,,,,,,,,,,,,,,,,,,,,,,,,,,,,,,,,,,,,,0,0,0,0,0
Epix Drive-In,,Premium movies,,,Yes,Yes,Yes,Epix,Epix,Epix,Epix,,,,,,,EPIX,EPIX,EPIX,EPIX,,,,,,,,,,,,,,,,,,,,,,,,,,,,,,,,,,,,,,,,,,,,,,,,,,,,,0,0,0,0,0
Epix Hits,,Premium movies,,Epix,Epix,Epix,Epix,Epix,Epix,Epix,Epix,,,Showtime + Starz + Epix,,,,EPIX,EPIX,EPIX,EPIX,,,,,,,,,,,,,,,,,,,,,,,,,,,,,,,,,,,,,,,,,,,,,,,,,,,,,0,0,0,0,0
ESPN,,Sports,,,Yes,,Yes,Yes,Yes,Yes,Yes,Yes,Yes,Yes,,,Yes,Yes,Yes,Yes,,,,,,,,,,,,,,,,,,,,,,,,,,,,,,,,,,,,,,,,,,,,,,,,,,,,,,0,0,0,0,0
ESPN 2,ESPN2,Sports,,,Yes,,Yes,Yes,Yes,Yes,Yes,Yes,Yes,Yes,,,Yes,Yes,Yes,Yes,,,,,,,,,,,,,,,,,,,,,,,,,,,,,,,,,,,,,,,,,,,,,,,,,,,,,,0,0,0,0,0
ESPN 3,ESPN3,Sports,1,,Yes,,Yes,,,,,,,,,,,,,,,,,,,,,,,,,,,,,,,,,,,,,,,,,,,,,1,,1,,,,,,,,,,,,,,,,,,,,0,0,0,0,2
ESPN College Extra,,Sports,,,,,,,,,,,Yes,,,,,,Yes,Yes,,,,,,,,,,,,,,,,,,,,,,,,,,,,,,,,,,,,,,,,,,,,,,,,,,,,,,0,0,0,0,0
ESPN Deportes,,Spanish,,,,,,Espanol,Espanol,Espanol,Espanol,,Espanol,Fubo Latino Quarterly,,,Yes,,,Yes,,,,,,,,,,,,,,,,,,,,,,,,,,,,,,,,,,,,,,,,,,,,,,,,,,,,,,0,0,0,0,0
ESPNews,"ESPN News, ESPNNews",Sports,,,Sports Extra,,Sports Extra,,Yes,Yes,Yes,Yes,Yes,Fubo Extra,,,Yes,,Yes,Yes,,,,,,,,,,,,,,,,,,,,,,,,,,,,,,,,,,,,,,,,,,,,,,,,,,,,,,0,0,0,0,0
ESPNu,ESPN U,Sports,,,Sports Extra,,Sports Extra,,Yes,Yes,Yes,Yes,Yes,Fubo Extra,,,Yes,,Yes,Yes,,,,,,,,,,,,,,,,,,,,,,,,,,,,,,,,,,,,,,,,,,,,,,,,,,,,,,0,0,0,0,0
Estrella TV,EstrellaTV,Spanish,,,Best of Spanish TV,Best of Spanish TV,Best of Spanish TV,Espanol,Espanol,Espanol,Espanol,,,Yes,,,,,,,,,,,,,,,,,,,,,,,,,,,,,,,,,,,,,,,,,,,,,,,,,,,,,,,,,,,,0,0,0,0,0
Estudio 5,,Spanish,,,Sudamérica Service,Sudamérica Service,Sudamérica Service,,,,,,,,,,Yes,,,,,,,,,,,,,,,,,,,,,,,,,,,,,,,,,,,,,,,,,,,,,,,,,,,,,,,,,0,0,0,0,0
estvESTV,,Sports,,,,,,,,,,,,,Yes,,,,,,,,,,,,,,,,,,,,,,,,,,,,,,,,,,,,,,,,,,,,,,,,,,,,,,,,,,,0,0,0,0,0
Euro News,Euronews,News,,,News Extra,News Extra,News Extra,,,,,,,,Yes,,,,,,,,,,,,,,,,,,,,,,,,,,,,,,,,,,,,,,,,,,,,,,,,,,,,,,,,,,,0,0,0,0,0
EVTV,,Spanish,,,Sudamérica Service,Sudamérica Service,Sudamérica Service,,,,,,,,,,,,,,,,,,,,,,,,,,,,,,,,,,,,,,,,,,,,,,,,,,,,,,,,,,,,,,,,,,,0,0,0,0,0
FETV,,Entertainment,,,Comedy Extra,Comedy Extra,Comedy Extra,,,,,,,,,,,,,,,,,,,,,,,,,,,,,,,,,,,,,,,,,,,,,,,,,,,,,,,,,,,,,,,,,,,0,0,0,0,0
Fido TV,,Entertainment,,,,,,,,,,,,,Yes,,,,,,,,,,,,,,,,,,,,,,,,,,,,,,,,,,,,,,,,,,,,,,,,,,,,,,,,,,,0,0,0,0,0
Fight Network,The Fight Network,Sports,,,,,,,,,,,,Sports Plus with NFL RedZone,Premium,,,,,,,,,,,,,,,,,,,,,,,,,,,,,,,,,,,,,,,,,,,,,,,,,,,,,,,,,,,0,0,0,0,0
Film 24,Film 24H,International,,,,,,Vietnamese,Vietnamese,Vietnamese,Vietnamese,,,,,,,,,,,,,,,,,,,,,,,,,,,,,,,,,,,,,,,,,,,,,,,,,,,,,,,,,,,,,,,0,0,0,0,0
Fite,,Sports,,,,,,,,,,,,,Yes,,,,,,,,,,,,,,,,,,,,,,,,,,,,,,,,,,,,,,,,,,,,,,,,,,,,,,,,,,,0,0,0,0,0
FlixLatino,,Spanish,,,FlixLatino,FlixLatino,FlixLatino,,,,,,,,,,,,,,,,,,,,,,,,,,,,,,,,,,,,,,,,,,,,,,,,,,,,,,,,,,,,,,,,,,,0,0,0,0,0
FM,,Music,,,,,,,,Yes,Yes,,,,,,,,,,,,,,,,,,,,,,,,,,,,,,,,,,,,,,,,,,,,,,,,,,,,,,,,,,,,,,,0,0,0,0,0
Fntsy Sports Network,,Sports,,,,,,,,,,,,,Premium,,,,,,,,,,,,,,,,,,,,,,,,,,,,,,,,,,,,,,,,,,,,,,,,,,,,,,,,,,,0,0,0,0,0
Food Network,Food,Lifestyle,,Yes,Yes,Yes,Yes,Yes,Yes,Yes,Yes,Yes,Yes,Yes,,,Yes,Yes,Yes,Yes,Yes,,,,,Yes,,,,,,,,,,,,,,,,,,,,,,,,,,,,,,,,,,,,,,,,,,,,,,,,0,0,0,0,0
ForoTV,,Spanish,,,,,,Espanol,Espanol,Espanol,Espanol,,,Entretenimiento Plus,,,,,,,,,,,,,,,,,,,,,,,,,,,,,,,,,,,,,,,,,,,,,,,,,,,,,,,,,,,,0,0,0,0,0
FOX,,Broadcast,1,,,Yes,Yes,Yes,Yes,Yes,Yes,Yes,Yes,Yes,,,Yes,Yes,Yes,Yes,,,,,,,,,,,,,,,1,,,,,,,,,,,,,,,1,,,1,1,1,1,1,1,1,1,1,,,1,1,1,1,,,,,,,0,0,0,0,1
Fox Business,Fox Business Network,News,,,,News Extra,News Extra,Yes,Yes,Yes,Yes,Yes,Yes,Yes,,,Yes,Yes,Yes,Yes,,,,,,,,,,,,,,,,,,,,,,,,,,,,,,,,,,,,,,,,,,,,,,,,,,,,,,0,0,0,0,0
Fox College Sports,,Sports,,,,,,,,,,Sports Plus,,,,,,,,,,,,,,,,,,,,,,,,,,,,,,,,,,,,,,,,,,,,,,,,,,,,,,,,,,,,,,0,0,0,0,0
Fox Deportes,,Spanish,,,,,,Espanol,Espanol,Espanol,Espanol,,Espanol,Fubo Latino Quarterly,,,Yes,,,Yes,,,,,,,,,,,,,,,,,,,,,,,,,,,,,,,,,,,,,,,,,,,,,,,,,,,,,,0,0,0,0,0
Fox News,"FNC, Fox News Channel",News,,,,Yes,Yes,Yes,Yes,Yes,Yes,Yes,Yes,Yes,,,Yes,Yes,Yes,Yes,,,,,,,,,,,,,,,,,,,,,,,,,,,,,,,,,,,,,,,,,,,,,,,,,,,,,,0,0,0,0,0
Fox Soccer Plus,,Sports,,,,,,,,,,Sports Plus,,International Sports Plus,,,,,,,,,,,,,,,,,,,,,,,,,,,,,,,,,,,,,,,,,,,,,,,,,,,,,,,,,,,,0,0,0,0,0
Fox Sports 1,"FS1, FS 1",Sports,,,,Yes,Yes,Yes,Yes,Yes,Yes,Yes,Yes,Yes,,,Yes,Yes,Yes,Yes,,,,,,,,,,,,,,,,,,,,,,,,,,,,,,,,,,,,,,,,,,,,,,,,,,,,,,0,0,0,0,0
Fox Sports 2,"FS2, FS 2,",Sports,,,,Sports Extra,Sports Extra,,,Yes,Yes,Yes,Yes,Yes,,,Yes,Yes,Yes,Yes,,,,,,,,,,,,,,,,,,,,,,,,,,,,,,,,,,,,,,,,,,,,,,,,,,,,,,0,0,0,0,0
Fox Sports Regionals,"Fox RSNs, Fox Sports",Regional Sports,,,,,,,Yes,Yes,Yes,,,,,,,,,,,,,,,,,,,,,,,,,,,,,,,,,,,,,,,,,,,,,,,,,,,,,,,,,,,,,,,0,0,0,0,0
Fox Sports Southeast,,Regional Sports,,,,,,,Yes,Yes,Yes,,,,,,,,,,,,,,,,,,,,,,,,,,,,,,,,,,,,,,,,,,,,,,,,,,,,,,,,,,,,,,,0,0,0,0,0
Fox Sports Sun,,Regional Sports,,,,,,,Yes,Yes,Yes,,,,,,,,,,,,,,,,,,,,,,,,,,,,,,,,,,,,,,,,,,,,,,,,,,,,,,,,,,,,,,,0,0,0,0,0
Foxlife,Fox Life,Spanish,,,,,,Espanol,Espanol,Espanol,Espanol,,,Latino Plus,,,Yes,,,Yes,,,,,,,,,,,,,,,,,,,,,,,,,,,,,,,,,,,,,,,,,,,,,,,,,,,,,,0,0,0,0,0
France24,France 24,News,,,,News Extra,News Extra,,,,,,,,Yes,,,,,,,,,,,,,,,,,,,,,,,,,,,,,,,,,,,,,,,,,,,,,,,,,,,,,,,,,,,0,0,0,0,0
France24 Espanol,France 24 en Espanol,Spanish,,,Best of Spanish TV,Best of Spanish TV,Best of Spanish TV,,,,,,,,Yes,,,,,,,,,,,,,,,,,,,,,,,,,,,,,,,,,,,,,,,,,,,,,,,,,,,,,,,,,,,0,0,0,0,0
Freeform,Free Form,Kids and family,,,Yes,,Yes,Yes,Yes,Yes,Yes,Yes,Yes,Yes,,,Yes,Yes,Yes,Yes,,,,,,,,,,,,,,,,,,,,,,,,,,,,,,,,,,,,,,,,,,,,,,,,,,,,,,0,0,0,0,0
Frndly TV: DVR Classic,,Addon,,,,,,,,,,,,,,Classic,,,,,,,,,,,,,,,,,,,,,,,,,,,,,,,,,,,,,,,,,,,,,,,,,,,,,,,,,,0,0,0,0,0
Frndly TV: DVR Premium,,Addon,,,,,,,,,,,,,,Premium,,,,,,,,,,,,,,,,,,,,,,,,,,,,,,,,,,,,,,,,,,,,,,,,,,,,,,,,,,0,0,0,0,0
Frndly: Classic,,Addon,,,,,,,,,,,,,,Classic,,,,,,,,,,,,,,,,,,,,,,,,,,,,,,,,,,,,,,,,,,,,,,,,,,,,,,,,,,0,0,0,0,0
Frndly: Premium,,Addon,,,,,,,,,,,,,,Premium,,,,,,,,,,,,,,,,,,,,,,,,,,,,,,,,,,,,,,,,,,,,,,,,,,,,,,,,,,0,0,0,0,0
FSN Arizona,,Regional Sports,,,,,,,Yes,Yes,Yes,,,,,,,,,,,,,,,,,,,,,,,,,,,,,,,,,,,,,,,,,,,,,,,,,,,,,,,,,,,,,,,0,0,0,0,0
FSN Cincinnati,,Regional Sports,,,,,,,Yes,Yes,Yes,,,,,,,,,,,,,,,,,,,,,,,,,,,,,,,,,,,,,,,,,,,,,,,,,,,,,,,,,,,,,,,0,0,0,0,0
FSN Detroit,,Regional Sports,,,,,,,Yes,Yes,Yes,,,,,,,,,,,,,,,,,,,,,,,,,,,,,,,,,,,,,,,,,,,,,,,,,,,,,,,,,,,,,,,0,0,0,0,0
FSN Florida,,Regional Sports,,,,,,,Yes,Yes,Yes,,,,,,,,,,,,,,,,,,,,,,,,,,,,,,,,,,,,,,,,,,,,,,,,,,,,,,,,,,,,,,,0,0,0,0,0
FSN Midwest,,Regional Sports,,,,,,,Yes,Yes,Yes,,,,,,,,,,,,,,,,,,,,,,,,,,,,,,,,,,,,,,,,,,,,,,,,,,,,,,,,,,,,,,,0,0,0,0,0
FSN North,,Regional Sports,,,,,,,Yes,Yes,Yes,,,,,,,,,,,,,,,,,,,,,,,,,,,,,,,,,,,,,,,,,,,,,,,,,,,,,,,,,,,,,,,0,0,0,0,0
FSN Ohio,,Regional Sports,,,,,,,Yes,Yes,Yes,,,,,,,,,,,,,,,,,,,,,,,,,,,,,,,,,,,,,,,,,,,,,,,,,,,,,,,,,,,,,,,0,0,0,0,0
FSN Oklahoma,,Regional Sports,,,,,,,Yes,Yes,Yes,,,,,,,,,,,,,,,,,,,,,,,,,,,,,,,,,,,,,,,,,,,,,,,,,,,,,,,,,,,,,,,0,0,0,0,0
FSN San Diego,,Regional Sports,,,,,,,Yes,Yes,Yes,,,,,,,,,,,,,,,,,,,,,,,,,,,,,,,,,,,,,,,,,,,,,,,,,,,,,,,,,,,,,,,0,0,0,0,0
FSN South,,Regional Sports,,,,,,,Yes,Yes,Yes,,,,,,,,,,,,,,,,,,,,,,,,,,,,,,,,,,,,,,,,,,,,,,,,,,,,,,,,,,,,,,,0,0,0,0,0
FSN Southwest,,Regional Sports,,,,,,,Yes,Yes,Yes,,,,,,,,,,,,,,,,,,,,,,,,,,,,,,,,,,,,,,,,,,,,,,,,,,,,,,,,,,,,,,,0,0,0,0,0
FSN West,,Regional Sports,,,,,,,Yes,Yes,Yes,,,,,,,,,,,,,,,,,,,,,,,,,,,,,,,,,,,,,,,,,,,,,,,,,,,,,,,,,,,,,,,0,0,0,0,0
FSN Wisconsin,,Regional Sports,,,,,,,Yes,Yes,Yes,,,,,,,,,,,,,,,,,,,,,,,,,,,,,,,,,,,,,,,,,,,,,,,,,,,,,,,,,,,,,,,0,0,0,0,0
Fubo Movie Network,,Movies,,,,,,,,,,,,Yes,,,,,,,,,,,,,,,,,,,,,,,,,,,,,,,,,,,,,,,,,,,,,,,,,,,,,,,,,,,,0,0,0,0,0
Fubo Sports Network,FSN,Sports,,,,,,,,,,,,Yes,,,,,,,,,,,,,,,,,,,,,,,,,,,,,,,,,,,,,,,,,,,,,,,,,,,,,,,,,,,,0,0,0,0,0
Fubo Sports Network 2,FSN2,Sports,,,,,,,,,,,,Yes,,,,,,,,,,,,,,,,,,,,,,,,,,,,,,,,,,,,,,,,,,,,,,,,,,,,,,,,,,,,0,0,0,0,0
Fubo TV: Cloud DVR 1000,,Addon,,,,,,,,,,,,Cloud DVR 1000,,,,,,,,,,,,,,,,,,,,,,,,,,,,,,,,,,,,,,,,,,,,,,,,,,,,,,,,,,,,0,0,0,0,0
Fubo TV: Cloud DVR 250,,Addon,,,,,,,,,,,,Cloud DVR 250,,,,,,,,,,,,,,,,,,,,,,,,,,,,,,,,,,,,,,,,,,,,,,,,,,,,,,,,,,,,0,0,0,0,0
Fubo TV: Family Share,,Addon,,,,,,,,,,,,Family Share,,,,,,,,,,,,,,,,,,,,,,,,,,,,,,,,,,,,,,,,,,,,,,,,,,,,,,,,,,,,0,0,0,0,0
Fubo TV: Family Share Max,,Addon,,,,,,,,,,,,Family Share Max,,,,,,,,,,,,,,,,,,,,,,,,,,,,,,,,,,,,,,,,,,,,,,,,,,,,,,,,,,,,0,0,0,0,0
Fubo TV: Showtime + Starz + Epix,,Addon,,,,,,,,,,,,Showtime + Starz + Epix,,,,,,,,,,,,,,,,,,,,,,,,,,,,,,,,,,,,,,,,,,,,,,,,,,,,,,,,,,,,0,0,0,0,0
Fuse,,Music,,,Yes,Yes,Yes,,Yes,Yes,Yes,,,Fubo Extra,,,,,,,,,,,,,,,,,,,,,,,,,,,,,,,,,,,,,,,,,,,,,,,,,,,,,,,,,,,,0,0,0,0,0
FX,FX Network,Entertainment,,,,Yes,Yes,Yes,Yes,Yes,Yes,Yes,Yes,Yes,,,Yes,Yes,Yes,Yes,,,,,,,,,,,,,,,,,,,,,,,,,,,,,,,,,,,,,,,,,,,,,,,,,,,,,,0,0,0,0,0
FX Movies,"FXM, FX Movie Channel",Movies,,,,Hollywood Extra,Hollywood Extra,,,Yes,Yes,Yes,Yes,Fubo Extra,,,Yes,,Yes,Yes,,,,,,,,,,,,,,,,,,,,,,,,,,,,,,,,,,,,,,,,,,,,,,,,,,,,,,0,0,0,0,0
FXX,,Entertainment,,,,Hollywood Extra,Hollywood Extra,Yes,Yes,Yes,Yes,Yes,Yes,Yes,,,Yes,Yes,Yes,Yes,,,,,,,,,,,,,,,,,,,,,,,,,,,,,,,,,,,,,,,,,,,,,,,,,,,,,,0,0,0,0,0
FYI,"Fyi,",Lifestyle,,Yes,Lifestyle Extra,Lifestyle Extra,Lifestyle Extra,,,Yes,Yes,,Yes,Yes,,,Yes,,,,,,,,,Yes,,,,,,,,,,,,,,,,,,,,,,,,,,,,,,,,,,,,,,,,,,,,,,,,0,0,0,0,0
Galavision,Galavisión,Spanish,,,,,,Yes,Yes,Yes,Yes,,,Yes,,,,,,,,,,,,,,,,,,,,,,,,,,,,,,,,,,,,,,,,,,,,,,,,,,,,,,,,,,,,0,0,0,0,0
Game Plus,Game+,Sports,,,,,,,,,,,,Sports Plus with NFL RedZone,,,,,,,,,,,,,,,,,,,,,,,,,,,,,,,,,,,,,,,,,,,,,,,,,,,,,,,,,,,,0,0,0,0,0
Game Show Network,"GSN, Gameshow",Entertainment,,Yes,Comedy Extra,Comedy Extra,Comedy Extra,,Yes,Yes,Yes,,,Fubo Extra,Premium,Yes,Yes,,,,,,,,,Yes,,,,,,,,,,,,,,,,,,,,,,,,,,,,,,,,,,,,,,,,,,,,,,,,0,0,0,0,0
GetTV,Get TV,Entertainment,,Yes,,,,,,,,,,Yes,,,Yes,,,,,,,,,,,,,,,,,,,,,,,,,,,,,,,,,,,,,,,,,,,,,,,,,,,,,,,,,0,0,0,0,0
Ginx Esports,GINX,Sports,,,,,,,,,,,,Fubo Extra,,,,,,,,,,,,,,,,,,,,,,,,,,,,,,,,,,,,,,,,,,,,,,,,,,,,,,,,,,,,0,0,0,0,0
Globo,,International,,,,,,Brazillian (Portuguese),Brazillian (Portuguese),Brazillian (Portuguese),Brazillian (Portuguese),,,,,,,,,,,,,,,,,,,,,,,,,,,,,,,,,,,,,,,,,,,,,,,,,,,,,,,,,,,,,,,0,0,0,0,0
Golf Channel,"Golf, Golf Network, The Golf Channel, NBC Golf",Sports,,,,Sports Extra,Sports Extra,,,Yes,Yes,Yes,Yes,Yes,,,,,Yes,Yes,,,,,,,,,,,,,,,,,,,,,,,,,,,,,,,,,,,,,,,,,,,,,,,,,,,,,,0,0,0,0,0
GolTV,"GolTV English, GolTV (English)",Sports,,,,,,Espanol,Espanol,Espanol,Espanol,Sports Plus,,Sports Plus with NFL RedZone,,,,,,,,,,,,,,,,,,,,,,,,,,,,,,,,,,,,,,,,,,,,,,,,,,,,,,,,,,,,0,0,0,0,0
GolTV Spanish,GolTV (Spanish),Sports,,,,,,,,,,,,Sports Plus with NFL RedZone,,,,,,,,,,,,,,,,,,,,,,,,,,,,,,,,,,,,,,,,,,,,,,,,,,,,,,,,,,,,0,0,0,0,0
Great American Country,GAC,Entertainment,,Yes,Heartland Extra,Heartland Extra,Heartland Extra,,,Yes,Yes,,Entertainment,Fubo Extra,,,,,Yes,Yes,,,,,,,,,,,,,,,,,,,,,,,,,,,,,,,,,,,,,,,,,,,,,,,,,,,,,,0,0,0,0,0
Grit,,Entertainment,,,Hollywood Extra,Hollywood Extra,Hollywood Extra,,,,,,,,,,,,,,,,,,,,,,,,,,,,,,,,,,,,,,,,,,,,,,,,,,,,,,,,,,,,,,,,,,,0,0,0,0,0
Grokker,,International,,,Grokker,Grokker,Grokker,,,,,,,,,,,,,,,,,,,,,,,,,,,,,,,,,,,,,,,,,,,,,,,,,,,,,,,,,,,,,,,,,,,0,0,0,0,0
Hallmark,Hallmark Channel,Kids and family,,Yes,Lifestyle Extra,Lifestyle Extra,Lifestyle Extra,Yes,Yes,Yes,Yes,,,Yes,,Yes,Yes,Yes,Yes,Yes,Yes,,,,,Yes,,,,,,,,,,,,,,,,,,,,,,,,,,,,,,,,,,,,,,,,,,,,,,,,0,0,0,0,0
Hallmark Drama,,Kids and family,,Yes,Lifestyle Extra,Lifestyle Extra,Lifestyle Extra,Movies Extra Pack,Movies Extra Pack,Movies Extra Pack,Movies Extra Pack,,,Yes,,Yes,Yes,Yes,Yes,Yes,Yes,,,,,Yes,,,,,,,,,,,,,,,,,,,,,,,,,,,,,,,,,,,,,,,,,,,,,,,,0,0,0,0,0
Hallmark Movies & Mysteries,"Hallmark Movies, Hallmark Movies and Mysteries",Kids and family,,Yes,Lifestyle Extra,Lifestyle Extra,Lifestyle Extra,Yes,Movies Extra Pack,Movies Extra Pack,Yes,,,Yes,,Yes,Yes,Yes,Yes,Yes,Yes,,,,,Yes,,,,,,,,,,,,,,,,,,,,,,,,,,,,,,,,,,,,,,,,,,,,,,,,0,0,0,0,0
Hallmark Movies Now,,Kids and family,,,Hallmark Movies Now,Hallmark Movies Now,Hallmark Movies Now,,,,,Hallmark Movies Now,,,,,,,,,,,,,,,,,,,,,,,,,,,,,,,,,,,,,,,,,,,,,,,,,,,,,,,,,,,,,,0,0,0,0,0
HBO,Home Box Office,Premium movies,1,,,,,HBO Max,HBO Max,HBO Max,Yes,HBO,,,,,,,,,,,,,,,,,,,,,,,,,,,,,,,,,,,,,,,,,,,2,2,2,1,2,,,,,,,,,,,,,,,0,0,0,0,3
HBO Family,,Premium movies,,,,,,HBO Max,HBO Max,HBO Max,Yes,,,,,,,,,,,,,,,,,,,,,,,,,,,,,,,,,,,,,,,,,,,,,,,,,,,,,,,,,,,,,,,0,0,0,0,0
HBO Latino,,Premium movies,,,,,,HBO Max,HBO Max,HBO Max,Yes,,,,,,,,,,,,,,,,,,,,,,,,,,,,,,,,,,,,,,,,,,,,,,,,,,,,,,,,,,,,,,,0,0,0,0,0
HBO Max,,Premium movies,,,,,,HBO Max,HBO Max,HBO Max,HBO Max,HBO Max,HBO Max,,,,,,,,,,,,,,,,,,,,,,,,,,,,,,,,,,,,,,,,,,,,,,,,,,,,,,,,,,,,,0,0,0,0,0
HBO2,HBO 2,Premium movies,,,,,,HBO Max,HBO Max,HBO Max,Yes,,,,,,,,,,,,,,,,,,,,,,,,,,,,,,,,,,,,,,,,,,,,,,,,,,,,,,,,,,,,,,,0,0,0,0,0
HDnet Movies,,Movies,,,Hollywood Extra,Hollywood Extra,Hollywood Extra,Movies Extra Pack,Movies Extra Pack,Movies Extra Pack,Movies Extra Pack,,,,,,,,,,,,,,,Yes,,,,,,,,,,,,,,,,,,,,,,,,,,,,,,,,,,,,,,,,,,,,,,,,0,0,0,0,0
Here TV,,Lifestyle,,,Here TV,Here TV,Here TV,,,,,,,,,,,,,,,,,,,,,,,,,,,,,,,,,,,,,,,,,,,,,,,,,,,,,,,,,,,,,,,,,,,0,0,0,0,0
Heroes & Icons,,Entertainment,,,Hollywood Extra,Hollywood Extra,Hollywood Extra,,,,,,,,,,,,,,,,,,,,,,,,,,,,,,,,,,,,,,,,,,,,,,,,,,,,,,,,,,,,,,,,,,,0,0,0,0,0
HGTV,,Lifestyle,,Yes,Yes,Yes,Yes,Yes,Yes,Yes,Yes,Yes,Yes,Yes,,,Yes,Yes,Yes,Yes,Yes,,,,,Yes,,,,,,,,,,,,,,,,,,,,,,,,,,,,,,,,,,,,,,,,,,,,,,,,0,0,0,0,0
History,"History Channel, The History Channel",Entertainment,,Yes,Yes,Yes,Yes,Yes,Yes,Yes,Yes,,Yes,Yes,,,Yes,,,,,,,,,Yes,,,,,,,,,,,,,,,,,,,,,,,,,,,,,,,,,,,,,,,,,,,,,,,,0,0,0,0,0
History En Español,"History Channel En Español, The History Channel en Español, History en Espanol",Spanish,,,Best of Spanish TV,Best of Spanish TV,Best of Spanish TV,Espanol,Espanol,Espanol,Espanol,,Espanol,,,,Yes,,,,,,,,,,,,,,,,,,,,,,,,,,,,,,,,,,,,,,,,,,,,,,,,,,,,,,,,,0,0,0,0,0
HITN TV,HITN,Spanish,,,,,,Espanol,Espanol,Espanol,Espanol,,,,,,,,,,,,,,,,,,,,,,,,,,,,,,,,,,,,,,,,,,,,,,,,,,,,,,,,,,,,,,,0,0,0,0,0
Hi-YAH!,,Sports,,,Hi-YAH!,Hi-YAH!,Hi-YAH!,,,,,,,,,,,,,,,,,,,,,,,,,,,,,,,,,,,,,,,,,,,,,,,,,,,,,,,,,,,,,,,,,,,0,0,0,0,0
HLN,,News,,,News Extra,Yes,News Extra,Yes,Yes,Yes,Yes,Yes,Yes,,,,,Yes,Yes,Yes,,,,,,,,,,,,,,,,,,,,,,,,,,,,,,,,,,,,,,,,,,,,,,,,,,,,,,0,0,0,0,0
Hogar De HGTV,,Spanish,,,,,,,,,,,,,,,Yes,,,,,,,,,,,,,,,,,,,,,,,,,,,,,,,,,,,,,,,,,,,,,,,,,,,,,,,,,0,0,0,0,0
HONVIETV,,International,,,,,,Vietnamese,Vietnamese,Vietnamese,Vietnamese,,,,,,,,,,,,,,,,,,,,,,,,,,,,,,,,,,,,,,,,,,,,,,,,,,,,,,,,,,,,,,,0,0,0,0,0
Hopster,,Kids and family,,,Hopster,Hopster,Hopster,,,,,,,,,,,,,,,,,,,,,,,,,,,,,,,,,,,,,,,,,,,,,,,,,,,,,,,,,,,,,,,,,,,0,0,0,0,0
Horse and Country,,Lifestyle,,,,,,,,,,,,,Yes,,,,,,,,,,,,,,,,,,,,,,,,,,,,,,,,,,,,,,,,,,,,,,,,,,,,,,,,,,,0,0,0,0,0
HorseTV,,Lifestyle,,,,,,,,,,,,,Yes,,,,,,,,,,,,,,,,,,,,,,,,,,,,,,,,,,,,,,,,,,,,,,,,,,,,,,,,,,,0,0,0,0,0
HSN,Home Shopping Network,Lifestyle,,,,,,Yes,Yes,Yes,Yes,,,,,,,,,,,,,,,,,,,,,,,,,,,,,,,,,,,,,,,,,,,,,,,,,,,,,,,,,,,,,,,0,0,0,0,0
Hulu with Live TV: Cloud DVR + Screens,,Addon,,,,,,,,,,,Cloud DVR + Screens,,,,,,,,,,,,,,,,,,,,,,,,,,,,,,,,,,,,,,,,,,,,,,,,,,,,,,,,,,,,,0,0,0,0,0
Hulu with Live TV: Enhanced Cloud DVR,,Addon,,,,,,,,,,,Enhanced Cloud DVR,,,,,,,,,,,,,,,,,,,,,,,,,,,,,,,,,,,,,,,,,,,,,,,,,,,,,,,,,,,,,0,0,0,0,0
Hulu with Live TV: No Ads,,Addon,,,,,,,,,,,No Ads,,,,,,,,,,,,,,,,,,,,,,,,,,,,,,,,,,,,,,,,,,,,,,,,,,,,,,,,,,,,,0,0,0,0,0
Hulu with Live TV: Unlimited Screens,,Addon,,,,,,,,,,,Unlimited Screens,,,,,,,,,,,,,,,,,,,,,,,,,,,,,,,,,,,,,,,,,,,,,,,,,,,,,,,,,,,,,0,0,0,0,0
Hunt Channel,,Lifestyle,,,,,,,,,,,,,Yes,,,,,,,,,,,,,,,,,,,,,,,,,,,,,,,,,,,,,,,,,,,,,,,,,,,,,,,,,,,0,0,0,0,0
IFC,,Entertainment,,Yes,Yes,Yes,Yes,Yes,Yes,Yes,Yes,Yes,,Yes,,,,Yes,Yes,Yes,Yes,,,,,Yes,,,,,,,,,,,,,,,,,,,,,,,,,,,,,,,,,,,,,,,,,,,,,,,,0,0,0,0,0
InfoWars,,Entertainment,,,,,,,,,,,,,Yes,,,,,,,,,,,,,,,,,,,,,,,,,,,,,,,,,,,,,,,,,,,,,,,,,,,,,,,,,,,0,0,0,0,0
Insight TV,,Entertainment,,,,,,,,,,,,Adventure Plus,,,,,,,,,,,,,,,,,,,,,,,,,,,,,,,,,,,,,,,,,,,,,,,,,,,,,,,,,,,,0,0,0,0,0
Insp,,Entertainment,,Yes,,,,,,,,,,Fubo Extra,,Yes,Yes,,,,,,,,,,,,,,,,,,,,,,,,,,,,,,,,,,,,,,,,,,,,,,,,,,,,,,,,,0,0,0,0,0
Investigation Discovery,ID,Entertainment,,Yes,Yes,Yes,Yes,Yes,Yes,Yes,Yes,Yes,Yes,Yes,,,Yes,Yes,Yes,Yes,Yes,,,,,Yes,,,,,,,,,,,,,,,,,,,,,,,,,,,,,,,,,,,,,,,,,,,,,,,,0,0,0,0,0
Justice Central,,Entertainment,,,,,,,Yes,Yes,Yes,,,,,,,,,,,,,,,,,,,,,,,,,,,,,,,,,,,,,,,,,,,,,,,,,,,,,,,,,,,,,,,0,0,0,0,0
Kartoon Channel!,,Kids and family,,,Kartoon Channel!,Kartoon Channel!,Kartoon Channel!,,,,,,,,,,,,,,,,,,,,,,,,,,,,,,,,,,,,,,,,,,,,,,,,,,,,,,,,,,,,,,,,,,,0,0,0,0,0
KBS World,,International,,,,,,Korean,Korean,Korean,Korean,,,,,,,,,,,,,,,,,,,,,,,,,,,,,,,,,,,,,,,,,,,,,,,,,,,,,,,,,,,,,,,0,0,0,0,0
Kids Central,,Kids and family,,,,,,,,,,,,,,,Yes,,,,,,,,,,,,,,,,,,,,,,,,,,,,,,,,,,,,,,,,,,,,,,,,,,,,,,,,,0,0,0,0,0
Laff,,Entertainment,,,Comedy Extra,Comedy Extra,Comedy Extra,,,,,,,,,,,,,,,,,,,,,,,,,,,,,,,,,,,,,,,,,,,,,,,,,,,,,,,,,,,,,,,,,,,0,0,0,0,0
Law And Crime,"Law & Crime, Law&Crime",News,,Yes,News Extra,News Extra,News Extra,,,,,,,Fubo Extra,Yes,,Yes,,,,,,,,,,,,,,,,,,,,,,,,,,,,,,,,,,,,,,,,,,,,,,,,,,,,,,,,,0,0,0,0,0
Level Up,,News,,,,,,,,,,,,,Yes,,,,,,,,,,,,,,,,,,,,,,,,,,,,,,,,,,,,,,,,,,,,,,,,,,,,,,,,,,,0,0,0,0,0
Lifetime,Lifetime TV Shows & Movies,Lifestyle,,Yes,Yes,Yes,Yes,Yes,Yes,Yes,Yes,,Yes,Yes,,,Yes,,,,,,,,,Yes,,,,,,,,,,,,,,,,,,,,,,,,,,,,,,,,,,,,,,,,,,,,,,,,0,0,0,0,0
Lifetime Movie Network,"Lmn, Lifetime Movies",Movies,,Yes,Lifestyle Extra,Lifestyle Extra,Lifestyle Extra,,,Yes,Yes,,Yes,Yes,,,Yes,,,,,,,,,Yes,,,,,,,,,,,,,,,,,,,,,,,,,,,,,,,,,,,,,,,,,,,,,,,,0,0,0,0,0
Light TV,,Entertainment,,,,,,,,,,,,,,Yes,,,,,,,,,,,,,,,,,,,,,,,,,,,,,,,,,,,,,,,,,,,,,,,,,,,,,,,,,,0,0,0,0,0
Lion Mountain TV,,Entertainment,,,Lion Mountain TV,Lion Mountain TV,Lion Mountain TV,,,,,,,,,,,,,,,,,,,,,,,,,,,,,,,,,,,,,,,,,,,,,,,,,,,,,,,,,,,,,,,,,,,0,0,0,0,0
Local Now,,News,,,Yes,Yes,Yes,,,,,Yes,,Yes,,,,,,,,,,,,,,,,,,,,,,,,,,,,,,,,,,,,,,,,,,,,,,,,,,,,,,,,,,,,0,0,0,0,0
Logo,,Lifestyle,,Yes,Comedy Extra,Comedy Extra,Comedy Extra,,,Yes,Yes,,,Fubo Extra,,,,,,,,,,,,Yes,,,,,,,,,,,,,,,,,,,,,,,,,,,,,,,,,,,,,,,,,,,,,,,,0,0,0,0,0
Longhorn Network,The Longhorn Network,Regional Sports,,,Sports Extra,,Sports Extra,,Yes,Yes,Yes,,,,,,Yes,,,Yes,,,,,,,,,,,,,,,,,,,,,,,,,,,,,,,,,,,,,,,,,,,,,,,,,,,,,,0,0,0,0,0
Los Angeles Football Club,LAFC,Regional Sports,,,,,,,,,,Yes,,,,,,,,,,,,,,,,,,,,,,,,,,,,,,,,,,,,,,,,,,,,,,,,,,,,,,,,,,,,,,0,0,0,0,0
Magnolia Selects,,Movies,,,Magnolia Selects,Magnolia Selects,Magnolia Selects,,,,,,,,,,,,,,,,,,,,,,,,,,,,,,,,,,,,,,,,,,,,,,,,,,,,,,,,,,,,,,,,,,,0,0,0,0,0
Marquee Sports Network,,Regional Sports,,,,,,,Yes,Yes,Yes,,,,,,,,,,,,,,,,,,,,,,,,,,,,,,,,,,,,,,,,,,,,,,,,,,,,,,,,,,,,,,,0,0,0,0,0
Más Chic,,International,,,,,,,,,,,,Fubo Latino Quarterly,,,,,,,,,,,,,,,,,,,,,,,,,,,,,,,,,,,,,,,,,,,,,,,,,,,,,,,,,,,,0,0,0,0,0
MASN,,Regional Sports,,,,,,,Yes,Yes,Yes,,,,,,,,,,,,,,,,,,,,,,,,,,,,,,,,,,,,,,,,,,,,,,,,,,,,,,,,,,,,,,,0,0,0,0,0
MASN2,,Regional Sports,,,,,,,Yes,Yes,Yes,,,,,,,,,,,,,,,,,,,,,,,,,,,,,,,,,,,,,,,,,,,,,,,,,,,,,,,,,,,,,,,0,0,0,0,0
Mav TV,MAVTV,Sports,,,,,,,,,,Sports Plus,,Adventure Plus,,,Yes,,,Yes,,,,,,,,,,,,,,,,,,,,,,,,,,,,,,,,,,,,,,,,,,,,,,,,,,,,,,0,0,0,0,0
MBC,,International,,,,,,Korean,Korean,Korean,Korean,,,,,,,,,,,,,,,,,,,,,,,,,,,,,,,,,,,,,,,,,,,,,,,,,,,,,,,,,,,,,,,0,0,0,0,0
MBN,,International,,,,,,Korean,Korean,Korean,Korean,,,,,,,,,,,,,,,,,,,,,,,,,,,,,,,,,,,,,,,,,,,,,,,,,,,,,,,,,,,,,,,0,0,0,0,0
MegaTV,,Spanish,,,,,,Espanol,Espanol,Espanol,Espanol,,,,,,,,,,,,,,,,,,,,,,,,,,,,,,,,,,,,,,,,,,,,,,,,,,,,,,,,,,,,,,,0,0,0,0,0
Mexicanal,,Spanish,,,México Service,México Service,México Service,,,,,,,,,,,,,,,,,,,,,,,,,,,,,,,,,,,,,,,,,,,,,,,,,,,,,,,,,,,,,,,,,,,0,0,0,0,0
MGM,,Movies,,,,,,Movies Extra Pack,Movies Extra Pack,Movies Extra Pack,Movies Extra Pack,,,,,,,,,,,,,,,,,,,,,,,,,,,,,,,,,,,,,,,,,,,,,,,,,,,,,,,,,,,,,,,0,0,0,0,0
Milenio Televisión,,Spanish,,,México Service,México Service,México Service,,,,,,,,,,,,,,,,,,,,,,,,,,,,,,,,,,,,,,,,,,,,,,,,,,,,,,,,,,,,,,,,,,,0,0,0,0,0
Military History Channel,MHI,Entertainment,,,,,,,,,,,Entertainment,,,,,,,,,,,,,,,,,,,,,,,,,,,,,,,,,,,,,,,,,,,,,,,,,,,,,,,,,,,,,0,0,0,0,0
MLB Game of the Week,,Sports,,,,,,,,,,Yes,,,,,,,,,,,,,,,,,,,,,,,,,,,,,,,,,,,,,,,,,,,,,,,,,,,,,,,,,,,,,,0,0,0,0,0
MLB Network,"MLB, MLBN",Sports,,,Sports Extra,Sports Extra,Sports Extra,,Yes,Yes,Yes,Yes,,Fubo Extra,,,,,,,,,,,,,,,,,,,,,,,,,,,,,,,,,,,,,,,,,,,,,,,,,,,,,,,,,,,,0,0,0,0,0
MLB Strike Zone,"MLB Network Strike Zone, MLB Network StrikeZone, MLB Strikezone",Sports,,,Sports Extra,Sports Extra,Sports Extra,,,,,,,Sports Plus with NFL RedZone,,,,,,,,,,,,,,,,,,,,,,,,,,,,,,,,,,,,,,,,,,,,,,,,,,,,,,,,,,,,0,0,0,0,0
MLB.TV,,Sports,,,,,,,,,,MLB.TV,,,,,,,,,,,,,,,,,,,,,,,,,,,,,,,,,,,,,,,,,,,,,,,,,,,,,,,,,,,,,,0,0,0,0,0
Monsters & Nightmares,,Entertainment,,,Monsters & Nightmares,Monsters & Nightmares,Monsters & Nightmares,,,,,,,,,,,,,,,,,,,,,,,,,,,,,,,,,,,,,,,,,,,,,,,,,,,,,,,,,,,,,,,,,,,0,0,0,0,0
Motor Trend,"Motortrend, MotorTrend Network, Velocity",Sports,,Yes,Yes,,Yes,Yes,Yes,Yes,Yes,Yes,Yes,Yes,,,Yes,Yes,Yes,Yes,Yes,,,,,Yes,,,,,,,,,,,,,,,,,,,,,,,,,,,,,,,,,,,,,,,,,,,,,,,,0,0,0,0,0
MSG,,Regional Sports,,,,,,,Yes,Yes,Yes,,,,,,,,,,,,,,,,,,,,,,,,,,,,,,,,,,,,,,,,,,,,,,,,,,,,,,,,,,,,,,,0,0,0,0,0
MSG Plus,,Regional Sports,,,,,,,Yes,Yes,Yes,,,,,,,,,,,,,,,,,,,,,,,,,,,,,,,,,,,,,,,,,,,,,,,,,,,,,,,,,,,,,,,0,0,0,0,0
MSNBC,,News,,,,Yes,Yes,Yes,Yes,Yes,Yes,Yes,Yes,Yes,,,,Yes,Yes,Yes,,,,,,,,,,,,,,,,,,,,,,,,,,,,,,,,,,,,,,,,,,,,,,,,,,,,,,0,0,0,0,0
MTV,,Music,1,Yes,Comedy Extra,Comedy Extra,Comedy Extra,Yes,Yes,Yes,Yes,Yes,,Yes,,,Yes,Yes,Yes,Yes,Yes,,,,,Yes,1,,,,,,,,1,,,,,,,,,,,,,,,1,1,2,2,2,1,1,1,1,1,,1,,,1,1,1,1,1,,,,,1,0,0,0,0,3
MTV Classic,,Music,,Yes,,,,,,Yes,Yes,Yes,,Fubo Extra,,,Yes,Yes,Yes,Yes,Yes,,,,,Yes,,,,,,,,,,,,,,,,,,,,,,,,,,,,,,,,,,,,,,,,,,,,,,,,0,0,0,0,0
MTV Live,,Music,,Yes,,,,Movies Extra Pack,Movies Extra Pack,Movies Extra Pack,Movies Extra Pack,,,Fubo Extra,,,,,,,,,,,,Yes,,,,,,,,,,,,,,,,,,,,,,,,,,,,,,,,,,,,,,,,,,,,,,,,0,0,0,0,0
MTV2,MTV 2,Entertainment,,Yes,Comedy Extra,Comedy Extra,Comedy Extra,Yes,Yes,Yes,Yes,Yes,,Fubo Extra,,,Yes,Yes,Yes,Yes,Yes,,,,,Yes,,,,,,,,,,,,,,,,,,,,,,,,,,,,,,,,,,,,,,,,,,,,,,,,0,0,0,0,0
MTVu,MTV U,Music,,,,,,,,,,,,Fubo Extra,,,,,,,,,,,,Yes,,,,,,,,,,,,,,,,,,,,,,,,,,,,,,,,,,,,,,,,,,,,,,,,0,0,0,0,0
Multimedios,"Multimedios Televisión, Multimedios Television",Spanish,,,México Service,México Service,México Service,Espanol,Espanol,Espanol,Espanol,,,,,,,,,,,,,,,,,,,,,,,,,,,,,,,,,,,,,,,,,,,,,,,,,,,,,,,,,,,,,,,0,0,0,0,0
Multimedios Costa Rica,,International,,,Centroamérica Service,Centroamérica Service,Centroamérica Service,,,,,,,,,,,,,,,,,,,,,,,,,,,,,,,,,,,,,,,,,,,,,,,,,,,,,,,,,,,,,,,,,,,0,0,0,0,0
MynetworkTV,"My Network TV, My TV",Broadcast,,,,,,Yes,Yes,Yes,Yes,Yes,,,,,,,,,,,,,,,,,,,,,,,,,,,,,,,,,,,,,,,,,,,,,,,,,,,,,,,,,,,,,,0,0,0,0,0
NASA TV,NASA,Entertainment,,,,,,,,,,,Yes,,Yes,,,,,,,,,,,,,,,,,,,,,,,,,,,,,,,,,,,,,,,,,,,,,,,,,,,,,,,,,,,0,0,0,0,0
Nat Geo Mundo,"NatGeo Mundo, National Geographic Mundo",Spanish,,,Best of Spanish TV,Best of Spanish TV,Best of Spanish TV,Espanol,Espanol,Espanol,Espanol,,,Fubo Latino Quarterly,,,Yes,,,Yes,,,,,,,,,,,,,,,,,,,,,,,,,,,,,,,,,,,,,,,,,,,,,,,,,,,,,,0,0,0,0,0
Nat Geo Wild,"NGW, Natgeo Wild, National Geographic Wild",Lifestyle,,,,Heartland Extra,Heartland Extra,,,Yes,Yes,Yes,Yes,Fubo Extra,,,Yes,,Yes,Yes,,,,,,,,,,,,,,,,,,,,,,,,,,,,,,,,,,,,,,,,,,,,,,,,,,,,,,0,0,0,0,0
National Geographic,"NGC, National Geographic Channel, Natgeo, NAT GEO",Entertainment,,,,Yes,Yes,Yes,Yes,Yes,Yes,Yes,Yes,Yes,,,Yes,Yes,Yes,Yes,,,,,,,,,,,,,,,,,,,,,,,,,,,,,,,,,,,,,,,,,,,,,,,,,,,,,,0,0,0,0,0
National Geographic Korea,,International,,,,,,Korean,Korean,Korean,Korean,,,,,,,,,,,,,,,,,,,,,,,,,,,,,,,,,,,,,,,,,,,,,,,,,,,,,,,,,,,,,,,0,0,0,0,0
Nautical Channel,,Sports,,,,,,,,,,,,,Premium,,,,,,,,,,,,,,,,,,,,,,,,,,,,,,,,,,,,,,,,,,,,,,,,,,,,,,,,,,,0,0,0,0,0
NBA League Pass,,Sports,,,,,,NBA League Pass,NBA League Pass,NBA League Pass,NBA League Pass,NBA League Pass,,,,,,,,,,,,,,,,,,,,,,,,,,,,,,,,,,,,,,,,,,,,,,,,,,,,,,,,,,,,,,0,0,0,0,0
NBA TV,NBATV,Sports,,,Sports Extra,Sports Extra,Sports Extra,,Yes,Yes,Yes,Yes,,Fubo Extra,,,,,Yes,Yes,,,,,,,,,,,,,,,,,,,,,,,,,,,,,,,,,,,,,,,,,,,,,,,,,,,,,,0,0,0,0,0
NBC,,Broadcast,1,,,Yes,Yes,Yes,Yes,Yes,Yes,Yes,Yes,Yes,,,,Yes,Yes,Yes,,,,,,,,,,,,,,,1,,,,,,,,,,,,,,,1,,,1,1,1,1,1,1,1,1,1,,,,1,1,1,,,,,,,0,0,0,0,1
NBC News Now,,News,,,,,,,,,,Yes,,Yes,,,,Yes,Yes,Yes,,,,,,,,,,,,,,,,,,,,,,,,,,,,,,,,,,,,,,,,,,,,,,,,,,,,,,0,0,0,0,0
NBC Sports Bay Area,,Regional Sports,,,,,,,Yes,Yes,Yes,,,,,,,,,,,,,,,,,,,,,,,,,,,,,,,,,,,,,,,,,,,,,,,,,,,,,,,,,,,,,,,0,0,0,0,0
NBC Sports Boston,,Regional Sports,,,,,,,Yes,Yes,Yes,,,,,,,,,,,,,,,,,,,,,,,,,,,,,,,,,,,,,,,,,,,,,,,,,,,,,,,,,,,,,,,0,0,0,0,0
NBC Sports California,,Regional Sports,,,,,,,Yes,Yes,Yes,,,,,,,,,,,,,,,,,,,,,,,,,,,,,,,,,,,,,,,,,,,,,,,,,,,,,,,,,,,,,,,0,0,0,0,0
NBC Sports Chicago,,Regional Sports,,,,,,,Yes,Yes,Yes,,,,,,,,,,,,,,,,,,,,,,,,,,,,,,,,,,,,,,,,,,,,,,,,,,,,,,,,,,,,,,,0,0,0,0,0
NBC Sports Network,"NBCSN, NBC Sports",Sports,,,,Yes,Yes,Yes,Yes,Yes,Yes,Yes,Yes,Yes,,,,Yes,Yes,Yes,,,,,,,,,,,,,,,,,,,,,,,,,,,,,,,,,,,,,,,,,,,,,,,,,,,,,,0,0,0,0,0
NBC Sports Regionals,NBC RSNs,Regional Sports,,,,,,,Yes,Yes,Yes,,,,,,,,,,,,,,,,,,,,,,,,,,,,,,,,,,,,,,,,,,,,,,,,,,,,,,,,,,,,,,,0,0,0,0,0
NBC Sports Washington,,Regional Sports,,,,,,,Yes,Yes,Yes,,,,,,,,,,,,,,,,,,,,,,,,,,,,,,,,,,,,,,,,,,,,,,,,,,,,,,,,,,,,,,,0,0,0,0,0
NBCLX,"Local X, LocalX",News,,,,,,,,,,Yes,,Yes,,,,,,,,,,,,,,,,,,,,,,,,,,,,,,,,,,,,,,,,,,,,,,,,,,,,,,,,,,,,0,0,0,0,0
NDTV 24X7,,News,,,,News Extra,News Extra,,,,,,,,,,,,,,,,,,,,,,,,,,,,,,,,,,,,,,,,,,,,,,,,,,,,,,,,,,,,,,,,,,,0,0,0,0,0
NECN,,News,,,,,,,,,,Yes,,,,,,,,,,,,,,,,,,,,,,,,,,,,,,,,,,,,,,,,,,,,,,,,,,,,,,,,,,,,,,0,0,0,0,0
NESN,,Regional Sports,,,,,,,Yes,Yes,Yes,,,,,,,,,,,,,,,,,,,,,,,,,,,,,,,,,,,,,,,,,,,,,,,,,,,,,,,,,,,,,,,0,0,0,0,0
News18,News 18,News,,,News Extra,News Extra,News Extra,,,,,,,,,,,,,,,,,,,,,,,,,,,,,,,,,,,,,,,,,,,,,,,,,,,,,,,,,,,,,,,,,,,0,0,0,0,0
Newsmax,"NewsmaxTV, Newsmax TV",News,,,News Extra,News Extra,News Extra,Yes,Yes,Yes,Yes,,,Yes,Yes,,Yes,,Yes,Yes,,,,,,Yes,,,,,,,,,,,,,,,,,,,,,,,,,,,,,,,,,,,,,,,,,,,,,,,,0,0,0,0,0
NewsNation,"null, WGN America, WGNA",News,,,News Extra,News Extra,News Extra,,Yes,Yes,Yes,Yes,Yes,Yes,,,Yes,,,,,,,,,,,,,,,,,,,,,,,,,,,,,,,,,,,,,,,,,,,,,,,,,,,,,,,,,0,0,0,0,0
Newsy,,News,,Yes,Yes,Yes,Yes,,,,,Yes,,Fubo Extra,,,,,,,,,,,,Yes,,,,,,,,,,,,,,,,,,,,,,,,,,,,,,,,,,,,,,,,,,,,,,,,0,0,0,0,0
NFL Network,,Sports,,,,Yes,Yes,,,,,Yes,,Yes,,,Yes,,Yes,Yes,,,,,,,,,,,,,,,,,,,,,,,,,,,,,,,,,,,,,,,,,,,,,,,,,,,,,,0,0,0,0,0
NFL Red Zone,NFL Redzone,Sports,,,,Sports Extra,Sports Extra,,,,,Sports Plus,,Sports Plus with NFL RedZone,,,Yes,,,Yes,,,,,,,,,,,,,,,,,,,,,,,,,,,,,,,,,,,,,,,,,,,,,,,,,,,,,,0,0,0,0,0
NHL Network,,Sports,,,Sports Extra,Sports Extra,Sports Extra,,,Yes,Yes,,,Fubo Extra,,,,,,,,,,,,,,,,,,,,,,,,,,,,,,,,,,,,,,,,,,,,,,,,,,,,,,,,,,,,0,0,0,0,0
Nick Jr.,"Nick Jr, Nick Jur, NickJr, Nick Junior",Kids and family,,Yes,Yes,Yes,Yes,,Yes,Yes,Yes,Yes,,Yes,,,Yes,Yes,Yes,Yes,Yes,,,,,Yes,,,,,,,,,,,,,,,,,,,,,,,,,,,,,,,,,,,,,,,,,,,,,,,,0,0,0,0,0
Nick Music,NickMusic,Music,,,,,,,,,,,,Fubo Extra,,,,,,,,,,,,Yes,,,,,,,,,,,,,,,,,,,,,,,,,,,,,,,,,,,,,,,,,,,,,,,,0,0,0,0,0
Nickelodeon,Nickelodeon/Nick At Nite,Kids and family,,Yes,,,,Yes,Yes,Yes,Yes,Yes,,Yes,,,Yes,,,,,,,,,Yes,,,,,,,,,,,,,,,,,,,,,,,,,,,,,,,,,,,,,,,,,,,,,,,,0,0,0,0,0
Nicktoons,Nick Toons,Kids and family,,Yes,Kids Extra,Kids Extra,Kids Extra,,Yes,Yes,Yes,Yes,,Fubo Extra,,,Yes,Yes,Yes,Yes,Yes,,,,,Yes,,,,,,,,,,,,,,,,,,,,,,,,,,,,,,,,,,,,,,,,,,,,,,,,0,0,0,0,0
NTN24,"NTN 24, NTN24 Nuestra Tele Noticias 24",Spanish,,,Best of Spanish TV,Best of Spanish TV,Best of Spanish TV,Espanol,Espanol,Espanol,Espanol,,,Entretenimiento Plus,,,Yes,,,,,,,,,,,,,,,,,,,,,,,,,,,,,,,,,,,,,,,,,,,,,,,,,,,,,,,,,0,0,0,0,0
Nuestra Tele,,Spanish,,,Sudamérica Service,Sudamérica Service,Sudamérica Service,Espanol,Espanol,Espanol,Espanol,,,Fubo Latino Quarterly,,,Yes,,,,,,,,,,,,,,,,,,,,,,,,,,,,,,,,,,,,,,,,,,,,,,,,,,,,,,,,,0,0,0,0,0
OAN Encore,,Lifestyle,,,,,,,,,,,,,Yes,,,,,,,,,,,,,,,,,,,,,,,,,,,,,,,,,,,,,,,,,,,,,,,,,,,,,,,,,,,0,0,0,0,0
Olympic Channel,Olympics Channel,Sports,,,,Sports Extra,Sports Extra,,,Yes,Yes,Yes,Yes,Yes,,,,,Yes,Yes,,,,,,,,,,,,,,,,,,,,,,,,,,,,,,,,,,,,,,,,,,,,,,,,,,,,,,0,0,0,0,0
ONCE MEXICO,,Spanish,,,,,,Espanol,Espanol,Espanol,Espanol,,,,,,,,,,,,,,,,,,,,,,,,,,,,,,,,,,,,,,,,,,,,,,,,,,,,,,,,,,,,,,,0,0,0,0,0
One American News,One America News Network,News,,,,,,Yes,Yes,Yes,Yes,,,,OAN,,Yes,,,,,,,,,,,,,,,,,,,,,,,,,,,,,,,,,,,,,,,,,,,,,,,,,,,,,,,,,0,0,0,0,0
Outdoor Channel,Outdoor,Lifestyle,,,Heartland Extra,Heartland Extra,Heartland Extra,,,,,,,Adventure Plus,,Yes,,,,,,,,,,Yes,,,,,,,,,,,,,,,,,,,,,,,,,,,,,,,,,,,,,,,,,,,,,,,,0,0,0,0,0
Outside TV,Outside Television,Sports,,,,,,,,,,,,Adventure Plus,,,,,,Yes,,,,,,,,,,,,,,,,,,,,,,,,,,,,,,,,,,,,,,,,,,,,,,,,,,,,,,0,0,0,0,0
Outside TV Features,,Sports,,,Outside TV Features,Outside TV Features,Outside TV Features,,,,,,,,,,,,,,,,,,,,,,,,,,,,,,,,,,,,,,,,,,,,,,,,,,,,,,,,,,,,,,,,,,,0,0,0,0,0
Ovation,,Lifestyle,,,,,,Yes,,Yes,Yes,,,,,,,,,,,,,,,,,,,,,,,,,,,,,,,,,,,,,,,,,,,,,,,,,,,,,,,,,,,,,,,0,0,0,0,0
Own,Oprah Winfrey Network,Lifestyle,,Yes,,,,,Yes,Yes,Yes,Yes,,Yes,,,Yes,Yes,Yes,Yes,Yes,,,,,Yes,,,,,,,,,,,,,,,,,,,,,,,,,,,,,,,,,,,,,,,,,,,,,,,,0,0,0,0,0
Oxygen,Oxygen Network,Lifestyle,,,,Lifestyle Extra,Lifestyle Extra,,,Yes,Yes,Yes,Yes,Yes,,,,Yes,Yes,Yes,,,,,,,,,,,,,,,,,,,,,,,,,,,,,,,,,,,,,,,,,,,,,,,,,,,,,,0,0,0,0,0
Pac 12 Arizona,PAC12 Arizona,Regional Sports,,,,,,,,,,,,Sports Plus with NFL RedZone,,,Yes,,,,,,,,,,,,,,,,,,,,,,,,,,,,,,,,,,,,,,,,,,,,,,,,,,,,,,,,,0,0,0,0,0
Pac 12 Bay Area,"PAC12 Bay Area, PAC12 BayArea",Regional Sports,,,,,,,,,,,,Sports Plus with NFL RedZone,,,Yes,,,,,,,,,,,,,,,,,,,,,,,,,,,,,,,,,,,,,,,,,,,,,,,,,,,,,,,,,0,0,0,0,0
Pac 12 Los Angeles,"PAC12 LA, PAC12 Los Angeles",Regional Sports,,,,,,,,,,,,Sports Plus with NFL RedZone,,,Yes,,,,,,,,,,,,,,,,,,,,,,,,,,,,,,,,,,,,,,,,,,,,,,,,,,,,,,,,,0,0,0,0,0
Pac 12 Mountain,PAC12 Mountain,Regional Sports,,,,,,,,,,,,Sports Plus with NFL RedZone,,,Yes,,,,,,,,,,,,,,,,,,,,,,,,,,,,,,,,,,,,,,,,,,,,,,,,,,,,,,,,,0,0,0,0,0
Pac 12 Oregon,PAC12 Oregon,Regional Sports,,,,,,,,,,,,Sports Plus with NFL RedZone,,,Yes,,,,,,,,,,,,,,,,,,,,,,,,,,,,,,,,,,,,,,,,,,,,,,,,,,,,,,,,,0,0,0,0,0
Pac 12 Washington,PAC12 Washington,Regional Sports,,,,,,,,,,,,Sports Plus with NFL RedZone,,,Yes,,,,,,,,,,,,,,,,,,,,,,,,,,,,,,,,,,,,,,,,,,,,,,,,,,,,,,,,,0,0,0,0,0
Pac-12 National Feed,"Pac12 National Feed, Pac-12, Pac 12 Networks",Regional Sports,,,Sports Extra,Sports Extra,Sports Extra,,,,,,,Fubo Extra,,,,,,,,,,,,,,,,,,,,,,,,,,,,,,,,,,,,,,,,,,,,,,,,,,,,,,,,,,,,0,0,0,0,0
Pantaya,,International,,,Pantaya,Pantaya,Pantaya,,,,,,,,,,,,,,,,,,,,,,,,,,,,,,,,,,,,,,,,,,,,,,,,,,,,,,,,,,,,,,,,,,,0,0,0,0,0
Paramount Network,"Paramount, Paramount Network Canada, Paramount TV",Entertainment,,Yes,Comedy Extra,Comedy Extra,Comedy Extra,Yes,Yes,Yes,Yes,Yes,,Yes,,,Yes,Yes,Yes,Yes,Yes,,,,,Yes,,,,,,,,,,,,,,,,,,,,,,,,,,,,,,,,,,,,,,,,,,,,,,,,0,0,0,0,0
Pasiones,,Spanish,,,Best of Spanish TV,Best of Spanish TV,Best of Spanish TV,Espanol,Espanol,Espanol,Espanol,,,,,,Yes,,,,,,,,,,,,,,,,,,,,,,,,,,,,,,,,,,,,,,,,,,,,,,,,,,,,,,,,,0,0,0,0,0
PBS,,Broadcast,,,,,,,,,,Yes,,,,,,,,,,,,,,,,,,,,,,,,,,,,,,,,,,,,,,,,,,,,,,,,,,,,,,,,,,,,,,0,0,0,0,0
PBS Kids,,Kids and family,,,,,,,,,,Yes,,,,,,,,,,,,,,,,,,,,,,,,,,,,,,,,,,,,,,,,,,,,,,,,,,,,,,,,,,,,,,0,0,0,0,0
People TV,PeopleTV,Lifestyle,,Yes,,,,,,,,,,Fubo Extra,,,,,,,,,,,,,,,,,,,,,,,,,,,,,,,,,,,,,,,,,,,,,,,,,,,,,,,,,,,,0,0,0,0,0
Perú Mágico,Peru Magico,Spanish,,,,,,Espanol,Espanol,Espanol,Espanol,,,,,,,,,,,,,,,,,,,,,,,,,,,,,,,,,,,,,,,,,,,,,,,,,,,,,,,,,,,,,,,0,0,0,0,0
PixL,,Lifestyle,,,Heartland Extra,Heartland Extra,Heartland Extra,,,,,,,,,Yes,,,,,,,,,,,,,,,,,,,,,,,,,,,,,,,,,,,,,,,,,,,,,,,,,,,,,,,,,,0,0,0,0,0
POP,Pop TV,Lifestyle,,,,,,,Yes,Yes,Yes,Yes,Yes,Yes,Premium,,,,,,,,,,,,,,,,,,,,,,,,,,,,,,,,,,,,,,,,,,,,,,,,,,,,,,,,,,,0,0,0,0,0
Prime Ticket,,Regional Sports,,,,,,,Yes,Yes,Yes,,,,,,,,,,,,,,,,,,,,,,,,,,,,,,,,,,,,,,,,,,,,,,,,,,,,,,,,,,,,,,,0,0,0,0,0
Pursuit Channel,Pursuit,Lifestyle,,,Heartland Extra,Heartland Extra,Heartland Extra,,,,,,,,Premium,,,,,,,,,,,,,,,,,,,,,,,,,,,,,,,,,,,,,,,,,,,,,,,,,,,,,,,,,,,0,0,0,0,0
PX Sports,,Spanish,,,Best of Spanish TV,Best of Spanish TV,Best of Spanish TV,,,,,,,,,,,,,,,,,,,,,,,,,,,,,,,,,,,,,,,,,,,,,,,,,,,,,,,,,,,,,,,,,,,0,0,0,0,0
Qello Concerts by Stingray,,Music,,,Qello Concerts by Stingray,Qello Concerts by Stingray,Qello Concerts by Stingray,,,,,,,,,,,,,,,,,,,,,,,,,,,,,,,,,,,,,,,,,,,,,,,,,,,,,,,,,,,,,,,,,,,0,0,0,0,0
QVC,QVC Live,Lifestyle,,,,,,Yes,Yes,Yes,Yes,Yes,Yes,,Yes,Yes,Yes,,,,,,,,,,,,,,,,,,,,,,,,,,,,,,,,,,,,,,,,,,,,,,,,,,,,,,,,,0,0,0,0,0
QVC 2,"QVC2, QVC Plus",Lifestyle,,,,,,Yes,Yes,Yes,Yes,,,,Yes,,,,,,,,,,,,,,,,,,,,,,,,,,,,,,,,,,,,,,,,,,,,,,,,,,,,,,,,,,,0,0,0,0,0
RAI Italia,,International,,,,,,,,,,,,RAI Italia,,,,,,,,,,,,,,,,,,,,,,,,,,,,,,,,,,,,,,,,,,,,,,,,,,,,,,,,,,,,0,0,0,0,0
RCN Novelas,,Spanish,,,Sudamérica Service,Sudamérica Service,Sudamérica Service,,,,,,,,,,Yes,,,,,,,,,,,,,,,,,,,,,,,,,,,,,,,,,,,,,,,,,,,,,,,,,,,,,,,,,0,0,0,0,0
Reelz,ReelzChannel,Entertainment,,,Hollywood Extra,Hollywood Extra,Hollywood Extra,Yes,Yes,Yes,Yes,,,,,,,,,,,,,,,,,,,,,,,,,,,,,,,,,,,,,,,,,,,,,,,,,,,,,,,,,,,,,,,0,0,0,0,0
Revolt,,Music,,Yes,Comedy Extra,Comedy Extra,Comedy Extra,Yes,,Yes,Yes,,,Fubo Extra,,,,,,,,,,,,,,,,,,,,,,,,,,,,,,,,,,,,,,,,,,,,,,,,,,,,,,,,,,,,0,0,0,0,0
RFD-TV,RFDTV,Lifestyle,,,Heartland Extra,Heartland Extra,Heartland Extra,Yes,Yes,Yes,Yes,,,,,,,,,,,,,,,,,,,,,,,,,,,,,,,,,,,,,,,,,,,,,,,,,,,,,,,,,,,,,,,0,0,0,0,0
Ride TV,,Lifestyle,,,Heartland Extra,Heartland Extra,Heartland Extra,,,,,,,,,,,,,,,,,,,,,,,,,,,,,,,,,,,,,,,,,,,,,,,,,,,,,,,,,,,,,,,,,,,0,0,0,0,0
Root Sports Northwest,,Regional Sports,,,,,,,Yes,Yes,Yes,,,,,,,,,,,,,,,,,,,,,,,,,,,,,,,,,,,,,,,,,,,,,,,,,,,,,,,,,,,,,,,0,0,0,0,0
RT America,,News,,,News Extra,News Extra,News Extra,,,,,,,,,,,,,,,,,,,,,,,,,,,,,,,,,,,,,,,,,,,,,,,,,,,,,,,,,,,,,,,,,,,0,0,0,0,0
RTP 3,,International,,,,,,,,,,,,Portuguese Plus,,,,,,,,,,,,,,,,,,,,,,,,,,,,,,,,,,,,,,,,,,,,,,,,,,,,,,,,,,,,0,0,0,0,0
RTP Açores,,International,,,,,,,,,,,,Portuguese Plus,,,,,,,,,,,,,,,,,,,,,,,,,,,,,,,,,,,,,,,,,,,,,,,,,,,,,,,,,,,,0,0,0,0,0
RTP Internacional,RTPI,International,,,,,,,,,,,,Portuguese Plus,,,,,,,,,,,,,,,,,,,,,,,,,,,,,,,,,,,,,,,,,,,,,,,,,,,,,,,,,,,,0,0,0,0,0
S Channel,,International,,,,,,Vietnamese,Vietnamese,Vietnamese,Vietnamese,,,,,,,,,,,,,,,,,,,,,,,,,,,,,,,,,,,,,,,,,,,,,,,,,,,,,,,,,,,,,,,0,0,0,0,0
SBS,,International,,,,,,Korean,Korean,Korean,Korean,,,,,,,,,,,,,,,,,,,,,,,,,,,,,,,,,,,,,,,,,,,,,,,,,,,,,,,,,,,,,,,0,0,0,0,0
SBS Plus,,International,,,,,,Korean,Korean,Korean,Korean,,,,,,,,,,,,,,,,,,,,,,,,,,,,,,,,,,,,,,,,,,,,,,,,,,,,,,,,,,,,,,,0,0,0,0,0
SBTN,,International,,,,,,Vietnamese,Vietnamese,Vietnamese,Vietnamese,,,,,,,,,,,,,,,,,,,,,,,,,,,,,,,,,,,,,,,,,,,,,,,,,,,,,,,,,,,,,,,0,0,0,0,0
Science,Science Channel,Lifestyle,,Yes,News Extra,News Extra,News Extra,,Yes,Yes,Yes,,Entertainment,Fubo Extra,,,Yes,,Yes,Yes,,,,,,Yes,,,,,,,,,,,,,,,,,,,,,,,,,,,,,,,,,,,,,,,,,,,,,,,,0,0,0,0,0
ScreenDreams,,Entertainment,,,,,,,,,,,,,Yes,,,,,,,,,,,,,,,,,,,,,,,,,,,,,,,,,,,,,,,,,,,,,,,,,,,,,,,,,,,0,0,0,0,0
SEC Network,"SEC, SEC ESPN Network, ESPN SEC Network",Regional Sports,,,Sports Extra,,Sports Extra,,Yes,Yes,Yes,Yes,Yes,Fubo Extra,,,Yes,,Yes,Yes,,,,,,,,,,,,,,,,,,,,,,,,,,,,,,,,,,,,,,,,,,,,,,,,,,,,,,0,0,0,0,0
SEC Network+,,Regional Sports,,,Sports Extra,,Sports Extra,,,,,,,,,,,,,,,,,,,,,,,,,,,,,,,,,,,,,,,,,,,,,,,,,,,,,,,,,,,,,,,,,,,0,0,0,0,0
ShortsTV,Shorts TV,Movies,,,,,,Movies Extra Pack,Movies Extra Pack,Movies Extra Pack,Movies Extra Pack,,,,,,,,,,,,,,,,,,,,,,,,,,,,,,,,,,,,,,,,,,,,,,,,,,,,,,,,,,,,,,,0,0,0,0,0
Showtime,Showtime Brand,Premium movies,,,Showtime,Showtime,Showtime,Showtime,Showtime,Showtime,Yes,Showtime,Showtime,Showtime,,,,Showtime,Showtime,Showtime,Showtime,,,,,,,,,,,,,,,,,,,,,,,,,,,,,,,,,,,,,,,,,,,,,,,,,,,,,0,0,0,0,0
Showtime 2,,Premium movies,,,Showtime,Showtime,Showtime,Showtime,Showtime,Showtime,Yes,,,Showtime,,,,Showtime,Showtime,Showtime,Showtime,,,,,,,,,,,,,,,,,,,,,,,,,,,,,,,,,,,,,,,,,,,,,,,,,,,,,0,0,0,0,0
Showtime BET,,Premium movies,,,Showtime,Showtime,Showtime,,,,,,,Showtime,,,,Showtime,Showtime,Showtime,Showtime,,,,,,,,,,,,,,,,,,,,,,,,,,,,,,,,,,,,,,,,,,,,,,,,,,,,,0,0,0,0,0
Showtime Extreme,,Premium movies,,,Showtime,Showtime,Showtime,Showtime,Showtime,Showtime,Yes,,,Showtime,,,,Showtime,Showtime,Showtime,Showtime,,,,,,,,,,,,,,,,,,,,,,,,,,,,,,,,,,,,,,,,,,,,,,,,,,,,,0,0,0,0,0
Showtime Family,Showtime Family Zone,Premium movies,,,Showtime,Showtime,Showtime,,,,,,,Showtime,,,,Showtime,Showtime,Showtime,Showtime,,,,,,,,,,,,,,,,,,,,,,,,,,,,,,,,,,,,,,,,,,,,,,,,,,,,,0,0,0,0,0
Showtime Next,,Premium movies,,,Showtime,Showtime,Showtime,,,,,,,Showtime,,,,Showtime,Showtime,Showtime,Showtime,,,,,,,,,,,,,,,,,,,,,,,,,,,,,,,,,,,,,,,,,,,,,,,,,,,,,0,0,0,0,0
Showtime Showcase,,Premium movies,,,Showtime,Showtime,Showtime,,,,,,,Showtime,,,,Showtime,Showtime,Showtime,Showtime,,,,,,,,,,,,,,,,,,,,,,,,,,,,,,,,,,,,,,,,,,,,,,,,,,,,,0,0,0,0,0
Showtime Women,,Premium movies,,,Showtime,Showtime,Showtime,,,,,,,Showtime,,,,Showtime,Showtime,Showtime,Showtime,,,,,,,,,,,,,,,,,,,,,,,,,,,,,,,,,,,,,,,,,,,,,,,,,,,,,0,0,0,0,0
Shudder,,Movies,,,,,,,,,,Shudder,,,,,,,,,,,,,,,,,,,,,,,,,,,,,,,,,,,,,,,,,,,,,,,,,,,,,,,,,,,,,,0,0,0,0,0
Sling: 4 for $10 Deal,,Addon,,,4 for $10 Deal,4 for $10 Deal,4 for $10 Deal,,,,,,,,,,,,,,,,,,,,,,,,,,,,,,,,,,,,,,,,,,,,,,,,,,,,,,,,,,,,,,,,,,,0,0,0,0,0
Sling: Cloud DVR Plus,,Addon,,,Cloud DVR Plus,Cloud DVR Plus,Cloud DVR Plus,,,,,,,,,,,,,,,,,,,,,,,,,,,,,,,,,,,,,,,,,,,,,,,,,,,,,,,,,,,,,,,,,,,0,0,0,0,0
Sling: Total TV Deal,,Addon,,,Total TV Deal,Total TV Deal,Total TV Deal,,,,,,,,,,,,,,,,,,,,,,,,,,,,,,,,,,,,,,,,,,,,,,,,,,,,,,,,,,,,,,,,,,,0,0,0,0,0
Smithsonian,Smithsonian Channel,Lifestyle,,,,,,Movies Extra Pack,Movies Extra Pack,Yes,Yes,Yes,Yes,Yes,,,,,,,,,,,,,,,,,,,,,,,,,,,,,,,,,,,,,,,,,,,,,,,,,,,,,,,,,,,,0,0,0,0,0
SNY,SportsNet New York,Regional Sports,,,,,,,Yes,Yes,Yes,Yes,,,,,,,,,,,,,,,,,,,,,,,,,,,,,,,,,,,,,,,,,,,,,,,,,,,,,,,,,,,,,,0,0,0,0,0
Sony Movie Channel,,Movies,,,,,,,,,,,,Fubo Extra,Premium,,Yes,,,,,,,,,,,,,,,,,,,,,,,,,,,,,,,,,,,,,,,,,,,,,,,,,,,,,,,,,0,0,0,0,0
Spectrum SportsNet,,Regional Sports,,,,,,,Yes,Yes,Yes,,,,,,,,,,,,,,,,,,,,,,,,,,,,,,,,,,,,,,,,,,,,,,,,,,,,,,,,,,,,,,,0,0,0,0,0
Spectrum SportsNet LA,,Regional Sports,,,,,,,Yes,Yes,Yes,,,,,,,,,,,,,,,,,,,,,,,,,,,,,,,,,,,,,,,,,,,,,,,,,,,,,,,,,,,,,,,0,0,0,0,0
Spectrum TV Essentials: cDVR,,Addon,,,,,,,,,,,,,,,,,,,,,,,,cDVR,,,,,,,,,,,,,,,,,,,,,,,,,,,,,,,,,,,,,,,,,,,,,,,,0,0,0,0,0
Spectrum TV Essentials: cDVR Plus,,Addon,,,,,,,,,,,,,,,,,,,,,,,,cDVR Plus,,,,,,,,,,,,,,,,,,,,,,,,,,,,,,,,,,,,,,,,,,,,,,,,0,0,0,0,0
Sports Grid,,Sports,,,,,,,,,,,,,Yes,,,,,,,,,,,,,,,,,,,,,,,,,,,,,,,,,,,,,,,,,,,,,,,,,,,,,,,,,,,0,0,0,0,0
Sportsman Channel,,Sports,,,Heartland Extra,Heartland Extra,Heartland Extra,,,Yes,Yes,,,Adventure Plus,,Yes,,,,,,,,,,,,,,,,,,,,,,,,,,,,,,,,,,,,,,,,,,,,,,,,,,,,,,,,,,0,0,0,0,0
SportsTime Ohio,,Regional Sports,,,,,,,Yes,Yes,Yes,,,,,,,,,,,,,,,,,,,,,,,,,,,,,,,,,,,,,,,,,,,,,,,,,,,,,,,,,,,,,,,0,0,0,0,0
SporTV,,International,,,,,,Brazillian (Portuguese),Brazillian (Portuguese),Brazillian (Portuguese),Brazillian (Portuguese),,,,,,,,,,,,,,,,,,,,,,,,,,,,,,,,,,,,,,,,,,,,,,,,,,,,,,,,,,,,,,,0,0,0,0,0
Stadium,,Sports,,,Yes,Yes,Yes,,,,,Sports Plus,,Fubo Extra,,,,,,,,,,,,,,,,,,,,,,,,,,,,,,,,,,,,,,,,,,,,,,,,,,,,,,,,,,,,0,0,0,0,0
Stadium 1,,Sports,,,,,,,,,,,,Fubo Extra,,,,,,,,,,,,,,,,,,,,,,,,,,,,,,,,,,,,,,,,,,,,,,,,,,,,,,,,,,,,0,0,0,0,0
Stadium 2,,Sports,,,,,,,,,,,,Fubo Extra,,,,,,,,,,,,,,,,,,,,,,,,,,,,,,,,,,,,,,,,,,,,,,,,,,,,,,,,,,,,0,0,0,0,0
Stadium 3,,Sports,,,,,,,,,,,,Fubo Extra,,,,,,,,,,,,,,,,,,,,,,,,,,,,,,,,,,,,,,,,,,,,,,,,,,,,,,,,,,,,0,0,0,0,0
Start TV,StartTV,Entertainment,,,Hollywood Extra,Hollywood Extra,Hollywood Extra,,,,,Yes,Yes,,,,,,,,,,,,,,,,,,,,,,,,,,,,,,,,,,,,,,,,,,,,,,,,,,,,,,,,,,,,,0,0,0,0,0
Starz,,Premium movies,,Starz,Starz,Starz,Starz,Starz,Starz,Starz,Yes,Starz,Starz,Starz,,,,Starz,Starz,Starz,Starz,,,,,,,,,,,,,,,,,,,,,,,,,,,,,,,,,,,,,,,,,,,,,,,,,,,,,0,0,0,0,0
Starz Cinema,,Premium movies,,,,,,,,,,,,,,,,Starz,Starz,Starz,Starz,,,,,,,,,,,,,,,,,,,,,,,,,,,,,,,,,,,,,,,,,,,,,,,,,,,,,0,0,0,0,0
Starz Comedy,,Premium movies,,,Starz,Starz,Starz,,,,,,,Showtime + Starz + Epix,,,,Starz,Starz,Starz,Starz,,,,,,,,,,,,,,,,,,,,,,,,,,,,,,,,,,,,,,,,,,,,,,,,,,,,,0,0,0,0,0
Starz Edge,,Premium movies,,,Starz,Starz,Starz,,,,,,,Showtime + Starz + Epix,,,,Starz,Starz,Starz,Starz,,,,,,,,,,,,,,,,,,,,,,,,,,,,,,,,,,,,,,,,,,,,,,,,,,,,,0,0,0,0,0
Starz Encore,,Premium movies,,Starz,Starz,Starz,Starz,Starz,Starz,Yes,Yes,,,Showtime + Starz + Epix,,,,Starz,Starz,Starz,Starz,,,,,,,,,,,,,,,,,,,,,,,,,,,,,,,,,,,,,,,,,,,,,,,,,,,,,0,0,0,0,0
Starz Encore Action,,Premium movies,,,,,,Starz,Starz,Yes,Yes,,,,,,,Starz,Starz,Starz,Starz,,,,,,,,,,,,,,,,,,,,,,,,,,,,,,,,,,,,,,,,,,,,,,,,,,,,,0,0,0,0,0
Starz Encore Black,,Premium movies,,,,,,Starz,Starz,Yes,Yes,,,,,,,Starz,Starz,Starz,Starz,,,,,,,,,,,,,,,,,,,,,,,,,,,,,,,,,,,,,,,,,,,,,,,,,,,,,0,0,0,0,0
Starz Encore Classic,,Premium movies,,,,,,Starz,Starz,Yes,Yes,,,,,,,Starz,Starz,Starz,Starz,,,,,,,,,,,,,,,,,,,,,,,,,,,,,,,,,,,,,,,,,,,,,,,,,,,,,0,0,0,0,0
Starz Encore Español,Starz Encore Espanol,Premium movies,,,,,,,,,,,,Showtime + Starz + Epix,,,,Starz,Starz,Starz,Starz,,,,,,,,,,,,,,,,,,,,,,,,,,,,,,,,,,,,,,,,,,,,,,,,,,,,,0,0,0,0,0
Starz Encore Family,,Premium movies,,,,,,Starz,Starz,Yes,Yes,,,,,,,Starz,Starz,Starz,Starz,,,,,,,,,,,,,,,,,,,,,,,,,,,,,,,,,,,,,,,,,,,,,,,,,,,,,0,0,0,0,0
Starz Encore Suspense,,Premium movies,,,,,,Starz,Starz,Yes,Yes,,,,,,,Starz,Starz,Starz,Starz,,,,,,,,,,,,,,,,,,,,,,,,,,,,,,,,,,,,,,,,,,,,,,,,,,,,,0,0,0,0,0
Starz Encore Westerns,,Premium movies,,,,,,Starz,Starz,Yes,Yes,,,,,,,Starz,Starz,Starz,Starz,,,,,,,,,,,,,,,,,,,,,,,,,,,,,,,,,,,,,,,,,,,,,,,,,,,,,0,0,0,0,0
Starz in Black,Starz InBlack,Premium movies,,,,,,,,,,,,Showtime + Starz + Epix,,,,Starz,Starz,Starz,Starz,,,,,,,,,,,,,,,,,,,,,,,,,,,,,,,,,,,,,,,,,,,,,,,,,,,,,0,0,0,0,0
Starz Kids & Family,,Premium movies,,Starz,Starz,Starz,Starz,Starz,Starz,Starz,Yes,,,Showtime + Starz + Epix,,,,Starz,Starz,Starz,Starz,,,,,,,,,,,,,,,,,,,,,,,,,,,,,,,,,,,,,,,,,,,,,,,,,,,,,0,0,0,0,0
Stingray Karaoke,,Music,,,Stingray Karaoke,Stingray Karaoke,Stingray Karaoke,,,,,,,,,,,,,,,,,,,,,,,,,,,,,,,,,,,,,,,,,,,,,,,,,,,,,,,,,,,,,,,,,,,0,0,0,0,0
Stingray Music,,Music,,,,,,,,,,,,,Premium,,,,,,,,,,,,,,,,,,,,,,,,,,,,,,,,,,,,,,,,,,,,,,,,,,,,,,,,,,,0,0,0,0,0
Sundance Now,,Movies,,,,,,,,,,Sundance Now,,,,,,,,,,,,,,,,,,,,,,,,,,,,,,,,,,,,,,,,,,,,,,,,,,,,,,,,,,,,,,0,0,0,0,0
Sundance TV,"Sundance, SundanceTV",Entertainment,,Yes,Hollywood Extra,Hollywood Extra,Hollywood Extra,Yes,Yes,Yes,Yes,Yes,,Yes,,,,Yes,Yes,Yes,Yes,,,,,Yes,,,,,,,,,,,,,,,,,,,,,,,,,,,,,,,,,,,,,,,,,,,,,,,,0,0,0,0,0
Supercanal Caribe,,International,,,Caribe Service,Caribe Service,Caribe Service,,,,,,,,,,,,,,,,,,,,,,,,,,,,,,,,,,,,,,,,,,,,,,,,,,,,,,,,,,,,,,,,,,,0,0,0,0,0
SUR Perú,SUR Peru,Spanish,,,,,,Espanol,Espanol,Espanol,Espanol,,,,,,,,,,,,,,,,,,,,,,,,,,,,,,,,,,,,,,,,,,,,,,,,,,,,,,,,,,,,,,,0,0,0,0,0
Syfy,,Entertainment,,,,Yes,Yes,Yes,Yes,Yes,Yes,Yes,Yes,Yes,,,,Yes,Yes,Yes,,,,,,,,,,,,,,,,,,,,,,,,,,,,,,,,,,,,,,,,,,,,,,,,,,,,,,0,0,0,0,0
TAN TV,TAN,International,,,,,,Korean,Korean,Korean,Korean,,,,,,,,,,,,,,,,,,,,,,,,,,,,,,,,,,,,,,,,,,,,,,,,,,,,,,,,,,,,,,,0,0,0,0,0
Tastemade,,Lifestyle,,Yes,,,,,Yes,Yes,Yes,Yes,,Yes,,,,,,,,,,,,,,,,,,,,,,,,,,,,,,,,,,,,,,,,,,,,,,,,,,,,,,,,,,,,0,0,0,0,0
TBS,,Entertainment,,,Yes,Yes,Yes,Yes,Yes,Yes,Yes,Yes,Yes,,,,,Yes,Yes,Yes,,,,,,,,,,,,,,,,,,,,,,,,,,,,,,,,,,,,,,,,,,,,,,,,,,,,,,0,0,0,0,0
TCM,Turner Classic Movies,Movies,,,Hollywood Extra,Hollywood Extra,Hollywood Extra,Yes,Yes,Yes,Yes,Yes,Yes,,,,,,Yes,Yes,,,,,,,,,,,,,,,,,,,,,,,,,,,,,,,,,,,,,,,,,,,,,,,,,,,,,,0,0,0,0,0
Teen Nick,Teennick,Kids and family,,Yes,Kids Extra,Kids Extra,Kids Extra,Yes,Yes,Yes,Yes,Yes,,Fubo Extra,,,Yes,Yes,Yes,Yes,Yes,,,,,Yes,,,,,,,,,,,,,,,,,,,,,,,,,,,,,,,,,,,,,,,,,,,,,,,,0,0,0,0,0
Tele El Salvador,,International,,,Centroamérica Service,Centroamérica Service,Centroamérica Service,,,,,,,,,,,,,,,,,,,,,,,,,,,,,,,,,,,,,,,,,,,,,,,,,,,,,,,,,,,,,,,,,,,0,0,0,0,0
TeleCentro,,Spanish,,,,,,Espanol,Espanol,Espanol,Espanol,,,,,,,,,,,,,,,,,,,,,,,,,,,,,,,,,,,,,,,,,,,,,,,,,,,,,,,,,,,,,,,0,0,0,0,0
Telefe,Telefe Internacional,Spanish,,,Sudamérica Service,Sudamérica Service,Sudamérica Service,Espanol,Espanol,Espanol,Espanol,,,Fubo Latino Quarterly,,,Yes,,,,,,,,,,,,,,,,,,,,,,,,,,,,,,,,,,,,,,,,,,,,,,,,,,,,,,,,,0,0,0,0,0
TeleFórmula,,Spanish,,,México Service,México Service,México Service,,,,,,,,,,,,,,,,,,,,,,,,,,,,,,,,,,,,,,,,,,,,,,,,,,,,,,,,,,,,,,,,,,,0,0,0,0,0
Telehit,,Spanish,,,,,,,,,,,,Entretenimiento Plus,,,,,,,,,,,,,,,,,,,,,,,,,,,,,,,,,,,,,,,,,,,,,,,,,,,,,,,,,,,,0,0,0,0,0
Telehit Urbano,RITMOSON,Spanish,,,,,,,,,,,,Entretenimiento Plus,,,,,,,,,,,,,,,,,,,,,,,,,,,,,,,,,,,,,,,,,,,,,,,,,,,,,,,,,,,,0,0,0,0,0
Telemicro,,International,,,Caribe Service,Caribe Service,Caribe Service,,,,,,,,,,,,,,,,,,,,,,,,,,,,,,,,,,,,,,,,,,,,,,,,,,,,,,,,,,,,,,,,,,,0,0,0,0,0
Telemundo,,Spanish,,,,,,Espanol,Espanol,Espanol,Espanol,Yes,Yes,Yes,,,,Yes,Yes,Yes,,,,,,,,,,,,,,,,,,,,,,,,,,,,,,,,,,,,,,,,,,,,,,,,,,,,,,0,0,0,0,0
Teleritmo,,Spanish,,,México Service,México Service,México Service,,,,,,,,,,,,,,,,,,,,,,,,,,,,,,,,,,,,,,,,,,,,,,,,,,,,,,,,,,,,,,,,,,,0,0,0,0,0
Teleuniverso,,International,,,Caribe Service,Caribe Service,Caribe Service,,,,,,,,,,,,,,,,,,,,,,,,,,,,,,,,,,,,,,,,,,,,,,,,,,,,,,,,,,,,,,,,,,,0,0,0,0,0
Tennis Channel,Tennis,Sports,,,Sports Extra,Sports Extra,Sports Extra,,Yes,Yes,Yes,,,Fubo Extra,,,,,,,,,,,,,,,,,,,,,,,,,,,,,,,,,,,,,,,,,,,,,,,,,,,,,,,,,,,,0,0,0,0,0
The Country Network,CountryTV,Music,,,The Country Network,The Country Network,The Country Network,,,,,,,,Premium,,,,,,,,,,,,,,,,,,,,,,,,,,,,,,,,,,,,,,,,,,,,,,,,,,,,,,,,,,,0,0,0,0,0
The Cowboy Channel,,Sports,,,Heartland Extra,Heartland Extra,Heartland Extra,,,,,,,,,,,,,,,,,,,,,,,,,,,,,,,,,,,,,,,,,,,,,,,,,,,,,,,,,,,,,,,,,,,0,0,0,0,0
The First,,News,,,,,,,,,,,,,Yes,,,,,,,,,,,,,,,,,,,,,,,,,,,,,,,,,,,,,,,,,,,,,,,,,,,,,,,,,,,0,0,0,0,0
The Young Turks,"TYT, TYT Network",News,,,,,,,,,,Yes,,,,,,,,,,,,,,,,,,,,,,,,,,,,,,,,,,,,,,,,,,,,,,,,,,,,,,,,,,,,,,0,0,0,0,0
TLC,,Lifestyle,,Yes,,Yes,Yes,Yes,Yes,Yes,Yes,Yes,Yes,Yes,,,Yes,Yes,Yes,Yes,Yes,,,,,Yes,,,,,,,,,,,,,,,,,,,,,,,,,,,,,,,,,,,,,,,,,,,,,,,,0,0,0,0,0
TNT,,Entertainment,,,Yes,Yes,Yes,Yes,Yes,Yes,Yes,Yes,Yes,,,,,Yes,Yes,Yes,,,,,,,,,,,,,,,,,,,,,,,,,,,,,,,,,,,,,,,,,,,,,,,,,,,,,,0,0,0,0,0
Todo Noticias,,Spanish,,,Sudamérica Service,Sudamérica Service,Sudamérica Service,,,,,,,,,,,,,,,,,,,,,,,,,,,,,,,,,,,,,,,,,,,,,,,,,,,,,,,,,,,,,,,,,,,0,0,0,0,0
Tr3S,,Spanish,,,,,,Espanol,Espanol,Espanol,Espanol,,,Fubo Latino Quarterly,,,,,,,,,,,,,,,,,,,,,,,,,,,,,,,,,,,,,,,,,,,,,,,,,,,,,,,,,,,,0,0,0,0,0
Travel Channel,"Travel Network, The Travel Channel",Lifestyle,,Yes,Yes,Yes,Yes,,Yes,Yes,Yes,Yes,Yes,Yes,,,Yes,Yes,Yes,Yes,Yes,,,,,Yes,,,,,,,,,,,,,,,,,,,,,,,,,,,,,,,,,,,,,,,,,,,,,,,,0,0,0,0,0
True Royalty TV,,Entertainment,,,True Royalty TV,True Royalty TV,True Royalty TV,,,,,,,,,,,,,,,,,,,,,,,,,,,,,,,,,,,,,,,,,,,,,,,,,,,,,,,,,,,,,,,,,,,0,0,0,0,0
TruTV,Tru TV,Entertainment,,,Comedy Extra,Yes,Comedy Extra,Yes,Yes,Yes,Yes,Yes,Yes,,,,,Yes,Yes,Yes,,,,,,,,,,,,,,,,,,,,,,,,,,,,,,,,,,,,,,,,,,,,,,,,,,,,,,0,0,0,0,0
TUDN,"Univision Deportes, Univision Deportes Network",Spanish,,,,,,Espanol,Espanol,Yes,Yes,,,Yes,,,,,,,,,,,,,,,,,,,,,,,,,,,,,,,,,,,,,,,,,,,,,,,,,,,,,,,,,,,,0,0,0,0,0
TUDNxtra n,,Spanish,,,,,,,,,,,,Yes,,,,,,,,,,,,,,,,,,,,,,,,,,,,,,,,,,,,,,,,,,,,,,,,,,,,,,,,,,,,0,0,0,0,0
TV Chile,,Spanish,,,,,,Espanol,Espanol,Espanol,Espanol,,,,,,,,,,,,,,,,,,,,,,,,,,,,,,,,,,,,,,,,,,,,,,,,,,,,,,,,,,,,,,,0,0,0,0,0
TV Dominicana,,Spanish,,,,,,,,,,,,,,,Yes,,,,,,,,,,,,,,,,,,,,,,,,,,,,,,,,,,,,,,,,,,,,,,,,,,,,,,,,,0,0,0,0,0
TV Española Internacional,,Spanish,,,España Service,España Service,España Service,,,,,,,,,,,,,,,,,,,,,,,,,,,,,,,,,,,,,,,,,,,,,,,,,,,,,,,,,,,,,,,,,,,0,0,0,0,0
TV Land,,Kids and family,,Yes,Comedy Extra,Comedy Extra,Comedy Extra,Yes,Yes,Yes,Yes,Yes,,Yes,,,Yes,Yes,Yes,Yes,Yes,,,,,Yes,,,,,,,,,,,,,,,,,,,,,,,,,,,,,,,,,,,,,,,,,,,,,,,,0,0,0,0,0
TV One,,Lifestyle,,Yes,,,,,Yes,Yes,Yes,,,,,,Yes,,,,,,,,,,,,,,,,,,,,,,,,,,,,,,,,,,,,,,,,,,,,,,,,,,,,,,,,,0,0,0,0,0
TV Quisqueya,,International,,,Caribe Service,Caribe Service,Caribe Service,,,,,,,,,,,,,,,,,,,,,,,,,,,,,,,,,,,,,,,,,,,,,,,,,,,,,,,,,,,,,,,,,,,0,0,0,0,0
TV Venezuela,,Spanish,,,Sudamérica Service,Sudamérica Service,Sudamérica Service,,,,,,,,,,,,,,,,,,,,,,,,,,,,,,,,,,,,,,,,,,,,,,,,,,,,,,,,,,,,,,,,,,,0,0,0,0,0
TV5Monde,,International,,,,,,,,,,,,TV5Monde,,,,,,,,,,,,,,,,,,,,,,,,,,,,,,,,,,,,,,,,,,,,,,,,,,,,,,,,,,,,0,0,0,0,0
TVE,,Spanish,,,,,,Espanol,Espanol,Espanol,Espanol,,,,,,,,,,,,,,,,,,,,,,,,,,,,,,,,,,,,,,,,,,,,,,,,,,,,,,,,,,,,,,,0,0,0,0,0
TVG,,Sports,,,,,,,Yes,Yes,Yes,Sports Plus,,Yes,Premium,,,,,,,,,,,,,,,,,,,,,,,,,,,,,,,,,,,,,,,,,,,,,,,,,,,,,,,,,,,0,0,0,0,0
TVG2,,Sports,,,,,,,,,,,,Sports Plus with NFL RedZone,Premium,,,,,,,,,,,,,,,,,,,,,,,,,,,,,,,,,,,,,,,,,,,,,,,,,,,,,,,,,,,0,0,0,0,0
Tviet Network,,International,,,,,,Vietnamese,Vietnamese,Vietnamese,Vietnamese,,,,,,,,,,,,,,,,,,,,,,,,,,,,,,,,,,,,,,,,,,,,,,,,,,,,,,,,,,,,,,,0,0,0,0,0
Tvision Vibe: Cloud DVR,,Addon,,,,,,,,,,,,,,,,,,,Cloud DVR,,,,,,,,,,,,,,,,,,,,,,,,,,,,,,,,,,,,,,,,,,,,,,,,,,,,,0,0,0,0,0
TVV,,Spanish,,,,,,Espanol,Espanol,Espanol,Espanol,,,,,,,,,,,,,,,,,,,,,,,,,,,,,,,,,,,,,,,,,,,,,,,,,,,,,,,,,,,,,,,0,0,0,0,0
Ty C TV,Tyc Sports,Sports,,,Sudamérica Service,Sudamérica Service,Sudamérica Service,Espanol,Espanol,Espanol,Espanol,,,Sports Plus with NFL RedZone,,,Yes,,,,,,,,,,,,,,,,,,,,,,,,,,,,,,,,,,,,,,,,,,,,,,,,,,,,,,,,,0,0,0,0,0
Unimas,Unimás,Spanish,,,,,,Espanol,Yes,Yes,Yes,,,Yes,,,,,,,,,,,,,,,,,,,,,,,,,,,,,,,,,,,,,,,,,,,,,,,,,,,,,,,,,,,,0,0,0,0,0
Universal Kids,,Kids and family,,,,,,,,Yes,Yes,Yes,Yes,Yes,,,,,,Yes,,,,,,,,,,,,,,,,,,,,,,,,,,,,,,,,,,,,,,,,,,,,,,,,,,,,,,0,0,0,0,0
Universo,NBC Universo,Spanish,,,Best of Spanish TV,Best of Spanish TV,Best of Spanish TV,Espanol,Espanol,Yes,Yes,Yes,Espanol,Yes,,,,,,Yes,,,,,,,,,,,,,,,,,,,,,,,,,,,,,,,,,,,,,,,,,,,,,,,,,,,,,,0,0,0,0,0
Univision,,Spanish,,,,,,Yes,Yes,Yes,Yes,,,Yes,,,,,,,,,,,,,,,,,,,,,,,,,,,,,,,,,,,,,,,,,,,,,,,,,,,,,,,,,,,,0,0,0,0,0
Univision tlnovelas,,Spanish,,,,,,Espanol,Espanol,Espanol,Espanol,,,Entretenimiento Plus,,,,,,,,,,,,,,,,,,,,,,,,,,,,,,,,,,,,,,,,,,,,,,,,,,,,,,,,,,,,0,0,0,0,0
Up,"UpTV, Up Faith & Family, Up Faith and Family",Kids and family,,Yes,UP Faith & Family,UP Faith & Family,UP Faith & Family,,Yes,Yes,Yes,,,,,Yes,Yes,,,,,,,,,,,,,,,,,,,,,,,,,,,,,,,,,,,,,,,,,,,,,,,,,,,,,,,,,0,0,0,0,0
USA Network,USA,Entertainment,,,,Yes,Yes,Yes,Yes,Yes,Yes,Yes,Yes,Yes,,,,Yes,Yes,Yes,,,,,,,,,,,,,,,,,,,,,,,,,,,,,,,,,,,,,,,,,,,,,,,,,,,,,,0,0,0,0,0
VePlus,,Spanish,,,,,,Espanol,Espanol,Espanol,Espanol,,,,,,,,,,,,,,,,,,,,,,,,,,,,,,,,,,,,,,,,,,,,,,,,,,,,,,,,,,,,,,,0,0,0,0,0
VGN TV,,International,,,,,,Vietnamese,Vietnamese,Vietnamese,Vietnamese,,,,,,,,,,,,,,,,,,,,,,,,,,,,,,,,,,,,,,,,,,,,,,,,,,,,,,,,,,,,,,,0,0,0,0,0
VH1,VH 1,Entertainment,,Yes,Lifestyle Extra,Lifestyle Extra,Lifestyle Extra,Yes,Yes,Yes,Yes,Yes,,Yes,,,Yes,Yes,Yes,Yes,Yes,,,,,Yes,,,,,,,,,,,,,,,,,,,,,,,,,,,,,,,,,,,,,,,,,,,,,,,,0,0,0,0,0
Vice,Viceland,Lifestyle,,Yes,Yes,Yes,Yes,Yes,Yes,Yes,Yes,,Yes,Yes,,,Yes,,,,,,,,,Yes,,,,,,,,,,,,,,,,,,,,,,,,,,,,,,,,,,,,,,,,,,,,,,,,0,0,0,0,0
Videorola,Video Rola,Spanish,,,México Service,México Service,México Service,Espanol,Espanol,Espanol,Espanol,,,,,,Yes,,,,,,,,,,,,,,,,,,,,,,,,,,,,,,,,,,,,,,,,,,,,,,,,,,,,,,,,,0,0,0,0,0
Vien Thao TV,Vien Thao,International,,,,,,Vietnamese,Vietnamese,Vietnamese,Vietnamese,,,,,,,,,,,,,,,,,,,,,,,,,,,,,,,,,,,,,,,,,,,,,,,,,,,,,,,,,,,,,,,0,0,0,0,0
ViendoMovies,,Spanish,,,,,,Espanol,Espanol,Espanol,Espanol,,,,,,,,,,,,,,,,,,,,,,,,,,,,,,,,,,,,,,,,,,,,,,,,,,,,,,,,,,,,,,,0,0,0,0,0
Vietface TV,Viet Face,International,,,,,,Vietnamese,Vietnamese,Vietnamese,Vietnamese,,,,,,,,,,,,,,,,,,,,,,,,,,,,,,,,,,,,,,,,,,,,,,,,,,,,,,,,,,,,,,,0,0,0,0,0
VIETV,,International,,,,,,Vietnamese,Vietnamese,Vietnamese,Vietnamese,,,,,,,,,,,,,,,,,,,,,,,,,,,,,,,,,,,,,,,,,,,,,,,,,,,,,,,,,,,,,,,0,0,0,0,0
Vme,,Spanish,,,,,,Espanol,Espanol,Espanol,Espanol,,,,,,,,,,,,,,,,,,,,,,,,,,,,,,,,,,,,,,,,,,,,,,,,,,,,,,,,,,,,,,,0,0,0,0,0
Vme Kids,,Spanish,,,Best of Spanish TV,Best of Spanish TV,Best of Spanish TV,,,,,,,,,,,,,,,,,,,,,,,,,,,,,,,,,,,,,,,,,,,,,,,,,,,,,,,,,,,,,,,,,,,0,0,0,0,0
VSIN,,Sports,,,VSIN,VSIN,VSIN,,,,,,,Sports Plus with NFL RedZone,,,,,,,,,,,,,,,,,,,,,,,,,,,,,,,,,,,,,,,,,,,,,,,,,,,,,,,,,,,,0,0,0,0,0
WAPA America,Wapa América,International,,,Caribe Service,Caribe Service,Caribe Service,Espanol,Espanol,Espanol,Espanol,,,,,,Yes,,,,,,,,,,,,,,,,,,,,,,,,,,,,,,,,,,,,,,,,,,,,,,,,,,,,,,,,,0,0,0,0,0
Warriors & Gangsters,,Entertainment,,,Warriors & Gangsters,Warriors & Gangsters,Warriors & Gangsters,,,,,,,,,,,,,,,,,,,,,,,,,,,,,,,,,,,,,,,,,,,,,,,,,,,,,,,,,,,,,,,,,,,0,0,0,0,0
Watch It Scream!,,Entertainment,,,Watch It Scream!,Watch It Scream!,Watch It Scream!,,,,,,,,,,,,,,,,,,,,,,,,,,,,,,,,,,,,,,,,,,,,,,,,,,,,,,,,,,,,,,,,,,,0,0,0,0,0
WatchitKid!,,Kids and family,,,,,,,,,,,,,Yes,,,,,,,,,,,,,,,,,,,,,,,,,,,,,,,,,,,,,,,,,,,,,,,,,,,,,,,,,,,0,0,0,0,0
We TV,WeTV,Lifestyle,,Yes,Lifestyle Extra,Lifestyle Extra,Lifestyle Extra,Yes,Yes,Yes,Yes,Yes,,Yes,,,,Yes,Yes,Yes,Yes,,,,,Yes,,,,,,,,,,,,,,,,,,,,,,,,,,,,,,,,,,,,,,,,,,,,,,,,0,0,0,0,0
Weather Channel,The Weather Channel,News,,,,,,,Yes,Yes,Yes,,,Yes,,Yes,,,,,,,,,,Yes,,,,,,,,,,,,,,,,,,,,,,,,,,,,,,,,,,,,,,,,,,,,,,,,0,0,0,0,0
Weather Nation,,News,,,News Extra,News Extra,News Extra,,,,,,,,,,,,,,,,,,,,,,,,,,,,,,,,,,,,,,,,,,,,,,,,,,,,,,,,,,,,,,,,,,,0,0,0,0,0
World Fishing Network,WFN,Sports,,,Heartland Extra,Heartland Extra,Heartland Extra,,,,,,,Adventure Plus,,Yes,,,,,,,,,,,,,,,,,,,,,,,,,,,,,,,,,,,,,,,,,,,,,,,,,,,,,,,,,,0,0,0,0,0
YES Network,,Regional Sports,,,,,,,Yes,Yes,Yes,,,,,,,,,,,,,,,,,,,,,,,,,,,,,,,,,,,,,,,,,,,,,,,,,,,,,,,,,,,,,,,0,0,0,0,0
Youtube Movies,,Movies,,,,,,,,,,Yes,,,,,,,,,,,,,,,,,,,,,,,,,,,,,,,,,,,,,,,,,,,,,,,,,,,,,,,,,,,,,,0,0,0,0,0
Youtube Originals,,Entertainment,,,,,,,,,,Yes,,,,,,,,,,,,,,,,,,,,,,,,,,,,,,,,,,,,,,,,,,,,,,,,,,,,,,,,,,,,,,0,0,0,0,0
YTN,,International,,,,,,Korean,Korean,Korean,Korean,,,,,,,,,,,,,,,,,,,,,,,,,,,,,,,,,,,,,,,,,,,,,,,,,,,,,,,,,,,,,,,0,0,0,0,0
YTTV: YouTube TV Entertainment Plus,YouTube TV Entertainment Plus,Addon,,,,,,,,,,YouTube TV Entertainment Plus,,,,,,,,,,,,,,,,,,,,,,,,,,,,,,,,,,,,,,,,,,,,,,,,,,,,,,,,,,,,,,0,0,0,0,0
Z Living Hd,,Lifestyle,,,Lifestyle Extra,Lifestyle Extra,Lifestyle Extra,,,,,,,,,,,,,,,,,,,,,,,,,,,,,,,,,,,,,,,,,,,,,,,,,,,,,,,,,,,,,,,,,,,0,0,0,0,0
Zee Familia,,Spanish,,,Best of Spanish TV,Best of Spanish TV,Best of Spanish TV,,,,,,,,,,,,,,,,,,,,,,,,,,,,,,,,,,,,,,,,,,,,,,,,,,,,,,,,,,,,,,,,,,,0,0,0,0,0
Zee Mundo,,Spanish,,,Best of Spanish TV,Best of Spanish TV,Best of Spanish TV,,,,,,,,,,,,,,,,,,,,,,,,,,,,,,,,,,,,,,,,,,,,,,,,,,,,,,,,,,,,,,,,,,,0,0,0,0,0
Zona Futbol,,Sports,,,,,,,,,,,,Fubo Extra,,,,,,,,,,,,,,,,,,,,,,,,,,,,,,,,,,,,,,,,,,,,,,,,,,,,,,,,,,,,0,0,0,0,0
Zoomoo,,Spanish,,,,,,Espanol,Espanol,Espanol,Espanol,,,,,,,,,,,,,,,,,,,,,,,,,,,,,,,,,,,,,,,,,,,,,,,,,,,,,,,,,,,,,,,0,0,0,0,0
