Network,Aliases,Category,Marked,Philo,Sling Orange,Sling Blue,Sling Orange + Blue,DirecTV Stream Entertainment,DirecTV Stream Choice,DirecTV Stream Ultimate,DirecTV Stream Premier,YouTube TV,Hulu with Live TV,Fubo TV,KlowdTV,Frndly TV,Vidgo English Premium,Vidgo English Plus,Vidgo Spanish MAS,Placeholder3,Placeholder4,Placeholder4,Placeholder5,Placeholder6,Placeholder7,Spectrum TV Essentials,Philo Chosen,Sling Orange Chosen,Sling Blue Chosen,Sling Orange + Blue Chosen,DirecTV Stream Entertainment Chosen,DirecTV Stream Choice Chosen,DirecTV Stream Ultimate Chosen,DirecTV Stream Premier Chosen,YouTube TV Chosen,Hulu with Live TV Chosen,Fubo TV Chosen,KlowdTV Chosen,Frndly TV Chosen,Vidgo English Premium Chosen,Vidgo English Plus Chosen,Vidgo Spanish MAS Chosen,Placeholder3 Chosen,Placeholder4 Chosen,Placeholder4 Chosen,Placeholder5 Chosen,Placeholder6 Chosen,Placeholder7 Chosen,Spectrum TV Essentials Chosen,Network Chosen,Philo qualify,Sling Orange qualify,Sling Blue qualify,Sling Orange + Blue qualify,DirecTV Stream Entertainment qualify,DirecTV Stream Choice qualify,DirecTV Stream Ultimate qualify,DirecTV Stream Premier qualify,YouTube TV qualify,Hulu with Live TV qualify,Fubo TV qualify,KlowdTV qualify,Frndly TV qualify,Vidgo English Premium qualify,Vidgo English Plus qualify,Vidgo Spanish MAS qualify,Placeholder3 qualify,Placeholder4 qualify,Placeholder4 qualify,Placeholder5 qualify,Placeholder6 qualify,Placeholder7 qualify,Spectrum TV Essentials qualify,Highlight Network,Highlight Service,Highlight Result A,Highlight Result B,User Mark
[DVR],,Addon,1,Yes,Yes,Yes,Yes,Yes,Yes,Yes,Yes,Yes,Yes,Yes,,Classic,,,,,,,,,,,1,,,,,,,,1,,,,,,,,,,,,,,,1,1,1,1,1,1,1,1,1,1,1,1,,2,,,,,,,,,,,0,0,0,0,1
¡Hola! TV,"Hola TV, !Hola! TV",Spanish,,,Best of Spanish TV,Best of Spanish TV,Best of Spanish TV,Espanol,Espanol,Espanol,Espanol,,,,,,,,Yes,,,,,,,,,,,,,,,,,,,,,,,,,,,,,,,,,,,,,,,,,,,,,,,,,,,,,,,0,0,0,0,0
24 Hour Movies,,Movies,,,,,,,,,,,,,Yes,,,,,,,,,,,,,,,,,,,,,,,,,,,,,,,,,,,,,,,,,,,,,,,,,,,,,,,,,,,0,0,0,0,0
5StarMax,,Premium movies,,,,,,Cinemax,Cinemax,Cinemax,Yes,Cinemax,Cinemax,,,,,,,,,,,,,,,,,,,,,,,,,,,,,,,,,,,,,,,,,,,,,,,,,,,,,,,,,,,,,0,0,0,0,0
911 Network,,Entertainment,,,,,,,,,,,,Fubo Extra,,,,,,,,,,,,,,,,,,,,,,,,,,,,,,,,,,,,,,,,,,,,,,,,,,,,,,,,,,,,0,0,0,0,0
A Wealth of Entertainment,AWE,Entertainment,,,,,,,,,,,,,Premium,,Yes,Yes,,,,,,,,,,,,,,,,,,,,,,,,,,,,,,,,,,,,,,,,,,,,,,,,,,,,,,,,0,0,0,0,0
A&E,"Arts & Entertainment, A&E Network, AETV",Entertainment,1,Yes,Yes,Yes,Yes,Yes,Yes,Yes,Yes,,Yes,,,Yes,Yes,Yes,,,,,,,,Yes,1,,,,,,,,,,,,,,,,,,,,,,,1,1,1,1,1,1,1,1,1,,1,,,1,1,1,,,,,,,,,0,0,0,0,2
A3 Series,"A3S, Atres Series",Spanish,,,México Service,México Service,México Service,Espanol,Espanol,Espanol,Espanol,,,,,,,,,,,,,,,,,,,,,,,,,,,,,,,,,,,,,,,,,,,,,,,,,,,,,,,,,,,,,,,0,0,0,0,0
A3Cine,,Spanish,,,España Service,España Service,España Service,,,,,,,,,,,,,,,,,,,,,,,,,,,,,,,,,,,,,,,,,,,,,,,,,,,,,,,,,,,,,,,,,,,0,0,0,0,0
ABC,,Broadcast,1,,,,,Yes,Yes,Yes,Yes,Yes,Yes,Yes,,,Yes,Yes,,,,,,,,,,,,,,,,,1,,,,,,,,,,,,,,,1,,,,,1,1,1,1,1,1,1,,,1,1,,,,,,,,,0,0,0,0,1
ABC Localish,Localish,Lifestyle,,,,,,,,,,,Yes,Yes,,,Yes,,,,,,,,,,,,,,,,,,,,,,,,,,,,,,,,,,,,,,,,,,,,,,,,,,,,,,,,,0,0,0,0,0
ABC News Live,ABCNL,News,,,,,,,,,,Yes,Yes,Yes,,,Yes,Yes,,,,,,,,,,,,,,,,,,,,,,,,,,,,,,,,,,,,,,,,,,,,,,,,,,,,,,,,0,0,0,0,0
ACC Network,ACCN,Regional Sports,1,,Sports Extra,,Sports Extra,,Yes,Yes,Yes,Yes,Yes,Yes,,,Yes,Yes,,,,,,,,,,,,,,,,,1,,,,,,,,,,,,,,,1,,2,,2,,1,1,1,1,1,1,,,1,1,,,,,,,,,0,0,0,0,2
ACC Network Extra,,Regional Sports,,,Sports Extra,,Sports Extra,,,,,,,,,,,,,,,,,,,,,,,,,,,,,,,,,,,,,,,,,,,,,,,,,,,,,,,,,,,,,,,,,,,0,0,0,0,0
AccuWeather,Accuweather Network,News,,Yes,,,,Yes,Yes,Yes,Yes,,,Yes,,,,,,,,,,,,,,,,,,,,,,,,,,,,,,,,,,,,,,,,,,,,,,,,,,,,,,,,,,,,0,0,0,0,0
Acorn,,Entertainment,,,Acorn,Acorn,Acorn,,,,,Acorn TV,,,,,,,,,,,,,,,,,,,,,,,,,,,,,,,,,,,,,,,,,,,,,,,,,,,,,,,,,,,,,,0,0,0,0,0
Action Hollywood,,Movies,,,,,,,,,,,,,Yes,,,,,,,,,,,,,,,,,,,,,,,,,,,,,,,,,,,,,,,,,,,,,,,,,,,,,,,,,,,0,0,0,0,0
AfricaNews,,News,,,,,,,,,,,,News Plus,,,,,,,,,,,,,,,,,,,,,,,,,,,,,,,,,,,,,,,,,,,,,,,,,,,,,,,,,,,,0,0,0,0,0
ALLBLK,,Entertainment,,,ALLBLK,ALLBLK,ALLBLK,,,,,ALLBLK,,,,,,,,,,,,,,,,,,,,,,,,,,,,,,,,,,,,,,,,,,,,,,,,,,,,,,,,,,,,,,0,0,0,0,0
Allied Esports,,Sports,,,,,,,,,,,,,Yes,,,,,,,,,,,,,,,,,,,,,,,,,,,,,,,,,,,,,,,,,,,,,,,,,,,,,,,,,,,0,0,0,0,0
Altitude Sports,,Regional Sports,,,,,,,Yes,Yes,Yes,,,,,,,,,,,,,,,,,,,,,,,,,,,,,,,,,,,,,,,,,,,,,,,,,,,,,,,,,,,,,,,0,0,0,0,0
Altres Series,Atreseries,Spanish,,,,,,,,,,,,,,,,,Yes,,,,,,,,,,,,,,,,,,,,,,,,,,,,,,,,,,,,,,,,,,,,,,,,,,,,,,,0,0,0,0,0
AMC,AMC Network,Entertainment,,Yes,Yes,Yes,Yes,Yes,Yes,Yes,Yes,Yes,,Yes,,,,,,,,,,,,Yes,,,,,,,,,,,,,,,,,,,,,,,,,,,,,,,,,,,,,,,,,,,,,,,,0,0,0,0,0
AMC Premiere,"AMC+, AMC +",Premium movies,,,AMC+,AMC+,AMC+,,,,,AMC+,,AMC Premiere,,,,,,,,,,,,,,,,,,,,,,,,,,,,,,,,,,,,,,,,,,,,,,,,,,,,,,,,,,,,0,0,0,0,0
American Heroes,"AHC, American Heroes Channel, American Heroes Network",Entertainment,,Yes,Heartland Extra,Heartland Extra,Heartland Extra,,,Yes,Yes,,Entertainment,Fubo Extra,,,Yes,Yes,,,,,,,,Yes,,,,,,,,,,,,,,,,,,,,,,,,,,,,,,,,,,,,,,,,,,,,,,,,0,0,0,0,0
Animal Planet,,Lifestyle,1,Yes,discovery+,discovery+,discovery+,Yes,Yes,Yes,Yes,Yes,Yes,Yes,,,Yes,Yes,,,,,,,,Yes,1,,,,,,,,1,,,,,,,,,,,,,,,1,1,2,2,2,1,1,1,1,1,1,1,,,1,1,,,,,,,,,0,0,0,0,2
Antena 3,"Antena 3 Internacional, Antenna 3",Spanish,,,España Service,España Service,España Service,Espanol,Espanol,Espanol,Espanol,Spanish Plus,,Entretenimiento Plus,,,,,Yes,,,,,,,,,,,,,,,,,,,,,,,,,,,,,,,,,,,,,,,,,,,,,,,,,,,,,,,0,0,0,0,0
Arirang TV,,International,,,,,,Korean,Korean,Korean,Korean,,,,,,,,,,,,,,,,,,,,,,,,,,,,,,,,,,,,,,,,,,,,,,,,,,,,,,,,,,,,,,,0,0,0,0,0
Aspire,"AspireTV, Aspire TV, Aspire TV Life",Lifestyle,,Yes,,,,,,Yes,Yes,,,,Yes,,Yes,Yes,Yes,,,,,,,,,,,,,,,,,,,,,,,,,,,,,,,,,,,,,,,,,,,,,,,,,,,,,,,0,0,0,0,0
AT&T SportsNet Pittsburgh,,Regional Sports,,,,,,,Yes,Yes,Yes,,,,,,,,,,,,,,,,,,,,,,,,,,,,,,,,,,,,,,,,,,,,,,,,,,,,,,,,,,,,,,,0,0,0,0,0
AT&T SportsNet Rocky Mountain,,Regional Sports,,,,,,,Yes,Yes,Yes,,,,,,,,,,,,,,,,,,,,,,,,,,,,,,,,,,,,,,,,,,,,,,,,,,,,,,,,,,,,,,,0,0,0,0,0
AT&T SportsNet Rocky Mountain HD,,Regional Sports,,,,,,,Yes,Yes,Yes,,,,,,,,,,,,,,,,,,,,,,,,,,,,,,,,,,,,,,,,,,,,,,,,,,,,,,,,,,,,,,,0,0,0,0,0
AT&T SportsNet Southwest,,Regional Sports,,,,,,,Yes,Yes,Yes,,,,,,,,,,,,,,,,,,,,,,,,,,,,,,,,,,,,,,,,,,,,,,,,,,,,,,,,,,,,,,,0,0,0,0,0
Atmosphere,Chive (Atmosphere),Entertainment,,,,,,,,,,,,,,,Yes,,,,,,,,,,,,,,,,,,,,,,,,,,,,,,,,,,,,,,,,,,,,,,,,,,,,,,,,,0,0,0,0,0
Atrecine,,Spanish,,,,,,Espanol,Espanol,Espanol,Espanol,,,,,,,,Yes,,,,,,,,,,,,,,,,,,,,,,,,,,,,,,,,,,,,,,,,,,,,,,,,,,,,,,,0,0,0,0,0
ATRES Player,ATRESPlayer,Spanish,,,,,,,,,,ATRESPlayer,,,,,,,,,,,,,,,,,,,,,,,,,,,,,,,,,,,,,,,,,,,,,,,,,,,,,,,,,,,,,,0,0,0,0,0
AWE International,,Lifestyle,,,,,,,,,,,,,Worldwide,,,,,,,,,,,,,,,,,,,,,,,,,,,,,,,,,,,,,,,,,,,,,,,,,,,,,,,,,,,0,0,0,0,0
AWE Plus,,Lifestyle,,,,,,,,,,,,,Yes,,Yes,,,,,,,,,,,,,,,,,,,,,,,,,,,,,,,,,,,,,,,,,,,,,,,,,,,,,,,,,0,0,0,0,0
AXS TV,AXSTV,Entertainment,,Yes,Yes,Yes,Yes,Yes,Yes,Yes,Yes,,,,,,,,,,,,,,,Yes,,,,,,,,,,,,,,,,,,,,,,,,,,,,,,,,,,,,,,,,,,,,,,,,0,0,0,0,0
AXS TV Now,,Entertainment,,,,,,,,,,,,,Yes,,,,,,,,,,,,,,,,,,,,,,,,,,,,,,,,,,,,,,,,,,,,,,,,,,,,,,,,,,,0,0,0,0,0
AZ Cinema,,Spanish,,,México Service,México Service,México Service,,,,,,,,,,,,,,,,,,,,,,,,,,,,,,,,,,,,,,,,,,,,,,,,,,,,,,,,,,,,,,,,,,,0,0,0,0,0
AZ Clic,,Spanish,,,México Service,México Service,México Service,,,,,,,,,,,,,,,,,,,,,,,,,,,,,,,,,,,,,,,,,,,,,,,,,,,,,,,,,,,,,,,,,,,0,0,0,0,0
AZ Corazón,,Spanish,,,México Service,México Service,México Service,,,,,,,,,,,,,,,,,,,,,,,,,,,,,,,,,,,,,,,,,,,,,,,,,,,,,,,,,,,,,,,,,,,0,0,0,0,0
Azteca,TV Azteca,Spanish,,,Best of Spanish TV,Best of Spanish TV,Best of Spanish TV,Espanol,Espanol,Espanol,Espanol,,,,,,,,Yes,,,,,,,,,,,,,,,,,,,,,,,,,,,,,,,,,,,,,,,,,,,,,,,,,,,,,,,0,0,0,0,0
Baby First,"BabyFirst, BabyFirst TV",Kids and family,,,,,,Yes,Yes,Yes,Yes,,,,,Yes,,,,,,,,,,,,,,,,,,,,,,,,,,,,,,,,,,,,,,,,,,,,,,,,,,,,,,,,,,0,0,0,0,0
BabyTV,Baby TV,Kids and family,,,Kids Extra,Kids Extra,Kids Extra,Espanol,Espanol,Espanol,Espanol,,,,,,Yes,Yes,,,,,,,,,,,,,,,,,,,,,,,,,,,,,,,,,,,,,,,,,,,,,,,,,,,,,,,,0,0,0,0,0
BabyTV Español,"BabyTV Espanol, BabyTV Spanish, Baby TV Espanol",Kids and family,,,Best of Spanish TV,Best of Spanish TV,Best of Spanish TV,,,,,Spanish Plus,,Latino Plus,,,,,Yes,,,,,,,,,,,,,,,,,,,,,,,,,,,,,,,,,,,,,,,,,,,,,,,,,,,,,,,0,0,0,0,0
Bally Sports Arizona,,Regional Sports,,,,,,,Yes,Yes,Yes,,,,,,,,,,,,,,,,,,,,,,,,,,,,,,,,,,,,,,,,,,,,,,,,,,,,,,,,,,,,,,,0,0,0,0,0
Bally Sports Cincinnati,,Regional Sports,,,,,,,Yes,Yes,Yes,,,,,,,,,,,,,,,,,,,,,,,,,,,,,,,,,,,,,,,,,,,,,,,,,,,,,,,,,,,,,,,0,0,0,0,0
Bally Sports Detroit,,Regional Sports,,,,,,,Yes,Yes,Yes,,,,,,,,,,,,,,,,,,,,,,,,,,,,,,,,,,,,,,,,,,,,,,,,,,,,,,,,,,,,,,,0,0,0,0,0
Bally Sports Florida,,Regional Sports,,,,,,,Yes,Yes,Yes,,,,,,,,,,,,,,,,,,,,,,,,,,,,,,,,,,,,,,,,,,,,,,,,,,,,,,,,,,,,,,,0,0,0,0,0
Bally Sports Great Lakes,,Regional Sports,,,,,,,Yes,Yes,Yes,,,,,,,,,,,,,,,,,,,,,,,,,,,,,,,,,,,,,,,,,,,,,,,,,,,,,,,,,,,,,,,0,0,0,0,0
Bally Sports Indiana,,Regional Sports,,,,,,,Yes,Yes,Yes,,,,,,,,,,,,,,,,,,,,,,,,,,,,,,,,,,,,,,,,,,,,,,,,,,,,,,,,,,,,,,,0,0,0,0,0
Bally Sports Kansas City,,Regional Sports,,,,,,,Yes,Yes,Yes,,,,,,,,,,,,,,,,,,,,,,,,,,,,,,,,,,,,,,,,,,,,,,,,,,,,,,,,,,,,,,,0,0,0,0,0
Bally Sports Midwest,,Regional Sports,,,,,,,Yes,Yes,Yes,,,,,,,,,,,,,,,,,,,,,,,,,,,,,,,,,,,,,,,,,,,,,,,,,,,,,,,,,,,,,,,0,0,0,0,0
Bally Sports New Orleans,,Regional Sports,,,,,,,Yes,Yes,Yes,,,,,,,,,,,,,,,,,,,,,,,,,,,,,,,,,,,,,,,,,,,,,,,,,,,,,,,,,,,,,,,0,0,0,0,0
Bally Sports North,,Regional Sports,,,,,,,Yes,Yes,Yes,,,,,,,,,,,,,,,,,,,,,,,,,,,,,,,,,,,,,,,,,,,,,,,,,,,,,,,,,,,,,,,0,0,0,0,0
Bally Sports Ohio,,Regional Sports,,,,,,,Yes,Yes,Yes,,,,,,,,,,,,,,,,,,,,,,,,,,,,,,,,,,,,,,,,,,,,,,,,,,,,,,,,,,,,,,,0,0,0,0,0
Bally Sports Oklahoma,,Regional Sports,,,,,,,Yes,Yes,Yes,,,,,,,,,,,,,,,,,,,,,,,,,,,,,,,,,,,,,,,,,,,,,,,,,,,,,,,,,,,,,,,0,0,0,0,0
Bally Sports San Diego,,Regional Sports,,,,,,,Yes,Yes,Yes,,,,,,,,,,,,,,,,,,,,,,,,,,,,,,,,,,,,,,,,,,,,,,,,,,,,,,,,,,,,,,,0,0,0,0,0
Bally Sports SoCal,,Regional Sports,,,,,,,Yes,Yes,Yes,,,,,,,,,,,,,,,,,,,,,,,,,,,,,,,,,,,,,,,,,,,,,,,,,,,,,,,,,,,,,,,0,0,0,0,0
Bally Sports South,,Regional Sports,,,,,,,Yes,Yes,Yes,,,,,,,,,,,,,,,,,,,,,,,,,,,,,,,,,,,,,,,,,,,,,,,,,,,,,,,,,,,,,,,0,0,0,0,0
Bally Sports Southeast,,Regional Sports,,,,,,,Yes,Yes,Yes,,,,,,,,,,,,,,,,,,,,,,,,,,,,,,,,,,,,,,,,,,,,,,,,,,,,,,,,,,,,,,,0,0,0,0,0
Bally Sports Southwest,,Regional Sports,,,,,,,Yes,Yes,Yes,,,,,,,,,,,,,,,,,,,,,,,,,,,,,,,,,,,,,,,,,,,,,,,,,,,,,,,,,,,,,,,0,0,0,0,0
Bally Sports Sun,,Regional Sports,,,,,,,Yes,Yes,Yes,,,,,,,,,,,,,,,,,,,,,,,,,,,,,,,,,,,,,,,,,,,,,,,,,,,,,,,,,,,,,,,0,0,0,0,0
Bally Sports West,,Regional Sports,,,,,,,Yes,Yes,Yes,,,,,,,,,,,,,,,,,,,,,,,,,,,,,,,,,,,,,,,,,,,,,,,,,,,,,,,,,,,,,,,0,0,0,0,0
Bally Sports Wisconsin,,Regional Sports,,,,,,,Yes,Yes,Yes,,,,,,,,,,,,,,,,,,,,,,,,,,,,,,,,,,,,,,,,,,,,,,,,,,,,,,,,,,,,,,,0,0,0,0,0
Bandamax,,Spanish,,,,,,Espanol,Espanol,Espanol,Espanol,Spanish Plus,,Entretenimiento Plus,,,Yes,Yes,Yes,,,,,,,,,,,,,,,,,,,,,,,,,,,,,,,,,,,,,,,,,,,,,,,,,,,,,,,0,0,0,0,0
BBC America,BBCA,Entertainment,,Yes,Yes,Yes,Yes,Yes,Yes,Yes,Yes,Yes,,Yes,,,,,,,,,,,,Yes,,,,,,,,,,,,,,,,,,,,,,,,,,,,,,,,,,,,,,,,,,,,,,,,0,0,0,0,0
BBC World News,BBC News,News,,Yes,News Extra,News Extra,News Extra,,,Yes,Yes,Yes,,Fubo Extra,,,,,,,,,,,,Yes,,,,,,,,,,,,,,,,,,,,,,,,,,,,,,,,,,,,,,,,,,,,,,,,0,0,0,0,0
Bein Laliga,beIN Sports Connect La Liga,Sports,,,,,,,,,,,,Yes,,,,,,,,,,,,,,,,,,,,,,,,,,,,,,,,,,,,,,,,,,,,,,,,,,,,,,,,,,,,0,0,0,0,0
Bein Sports,"Bein, Bein Sports English",Sports,,,Sports Extra,Sports Extra,Sports Extra,,,,,Sports Plus,,Yes,,,,,,,,,,,,,,,,,,,,,,,,,,,,,,,,,,,,,,,,,,,,,,,,,,,,,,,,,,,,0,0,0,0,0
Bein Sports Connect,Bein Connect n,Sports,,,,,,,,,,,,Yes,,,,,,,,,,,,,,,,,,,,,,,,,,,,,,,,,,,,,,,,,,,,,,,,,,,,,,,,,,,,0,0,0,0,0
Bein Sports Espanol,"Bein Sports En Español, Bein Sports Spanish, Bein Spanish, Bein Sports en Espanol, Bein Sports - Spanish",Sports,,,Best of Spanish TV,Best of Spanish TV,Best of Spanish TV,,,,,Spanish Plus,,Yes,,,,,,,,,,,,,,,,,,,,,,,,,,,,,,,,,,,,,,,,,,,,,,,,,,,,,,,,,,,,0,0,0,0,0
Bein Sports Xtra,"BeinsportsXtra, bein sports extra",Sports,,,Best of Spanish TV,Best of Spanish TV,Best of Spanish TV,,,,,,,Yes,Yes,,,,,,,,,,,,,,,,,,,,,,,,,,,,,,,,,,,,,,,,,,,,,,,,,,,,,,,,,,,0,0,0,0,0
BeIN Sports Xtra En Espanol,,Sports,,,,,,,,,,,,Yes,Yes,,,,,,,,,,,,,,,,,,,,,,,,,,,,,,,,,,,,,,,,,,,,,,,,,,,,,,,,,,,0,0,0,0,0
Benfica TV,,International,,,,,,,,,,,,Portuguese Plus,,,,,,,,,,,,,,,,,,,,,,,,,,,,,,,,,,,,,,,,,,,,,,,,,,,,,,,,,,,,0,0,0,0,0
BET,,Entertainment,,Yes,Yes,Yes,Yes,Yes,Yes,Yes,Yes,Yes,Yes,Yes,,,Yes,Yes,,,,,,,,Yes,,,,,,,,,,,,,,,,,,,,,,,,,,,,,,,,,,,,,,,,,,,,,,,,0,0,0,0,0
BET Gospel,,Music,,,,,,,,,,,,,,,Yes,,,,,,,,,,,,,,,,,,,,,,,,,,,,,,,,,,,,,,,,,,,,,,,,,,,,,,,,,0,0,0,0,0
BET Her,,Entertainment,,Yes,,,,,,Yes,Yes,Yes,Entertainment,Fubo Extra,,,Yes,,,,,,,,,Yes,,,,,,,,,,,,,,,,,,,,,,,,,,,,,,,,,,,,,,,,,,,,,,,,0,0,0,0,0
BET Jams,,Music,,,,,,,,,,,,Fubo Extra,,,Yes,,,,,,,,,Yes,,,,,,,,,,,,,,,,,,,,,,,,,,,,,,,,,,,,,,,,,,,,,,,,0,0,0,0,0
BET Soul,,Music,,,,,,,,,,,,Fubo Extra,,,Yes,,,,,,,,,Yes,,,,,,,,,,,,,,,,,,,,,,,,,,,,,,,,,,,,,,,,,,,,,,,,0,0,0,0,0
BET+,,Entertainment,,,BET+,BET+,BET+,,,,,,,,,,,,,,,,,,,,,,,,,,,,,,,,,,,,,,,,,,,,,,,,,,,,,,,,,,,,,,,,,,,0,0,0,0,0
Big Ten Network,"BTN, Big Ten, BIGTEN",Regional Sports,,,,Sports Extra,Sports Extra,,Yes,Yes,Yes,Yes,Yes,Yes,,,Yes,Yes,,,,,,,,,,,,,,,,,,,,,,,,,,,,,,,,,,,,,,,,,,,,,,,,,,,,,,,,0,0,0,0,0
BigTen Net Alternate n,,Regional Sports,,,,,,,,,,,,Yes,,,,,,,,,,,,,,,,,,,,,,,,,,,,,,,,,,,,,,,,,,,,,,,,,,,,,,,,,,,,0,0,0,0,0
Billiard TV,BilliardTV,Sports,,,,,,,,,,Sports Plus,,,Yes,,,,,,,,,,,,,,,,,,,,,,,,,,,,,,,,,,,,,,,,,,,,,,,,,,,,,,,,,,,0,0,0,0,0
Black News Channel,BNC,News,,,,,,Yes,Yes,Yes,Yes,,,,,,,,,,,,,,,,,,,,,,,,,,,,,,,,,,,,,,,,,,,,,,,,,,,,,,,,,,,,,,,0,0,0,0,0
Bloomberg Quicktake,,News,,,,,,,,,,,,News Plus,,,,,,,,,,,,,,,,,,,,,,,,,,,,,,,,,,,,,,,,,,,,,,,,,,,,,,,,,,,,0,0,0,0,0
Bloomberg TV,"Bloomberg, Bloomberg Television",News,,Yes,Yes,Yes,Yes,Yes,Yes,Yes,Yes,,Yes,Yes,,,,,,,,,,,,Yes,,,,,,,,,,,,,,,,,,,,,,,,,,,,,,,,,,,,,,,,,,,,,,,,0,0,0,0,0
Bloomberg+,"Bloomberg TV+, Bloomberg Plus",News,,,,,,,,,,,,News Plus,,,,,,,,,,,,,,,,,,,,,,,,,,,,,,,,,,,,,,,,,,,,,,,,,,,,,,,,,,,,0,0,0,0,0
Boomerang,,Kids and family,,,Kids Extra,Kids Extra,Kids Extra,Yes,Yes,Yes,Yes,,Yes,,,,,,,,,,,,,,,,,,,,,,,,,,,,,,,,,,,,,,,,,,,,,,,,,,,,,,,,,,,,,0,0,0,0,0
Bounce,Bounce TV,Entertainment,,,Hollywood Extra,Hollywood Extra,Hollywood Extra,,Yes,Yes,Yes,,,,,,,,,,,,,,,,,,,,,,,,,,,,,,,,,,,,,,,,,,,,,,,,,,,,,,,,,,,,,,,0,0,0,0,0
Bravo,,Lifestyle,1,,,Yes,Yes,Yes,Yes,Yes,Yes,Yes,Yes,Yes,,,,,,,,,,,,,,,,,,,,,1,,,,,,,,,,,,,,,1,,,1,1,1,1,1,1,1,1,1,,,,,,,,,,,,,0,0,0,0,1
Business Rockstars,,Entertainment,,,,,,,,,,,,,Yes,,,,,,,,,,,,,,,,,,,,,,,,,,,,,,,,,,,,,,,,,,,,,,,,,,,,,,,,,,,0,0,0,0,0
BYUTV,BYU TV,Entertainment,,,,,,,,,,,,,,Yes,Yes,Yes,,,,,,,,,,,,,,,,,,,,,,,,,,,,,,,,,,,,,,,,,,,,,,,,,,,,,,,,0,0,0,0,0
Campus Lore,,Entertainment,,,,,,,,,,,,,Yes,,,,,,,,,,,,,,,,,,,,,,,,,,,,,,,,,,,,,,,,,,,,,,,,,,,,,,,,,,,0,0,0,0,0
Canal 22 Internacional,,Spanish,,,,,,Espanol,Espanol,Espanol,Espanol,,,,,,,,,,,,,,,,,,,,,,,,,,,,,,,,,,,,,,,,,,,,,,,,,,,,,,,,,,,,,,,0,0,0,0,0
Canal Once,,Spanish,,,México Service,México Service,México Service,,,,,,,,,,,,,,,,,,,,,,,,,,,,,,,,,,,,,,,,,,,,,,,,,,,,,,,,,,,,,,,,,,,0,0,0,0,0
Canal Sur,,Spanish,,,Sudamérica Service,Sudamérica Service,Sudamérica Service,,,,,,,,,,,,Yes,,,,,,,,,,,,,,,,,,,,,,,,,,,,,,,,,,,,,,,,,,,,,,,,,,,,,,,0,0,0,0,0
Caracol,"Caracol TV, Caracol TV Internacional",Spanish,,,Sudamérica Service,Sudamérica Service,Sudamérica Service,Espanol,Espanol,Espanol,Espanol,,,,,,,,,,,,,,,,,,,,,,,,,,,,,,,,,,,,,,,,,,,,,,,,,,,,,,,,,,,,,,,0,0,0,0,0
Carbon TV,,Lifestyle,,,,,,,,,,,,,Yes,,,,,,,,,,,,,,,,,,,,,,,,,,,,,,,,,,,,,,,,,,,,,,,,,,,,,,,,,,,0,0,0,0,0
Cartoon Network,"CN, Adult Swim",Kids and family,1,,Yes,Yes,Yes,Yes,Yes,Yes,Yes,Yes,Yes,,,,,,,,,,,,,,,,,,,,,,1,,,,,,,,,,,,,,,1,,1,1,1,1,1,1,1,1,1,,,,,,,,,,,,,,0,0,0,0,3
CBS,,Broadcast,1,,,,,Yes,Yes,Yes,Yes,Yes,Yes,Yes,,,,,,,,,,,,,,,,,,,,,1,,,,,,,,,,,,,,,1,,,,,1,1,1,1,1,1,1,,,,,,,,,,,,,0,0,0,0,1
CBS News Live,CBS News,News,,,,,,,,,,,Yes,Yes,,,,,,,,,,,,,,,,,,,,,,,,,,,,,,,,,,,,,,,,,,,,,,,,,,,,,,,,,,,,0,0,0,0,0
CBS Sports Network,"CBSsn, CBS Sports, CBS Sn, CBS Sports Net",Sports,1,,,,,,,Yes,Yes,Yes,Yes,Yes,,,,,,,,,,,,,,,,,,,,,1,,,,,,,,,,,,,,,1,,,,,,,1,1,1,1,1,,,,,,,,,,,,,0,0,0,0,2
CBTV Michoacán,CBTV Michoacan,Spanish,,,México Service,México Service,México Service,,,,,,,,,,,,,,,,,,,,,,,,,,,,,,,,,,,,,,,,,,,,,,,,,,,,,,,,,,,,,,,,,,,0,0,0,0,0
Centroamerica TV,"Centroamerica TV, Centroamérica TV, Centro America TV, CentroAméricaTV",Spanish,,,Centroamérica Service,Centroamérica Service,Centroamérica Service,Espanol,Espanol,Espanol,Espanol,,,Fubo Latino,,,,,Yes,,,,,,,,,,,,,,,,,,,,,,,,,,,,,,,,,,,,,,,,,,,,,,,,,,,,,,,0,0,0,0,0
CGTN,,News,,,News Extra,News Extra,News Extra,,,,,,,,,,,,,,,,,,,,,,,,,,,,,,,,,,,,,,,,,,,,,,,,,,,,,,,,,,,,,,,,,,,0,0,0,0,0
Channel Fight,,Sports,,,,,,,,,,,,,Yes,,,,,,,,,,,,,,,,,,,,,,,,,,,,,,,,,,,,,,,,,,,,,,,,,,,,,,,,,,,0,0,0,0,0
Charge!,Charge,Entertainment,,,Yes,Yes,Yes,,,,,,,,,,,,,,,,,,,,,,,,,,,,,,,,,,,,,,,,,,,,,,,,,,,,,,,,,,,,,,,,,,,0,0,0,0,0
Cheddar,"Cheddar Business, Cheddar Business News, Cheddar News, Cheddar Big News, Cheddar news",News,,Yes,,,,,Yes,Yes,Yes,Yes,Yes,News Plus,,,Yes,Yes,Yes,,,,,,,Yes,,,,,,,,,,,,,,,,,,,,,,,,,,,,,,,,,,,,,,,,,,,,,,,,0,0,0,0,0
Choppertown,,Lifestyle,,,,,,,,,,,,,,,Yes,,,,,,,,,,,,,,,,,,,,,,,,,,,,,,,,,,,,,,,,,,,,,,,,,,,,,,,,,0,0,0,0,0
Cine Estelar,,Spanish,,,,,,Espanol,Espanol,Espanol,Espanol,,,,,,,,,,,,,,,,,,,,,,,,,,,,,,,,,,,,,,,,,,,,,,,,,,,,,,,,,,,,,,,0,0,0,0,0
Cine Mexicano,,Spanish,,,,,,Espanol,Espanol,Espanol,Espanol,Spanish Plus,,,,,,,,,,,,,,,,,,,,,,,,,,,,,,,,,,,,,,,,,,,,,,,,,,,,,,,,,,,,,,0,0,0,0,0
Cine Nostalgia,,Spanish,,,,,,Espanol,Espanol,Espanol,Espanol,,,,,,,,,,,,,,,,,,,,,,,,,,,,,,,,,,,,,,,,,,,,,,,,,,,,,,,,,,,,,,,0,0,0,0,0
Cine Sony,"Sony Cine, Cine Sony Television",Spanish,,,Best of Spanish TV,Best of Spanish TV,Best of Spanish TV,Espanol,Espanol,Espanol,Espanol,Spanish Plus,,Fubo Latino,Premium,,,,Yes,,,,,,,,,,,,,,,,,,,,,,,,,,,,,,,,,,,,,,,,,,,,,,,,,,,,,,,0,0,0,0,0
CineFest,,Movies,,,CineFest,CineFest,CineFest,,,,,,,,,,,,,,,,,,,,,,,,,,,,,,,,,,,,,,,,,,,,,,,,,,,,,,,,,,,,,,,,,,,0,0,0,0,0
Cinelatino,Cine Latino,Spanish,,,Best of Spanish TV,Best of Spanish TV,Best of Spanish TV,Espanol,Espanol,Espanol,Espanol,Spanish Plus,,Fubo Latino,,,,,Yes,,,,,,,,,,,,,,,,,,,,,,,,,,,,,,,,,,,,,,,,,,,,,,,,,,,,,,,0,0,0,0,0
Cinema Dinamita,,Spanish,,,México Service,México Service,México Service,,,,,,,,,,,,,,,,,,,,,,,,,,,,,,,,,,,,,,,,,,,,,,,,,,,,,,,,,,,,,,,,,,,0,0,0,0,0
Cinemax,,Premium movies,1,,,,,Cinemax,Cinemax,Cinemax,Yes,Cinemax,Cinemax,,,,,,,,,,,,,,,,,,,,,,,,,,,,,,,,,,,,,,,,,,2,2,2,1,2,2,,,,,,,,,,,,,,0,0,0,0,3
Cinemax Actionmax,Actionmax,Premium movies,,,,,,Cinemax,Cinemax,Cinemax,Yes,Cinemax,Cinemax,,,,,,,,,,,,,,,,,,,,,,,,,,,,,,,,,,,,,,,,,,,,,,,,,,,,,,,,,,,,,0,0,0,0,0
Cinemax Latino,,Premium movies,,,,,,Cinemax,Cinemax,Cinemax,Yes,Cinemax,Cinemax,,,,,,,,,,,,,,,,,,,,,,,,,,,,,,,,,,,,,,,,,,,,,,,,,,,,,,,,,,,,,0,0,0,0,0
Cinemoi,,Movies,,Movies & More,Hollywood Extra,Hollywood Extra,Hollywood Extra,,,,,,,,,,,,,,,,,,,,,,,,,,,,,,,,,,,,,,,,,,,,,,,,,,,,,,,,,,,,,,,,,,,0,0,0,0,0
Circle,Circle TV,Entertainment,,,,,,,,,,,,Fubo Extra,Yes,Yes,,,,,,,,,,,,,,,,,,,,,,,,,,,,,,,,,,,,,,,,,,,,,,,,,,,,,,,,,,0,0,0,0,0
CLAN TVE,Clan TV,Spanish,,,Best of Spanish TV,Best of Spanish TV,Best of Spanish TV,,,,,,,,,,,,,,,,,,,,,,,,,,,,,,,,,,,,,,,,,,,,,,,,,,,,,,,,,,,,,,,,,,,0,0,0,0,0
Classic Reruns TV,"CRTV, Classic Reruns",Entertainment,,,,,,,,,,,,,Yes,,Yes,Yes,,,,,,,,,,,,,,,,,,,,,,,,,,,,,,,,,,,,,,,,,,,,,,,,,,,,,,,,0,0,0,0,0
Cleo TV,CleoTV,Entertainment,,Yes,,,,Yes,Yes,Yes,Yes,,,Yes,,,,,,,,,,,,Yes,,,,,,,,,,,,,,,,,,,,,,,,,,,,,,,,,,,,,,,,,,,,,,,,0,0,0,0,0
ClubbingTV,,Music,,,,,,,,,,,,,Premium,,,,,,,,,,,,,,,,,,,,,,,,,,,,,,,,,,,,,,,,,,,,,,,,,,,,,,,,,,,0,0,0,0,0
CMT,,Music,1,Yes,Comedy Extra,Comedy Extra,Comedy Extra,Yes,Yes,Yes,Yes,Yes,Yes,Yes,,,Yes,Yes,,,,,,,,Yes,1,,,,,,,,1,,,,,,,,,,,,,,,1,1,2,2,2,1,1,1,1,1,1,1,,,1,1,,,,,,,,,0,0,0,0,3
CMT Music,,Music,,,,,,,,,,,,,,,Yes,Yes,,,,,,,,Yes,,,,,,,,,,,,,,,,,,,,,,,,,,,,,,,,,,,,,,,,,,,,,,,,0,0,0,0,0
CNBC,,News,1,,,News Extra,News Extra,Yes,Yes,Yes,Yes,Yes,Yes,Yes,,,,,,,,,,,,,,,,,,,,,1,,,,,,,,,,,,,,,1,,,2,2,1,1,1,1,1,1,1,,,,,,,,,,,,,0,0,0,0,3
CNBC World,,News,,,,,,,Yes,Yes,Yes,,Entertainment,Fubo Extra,,,,,,,,,,,,,,,,,,,,,,,,,,,,,,,,,,,,,,,,,,,,,,,,,,,,,,,,,,,,0,0,0,0,0
CNN,,News,,,Yes,Yes,Yes,Yes,Yes,Yes,Yes,Yes,Yes,,,,,,,,,,,,,,,,,,,,,,,,,,,,,,,,,,,,,,,,,,,,,,,,,,,,,,,,,,,,,0,0,0,0,0
CNN En Español,"CNN En Espanol, CNN Espanol",Spanish,,,,,,Yes,Yes,Yes,Yes,Spanish Plus,Espanol,,,,,,,,,,,,,,,,,,,,,,,,,,,,,,,,,,,,,,,,,,,,,,,,,,,,,,,,,,,,,0,0,0,0,0
CNN International,CNNi,News,,,,,,Yes,Yes,Yes,Yes,,Yes,,,,,,,,,,,,,,,,,,,,,,,,,,,,,,,,,,,,,,,,,,,,,,,,,,,,,,,,,,,,,0,0,0,0,0
Cocina On,,Spanish,,,Cocina On,Cocina On,Cocina On,,,,,,,,,,,,,,,,,,,,,,,,,,,,,,,,,,,,,,,,,,,,,,,,,,,,,,,,,,,,,,,,,,,0,0,0,0,0
Comedy Central,CC,Entertainment,,Yes,Yes,Yes,Yes,Yes,Yes,Yes,Yes,Yes,Yes,Yes,,,Yes,Yes,,,,,,,,Yes,,,,,,,,,,,,,,,,,,,,,,,,,,,,,,,,,,,,,,,,,,,,,,,,0,0,0,0,0
Comedy Dynamics,,Entertainment,,,Comedy Dynamics,Comedy Dynamics,Comedy Dynamics,,,,,Comedy Dynamics,,Yes,,,,,,,,,,,,,,,,,,,,,,,,,,,,,,,,,,,,,,,,,,,,,,,,,,,,,,,,,,,,0,0,0,0,0
Comedy TV,,Entertainment,,,,,,,Yes,Yes,Yes,Yes,,,,,,,,,,,,,,,,,,,,,,,,,,,,,,,,,,,,,,,,,,,,,,,,,,,,,,,,,,,,,,0,0,0,0,0
Comet TV,Comet,Entertainment,,,Yes,Yes,Yes,,,,,Yes,,Yes,,,,,,,,,,,,,,,,,,,,,,,,,,,,,,,,,,,,,,,,,,,,,,,,,,,,,,,,,,,,0,0,0,0,0
Con TV,ConTV,Kids and family,,,CONtv,CONtv,CONtv,,,,,Contv,,,,,,,,,,,,,,,,,,,,,,,,,,,,,,,,,,,,,,,,,,,,,,,,,,,,,,,,,,,,,,0,0,0,0,0
CONMEBOL y MAS,,Spanish,,,,,,,,,,,,Fubo Latino,,,,,,,,,,,,,,,,,,,,,,,,,,,,,,,,,,,,,,,,,,,,,,,,,,,,,,,,,,,,0,0,0,0,0
Cooking Channel,,Lifestyle,,Yes,Lifestyle Extra,Lifestyle Extra,Lifestyle Extra,,Yes,Yes,Yes,,Entertainment,Fubo Extra,,,Yes,Yes,,,,,,,,Yes,,,,,,,,,,,,,,,,,,,,,,,,,,,,,,,,,,,,,,,,,,,,,,,,0,0,0,0,0
Cooking Panda,,Lifestyle,,,,,,,,,,,,,Yes,,,,,,,,,,,,,,,,,,,,,,,,,,,,,,,,,,,,,,,,,,,,,,,,,,,,,,,,,,,0,0,0,0,0
Court TV,CourtTV,Entertainment,,,,,,,,,,Yes,,,,,,,,,,,,,,,,,,,,,,,,,,,,,,,,,,,,,,,,,,,,,,,,,,,,,,,,,,,,,,0,0,0,0,0
COZI,"Cozy TV, Cozi TV",Entertainment,,,,,,,Yes,Yes,Yes,Yes,Yes,,,,,,,,,,,,,,,,,,,,,,,,,,,,,,,,,,,,,,,,,,,,,,,,,,,,,,,,,,,,,0,0,0,0,0
Crackle,,Entertainment,,Yes,,,,,,,,,,Yes,,,,,,,,,,,,,,,,,,,,,,,,,,,,,,,,,,,,,,,,,,,,,,,,,,,,,,,,,,,,0,0,0,0,0
Crime + Investigation,"Crime & Investigation, Crime+Investigation",Entertainment,,Yes,,,,Movies Extra Pack,Movies Extra Pack,Movies Extra Pack,Yes,,Entertainment,,,Yes,,,,,,,,,,,,,,,,,,,,,,,,,,,,,,,,,,,,,,,,,,,,,,,,,,,,,,,,,,0,0,0,0,0
C-SPAN,CSPAN,News,,,,,,Yes,Yes,Yes,Yes,,,,,,,,,,,,,,,,,,,,,,,,,,,,,,,,,,,,,,,,,,,,,,,,,,,,,,,,,,,,,,,0,0,0,0,0
C-SPAN2,"CSPAN2, CSPAN 2",News,,,,,,Yes,Yes,Yes,Yes,,,,,,,,,,,,,,,,,,,,,,,,,,,,,,,,,,,,,,,,,,,,,,,,,,,,,,,,,,,,,,,0,0,0,0,0
CTS,,International,,,,,,Korean,Korean,Korean,Korean,,,,,,,,,,,,,,,,,,,,,,,,,,,,,,,,,,,,,,,,,,,,,,,,,,,,,,,,,,,,,,,0,0,0,0,0
CubaMax,,International,,,Caribe Service,Caribe Service,Caribe Service,,,,,,,,,,,,,,,,,,,,,,,,,,,,,,,,,,,,,,,,,,,,,,,,,,,,,,,,,,,,,,,,,,,0,0,0,0,0
Curiosity Stream,"CuriosityStream, Curiosity Channel",Lifestyle,,,Curiosity Stream,Curiosity Stream,Curiosity Stream,,,,,CuriosityStream,,Yes,,Yes,Yes,Yes,,,,,,,,,,,,,,,,,,,,,,,,,,,,,,,,,,,,,,,,,,,,,,,,,,,,,,,,0,0,0,0,0
CW,The CW,Broadcast,,,,,,,,,,Yes,Yes,Yes,,,,,,,,,,,,,,,,,,,,,,,,,,,,,,,,,,,,,,,,,,,,,,,,,,,,,,,,,,,,0,0,0,0,0
DABL,,Lifestyle,,,,,,,,,,Yes,Yes,,,,,,,,,,,,,,,,,,,,,,,,,,,,,,,,,,,,,,,,,,,,,,,,,,,,,,,,,,,,,0,0,0,0,0
Daily Wire Now,,News,,,,,,,,,,,,,Yes,,,,,,,,,,,,,,,,,,,,,,,,,,,,,,,,,,,,,,,,,,,,,,,,,,,,,,,,,,,0,0,0,0,0
Dark Corners,,Entertainment,,,,,,,,,,,,,Yes,,,,,,,,,,,,,,,,,,,,,,,,,,,,,,,,,,,,,,,,,,,,,,,,,,,,,,,,,,,0,0,0,0,0
Dark Matter,,Entertainment,,,,,,,,,,,,,Yes,,,,,,,,,,,,,,,,,,,,,,,,,,,,,,,,,,,,,,,,,,,,,,,,,,,,,,,,,,,0,0,0,0,0
De Pelicula,De Película,Spanish,,,,,,Espanol,Espanol,Espanol,Espanol,Spanish Plus,,Entretenimiento Plus,,,,,,,,,,,,,,,,,,,,,,,,,,,,,,,,,,,,,,,,,,,,,,,,,,,,,,,,,,,,0,0,0,0,0
De Pelicula Clásico,"De Película Clásico, De Pelicula Clasico, De Pelicula Classico",Spanish,,,,,,Espanol,Espanol,Espanol,Espanol,Spanish Plus,,Entretenimiento Plus,,,Yes,Yes,Yes,,,,,,,,,,,,,,,,,,,,,,,,,,,,,,,,,,,,,,,,,,,,,,,,,,,,,,,0,0,0,0,0
De Pelicula Plus,,Spanish,,,,,,,,,,,,,,,Yes,Yes,Yes,,,,,,,,,,,,,,,,,,,,,,,,,,,,,,,,,,,,,,,,,,,,,,,,,,,,,,,0,0,0,0,0
Decades,,Entertainment,,Yes,,,,,,,,,,,,Yes,,,,,,,,,,,,,,,,,,,,,,,,,,,,,,,,,,,,,,,,,,,,,,,,,,,,,,,,,,0,0,0,0,0
Demand Africa,,Entertainment,,,,,,,,,,,,,Yes,,,,,,,,,,,,,,,,,,,,,,,,,,,,,,,,,,,,,,,,,,,,,,,,,,,,,,,,,,,0,0,0,0,0
Destination America,,Lifestyle,,Yes,Heartland Extra,Heartland Extra,Heartland Extra,,,Yes,Yes,,Entertainment,Fubo Extra,,,Yes,Yes,,,,,,,,Yes,,,,,,,,,,,,,,,,,,,,,,,,,,,,,,,,,,,,,,,,,,,,,,,,0,0,0,0,0
Discovery Channel,Discovery,Entertainment,,Yes,discovery+,Yes,Yes,Yes,Yes,Yes,Yes,Yes,Yes,Yes,,,Yes,Yes,,,,,,,,Yes,,,,,,,,,,,,,,,,,,,,,,,,,,,,,,,,,,,,,,,,,,,,,,,,0,0,0,0,0
Discovery En Espanol,"Discovery En Español, Discovery En Espanol Hd, Discovery Espanol, Discovery Channel en Español",Spanish,,,Best of Spanish TV,Best of Spanish TV,Best of Spanish TV,Espanol,Espanol,Espanol,Espanol,Spanish Plus,Espanol,Fubo Latino,,,,,Yes,,,,,,,,,,,,,,,,,,,,,,,,,,,,,,,,,,,,,,,,,,,,,,,,,,,,,,,0,0,0,0,0
Discovery Familia,Discovery Familia Hd,Spanish,,,Best of Spanish TV,Best of Spanish TV,Best of Spanish TV,Espanol,Espanol,Espanol,Espanol,Spanish Plus,Espanol,Fubo Latino,,,,,Yes,,,,,,,,,,,,,,,,,,,,,,,,,,,,,,,,,,,,,,,,,,,,,,,,,,,,,,,0,0,0,0,0
Discovery Family,Discovery Family Channel,Kids and family,,Yes,,,,,,Yes,Yes,,Entertainment,Fubo Extra,,,Yes,Yes,,,,,,,,Yes,,,,,,,,,,,,,,,,,,,,,,,,,,,,,,,,,,,,,,,,,,,,,,,,0,0,0,0,0
Discovery Life,Discovery Life Channel,Lifestyle,,Yes,discovery+,discovery+,discovery+,,,Yes,Yes,,Entertainment,Fubo Extra,,,Yes,Yes,,,,,,,,Yes,,,,,,,,,,,,,,,,,,,,,,,,,,,,,,,,,,,,,,,,,,,,,,,,0,0,0,0,0
discovery+ Originals,,Entertainment,,,discovery+,discovery+,discovery+,,,,,,,,,,,,,,,,,,,,,,,,,,,,,,,,,,,,,,,,,,,,,,,,,,,,,,,,,,,,,,,,,,,0,0,0,0,0
Disney Channel,Disney,Kids and family,1,,Yes,,Yes,Yes,Yes,Yes,Yes,Yes,Yes,Yes,,,Yes,Yes,,,,,,,,,,,,,,,,,1,,,,,,,,,,,,,,,1,,1,,1,1,1,1,1,1,1,1,,,1,1,,,,,,,,,0,0,0,0,2
Disney Junior,"Disney Jr, DISNEY-JR, Disney Jr.",Kids and family,,,Kids Extra,,Kids Extra,Yes,Yes,Yes,Yes,Yes,Yes,Yes,,,Yes,Yes,,,,,,,,,,,,,,,,,,,,,,,,,,,,,,,,,,,,,,,,,,,,,,,,,,,,,,,,0,0,0,0,0
Disney XD,DISNEY-XD,Kids and family,,,Kids Extra,,Kids Extra,Yes,Yes,Yes,Yes,Yes,Yes,Yes,,,Yes,Yes,,,,,,,,,,,,,,,,,,,,,,,,,,,,,,,,,,,,,,,,,,,,,,,,,,,,,,,,0,0,0,0,0
Docurama,,Entertainment,,,Docurama,Docurama,Docurama,,,,,Docudrama,,,,,,,,,,,,,,,,,,,,,,,,,,,,,,,,,,,,,,,,,,,,,,,,,,,,,,,,,,,,,,0,0,0,0,0
Dog TV,DogTV,Lifestyle,,,DOGTV,DOGTV,DOGTV,,,,,,,,,,,,,,,,,,,,,,,,,,,,,,,,,,,,,,,,,,,,,,,,,,,,,,,,,,,,,,,,,,,0,0,0,0,0
Dominican View,,International,,,Caribe Service,Caribe Service,Caribe Service,,,,,,,,,,,,,,,,,,,,,,,,,,,,,,,,,,,,,,,,,,,,,,,,,,,,,,,,,,,,,,,,,,,0,0,0,0,0
Dove Channel,Dove,Entertainment,,,Dove Channel,Dove Channel,Dove Channel,,,,,Dove,,Yes,,Yes,,,,,,,,,,,,,,,,,,,,,,,,,,,,,,,,,,,,,,,,,,,,,,,,,,,,,,,,,,0,0,0,0,0
Dove Family Movies,,Movies,,,,,,,,,,,,,,Yes,,,,,,,,,,,,,,,,,,,,,,,,,,,,,,,,,,,,,,,,,,,,,,,,,,,,,,,,,,0,0,0,0,0
Dove Kids,,Kids and family,,,,,,,,,,,,,,Yes,,,,,,,,,,,,,,,,,,,,,,,,,,,,,,,,,,,,,,,,,,,,,,,,,,,,,,,,,,0,0,0,0,0
DOX,,Lifestyle,,,DOX,DOX,DOX,,,,,,,,,,,,,,,,,,,,,,,,,,,,,,,,,,,,,,,,,,,,,,,,,,,,,,,,,,,,,,,,,,,0,0,0,0,0
DuckTV,Duck TV,Kids and family,,,Kids Extra,Kids Extra,Kids Extra,,,,,,,,,,,,,,,,,,,,,,,,,,,,,,,,,,,,,,,,,,,,,,,,,,,,,,,,,,,,,,,,,,,0,0,0,0,0
DUNGEON TV,,Entertainment,,,,,,,,,,,,,Yes,,,,,,,,,,,,,,,,,,,,,,,,,,,,,,,,,,,,,,,,,,,,,,,,,,,,,,,,,,,0,0,0,0,0
DUST,,Entertainment,,,,,,,,,,,,Fubo Extra,,,,,,,,,,,,,,,,,,,,,,,,,,,,,,,,,,,,,,,,,,,,,,,,,,,,,,,,,,,,0,0,0,0,0
E!,"E! Now, E! Network",Lifestyle,,,,Yes,Yes,Yes,Yes,Yes,Yes,Yes,Yes,Yes,,,,,,,,,,,,,,,,,,,,,,,,,,,,,,,,,,,,,,,,,,,,,,,,,,,,,,,,,,,,0,0,0,0,0
EBS,,International,,,,,,Korean,Korean,Korean,Korean,,,,,,,,,,,,,,,,,,,,,,,,,,,,,,,,,,,,,,,,,,,,,,,,,,,,,,,,,,,,,,,0,0,0,0,0
Echoboom Sports,,Sports,,,Echoboom Sports,Echoboom Sports,Echoboom Sports,,,,,,,,,,,,,,,,,,,,,,,,,,,,,,,,,,,,,,,,,,,,,,,,,,,,,,,,,,,,,,,,,,,0,0,0,0,0
Ecuador TV,,Spanish,,,,,,Espanol,Espanol,Espanol,Espanol,,,,,,,,,,,,,,,,,,,,,,,,,,,,,,,,,,,,,,,,,,,,,,,,,,,,,,,,,,,,,,,0,0,0,0,0
Ecuavisa Internacional,Ecuavisa,Spanish,,,Sudamérica Service,Sudamérica Service,Sudamérica Service,Espanol,Espanol,Espanol,Espanol,,,,,,,,,,,,,,,,,,,,,,,,,,,,,,,,,,,,,,,,,,,,,,,,,,,,,,,,,,,,,,,0,0,0,0,0
El ConflictoTV,,Entertainment,,,,,,,,,,,,,Yes,,,,,,,,,,,,,,,,,,,,,,,,,,,,,,,,,,,,,,,,,,,,,,,,,,,,,,,,,,,0,0,0,0,0
El Gourmet,,Lifestyle,,,,,,,,,,,,Fubo Latino,,,,,,,,,,,,,,,,,,,,,,,,,,,,,,,,,,,,,,,,,,,,,,,,,,,,,,,,,,,,0,0,0,0,0
El Trece,El Trece Internacional,Spanish,,,Sudamérica Service,Sudamérica Service,Sudamérica Service,,,,,,,,,,,,,,,,,,,,,,,,,,,,,,,,,,,,,,,,,,,,,,,,,,,,,,,,,,,,,,,,,,,0,0,0,0,0
Eleven Sports,"Eleven Sports Network, Next Level Sports",Regional Sports,,,,,,,,,,,,CONMEBOL & More,,,,,,,,,,,,,,,,,,,,,,,,,,,,,,,,,,,,,,,,,,,,,,,,,,,,,,,,,,,,0,0,0,0,0
Enlace,,Spanish,,,,,,Espanol,Espanol,Espanol,Espanol,,,,,,,,,,,,,,,,,,,,,,,,,,,,,,,,,,,,,,,,,,,,,,,,,,,,,,,,,,,,,,,0,0,0,0,0
Epix,,Premium movies,,Epix,Epix,Epix,Epix,Epix,Epix,Epix,Yes,EPIX,,Epix,,,,,,,,,,,,,,,,,,,,,,,,,,,,,,,,,,,,,,,,,,,,,,,,,,,,,,,,,,,,0,0,0,0,0
Epix 2,Epix2,Premium movies,,Epix,Epix,Epix,Epix,Epix,Epix,Epix,Yes,EPIX,,Epix,,,,,,,,,,,,,,,,,,,,,,,,,,,,,,,,,,,,,,,,,,,,,,,,,,,,,,,,,,,,0,0,0,0,0
Epix Drive-In,EPIX Drive In,Premium movies,,,Yes,Yes,Yes,Epix,Epix,Epix,Yes,EPIX,,Epix,,,,,,,,,,,,,,,,,,,,,,,,,,,,,,,,,,,,,,,,,,,,,,,,,,,,,,,,,,,,0,0,0,0,0
Epix Hits,,Premium movies,,Epix,Epix,Epix,Epix,Epix,Epix,Epix,Yes,EPIX,,Epix,,,,,,,,,,,,,,,,,,,,,,,,,,,,,,,,,,,,,,,,,,,,,,,,,,,,,,,,,,,,0,0,0,0,0
Eros Now,,International,,,Desi Binge Mini,Desi Binge Mini,Desi Binge Mini,,,,,,,,,,,,,,,,,,,,,,,,,,,,,,,,,,,,,,,,,,,,,,,,,,,,,,,,,,,,,,,,,,,0,0,0,0,0
ESPN,,Sports,1,,,,,Yes,Yes,Yes,Yes,Yes,Yes,Yes,,,Yes,Yes,,,,,,,,,,,,,,,,,1,,,,,,,,,,,,,,,1,,,,,1,1,1,1,1,1,1,,,1,1,,,,,,,,,0,0,0,0,2
ESPN 2,ESPN2,Sports,,,Yes,,Yes,Yes,Yes,Yes,Yes,Yes,Yes,Yes,,,Yes,Yes,,,,,,,,,,,,,,,,,,,,,,,,,,,,,,,,,,,,,,,,,,,,,,,,,,,,,,,,0,0,0,0,0
ESPN 3,ESPN3,Sports,,,Yes,,Yes,,,,,,,,,,,,,,,,,,,,,,,,,,,,,,,,,,,,,,,,,,,,,,,,,,,,,,,,,,,,,,,,,,,0,0,0,0,0
ESPN College Extra,,Sports,,,,,,,,,,,Yes,,,,,,,,,,,,,,,,,,,,,,,,,,,,,,,,,,,,,,,,,,,,,,,,,,,,,,,,,,,,,0,0,0,0,0
ESPN Deportes,,Spanish,,,,,,Espanol,Espanol,Espanol,Espanol,Spanish Plus,Espanol,Fubo Latino,,,Yes,Yes,Yes,,,,,,,,,,,,,,,,,,,,,,,,,,,,,,,,,,,,,,,,,,,,,,,,,,,,,,,0,0,0,0,0
ESPNews,"ESPN News, ESPNNews",Sports,,,Sports Extra,,Sports Extra,,Yes,Yes,Yes,Yes,Yes,Fubo Extra,,,Yes,Yes,,,,,,,,,,,,,,,,,,,,,,,,,,,,,,,,,,,,,,,,,,,,,,,,,,,,,,,,0,0,0,0,0
ESPNu,ESPN U,Sports,,,Sports Extra,,Sports Extra,,Yes,Yes,Yes,Yes,Yes,Fubo Extra,,,Yes,Yes,,,,,,,,,,,,,,,,,,,,,,,,,,,,,,,,,,,,,,,,,,,,,,,,,,,,,,,,0,0,0,0,0
Estrella Games,,Spanish,,,,,,,,,,,,,,,Yes,,Yes,,,,,,,,,,,,,,,,,,,,,,,,,,,,,,,,,,,,,,,,,,,,,,,,,,,,,,,0,0,0,0,0
Estrella News,,Spanish,,,,,,Espanol,Espanol,Espanol,Espanol,,,Fubo Latino,,,Yes,,Yes,,,,,,,,,,,,,,,,,,,,,,,,,,,,,,,,,,,,,,,,,,,,,,,,,,,,,,,0,0,0,0,0
Estrella TV,EstrellaTV,Spanish,,,Best of Spanish TV,Best of Spanish TV,Best of Spanish TV,Espanol,Espanol,Espanol,Espanol,Spanish Plus,,Yes,,,Yes,,Yes,,,,,,,,,,,,,,,,,,,,,,,,,,,,,,,,,,,,,,,,,,,,,,,,,,,,,,,0,0,0,0,0
Estudio 5,Estudio5,Spanish,,,,,,,,,,,,,,,,,Yes,,,,,,,,,,,,,,,,,,,,,,,,,,,,,,,,,,,,,,,,,,,,,,,,,,,,,,,0,0,0,0,0
ESTV,,Sports,,,,,,,,,,,,,,,Yes,,,,,,,,,,,,,,,,,,,,,,,,,,,,,,,,,,,,,,,,,,,,,,,,,,,,,,,,,0,0,0,0,0
Euro News,Euronews,News,,,,,,,,,,,,News Plus,Yes,,,,,,,,,,,,,,,,,,,,,,,,,,,,,,,,,,,,,,,,,,,,,,,,,,,,,,,,,,,0,0,0,0,0
Fail Army,,Entertainment,,,,,,,,,,,,Yes,,,,,,,,,,,,,,,,,,,,,,,,,,,,,,,,,,,,,,,,,,,,,,,,,,,,,,,,,,,,0,0,0,0,0
Family Movie Classics,FMC,Movies,,,,,,,,,,,,,,Yes,,,,,,,,,,,,,,,,,,,,,,,,,,,,,,,,,,,,,,,,,,,,,,,,,,,,,,,,,,0,0,0,0,0
Fandor,,Movies,,,,,,,,,,Fandor,,,,,,,,,,,,,,,,,,,,,,,,,,,,,,,,,,,,,,,,,,,,,,,,,,,,,,,,,,,,,,0,0,0,0,0
FanDuel Racing,,Sports,,,,,,,,,,,Sports,,Premium,,,,,,,,,,,,,,,,,,,,,,,,,,,,,,,,,,,,,,,,,,,,,,,,,,,,,,,,,,,0,0,0,0,0
FanDuel TV,"TVG, FanDuel",Sports,,,,,,,Yes,Yes,Yes,Sports Plus,Sports,,Premium,,,,,,,,,,,,,,,,,,,,,,,,,,,,,,,,,,,,,,,,,,,,,,,,,,,,,,,,,,,0,0,0,0,0
FedNet,,News,,,,,,,,,,,,,Yes,,,,,,,,,,,,,,,,,,,,,,,,,,,,,,,,,,,,,,,,,,,,,,,,,,,,,,,,,,,0,0,0,0,0
FETV,FE TV,Entertainment,,,Comedy Extra,Comedy Extra,Comedy Extra,Yes,Yes,Yes,Yes,,,,,Yes,Yes,Yes,,,,,,,,,,,,,,,,,,,,,,,,,,,,,,,,,,,,,,,,,,,,,,,,,,,,,,,,0,0,0,0,0
Feva TV,,Entertainment,,,,,,,,,,,,,Yes,,,,,,,,,,,,,,,,,,,,,,,,,,,,,,,,,,,,,,,,,,,,,,,,,,,,,,,,,,,0,0,0,0,0
Fido TV,,Entertainment,,,,,,,,,,,,,Yes,,,,,,,,,,,,,,,,,,,,,,,,,,,,,,,,,,,,,,,,,,,,,,,,,,,,,,,,,,,0,0,0,0,0
Fight Network,The Fight Network,Sports,,,,,,,,,,Sports Plus,,Sports Plus with NFL RedZone,Premium,,,,,,,,,,,,,,,,,,,,,,,,,,,,,,,,,,,,,,,,,,,,,,,,,,,,,,,,,,,0,0,0,0,0
Film 24,Film 24H,International,,,,,,Vietnamese,Vietnamese,Vietnamese,Vietnamese,,,,,,,,,,,,,,,,,,,,,,,,,,,,,,,,,,,,,,,,,,,,,,,,,,,,,,,,,,,,,,,0,0,0,0,0
Fite,,Sports,,,,,,,,,,,,,Yes,,,,,,,,,,,,,,,,,,,,,,,,,,,,,,,,,,,,,,,,,,,,,,,,,,,,,,,,,,,0,0,0,0,0
FlixLatino,,Spanish,,,FlixLatino,FlixLatino,FlixLatino,,,,,,,,,,,,,,,,,,,,,,,,,,,,,,,,,,,,,,,,,,,,,,,,,,,,,,,,,,,,,,,,,,,0,0,0,0,0
FM,,Music,,,,,,,,Yes,Yes,,,,,,,,,,,,,,,,,,,,,,,,,,,,,,,,,,,,,,,,,,,,,,,,,,,,,,,,,,,,,,,0,0,0,0,0
Fntsy Sports Network,,Sports,,,,,,,,,,,,,Premium,,,,,,,,,,,,,,,,,,,,,,,,,,,,,,,,,,,,,,,,,,,,,,,,,,,,,,,,,,,0,0,0,0,0
Food Network,"Food, Foodnetwork",Lifestyle,,Yes,Yes,Yes,Yes,Yes,Yes,Yes,Yes,Yes,Yes,Yes,,,Yes,Yes,,,,,,,,Yes,,,,,,,,,,,,,,,,,,,,,,,,,,,,,,,,,,,,,,,,,,,,,,,,0,0,0,0,0
For the Fans,,Sports,,,,,,,,,,,,,Yes,,,,,,,,,,,,,,,,,,,,,,,,,,,,,,,,,,,,,,,,,,,,,,,,,,,,,,,,,,,0,0,0,0,0
ForoTV,Foro TV,Spanish,,,,,,Espanol,Espanol,Espanol,Espanol,Spanish Plus,,Entretenimiento Plus,,,Yes,Yes,Yes,,,,,,,,,,,,,,,,,,,,,,,,,,,,,,,,,,,,,,,,,,,,,,,,,,,,,,,0,0,0,0,0
FOX,,Broadcast,1,,,Yes,Yes,Yes,Yes,Yes,Yes,Yes,Yes,Yes,,,Yes,Yes,,,,,,,,,,,,,,,,,1,,,,,,,,,,,,,,,1,,,1,1,1,1,1,1,1,1,1,,,1,1,,,,,,,,,0,0,0,0,1
Fox Business,Fox Business Network,News,,,,News Extra,News Extra,Yes,Yes,Yes,Yes,Yes,Yes,Yes,,,Yes,Yes,,,,,,,,,,,,,,,,,,,,,,,,,,,,,,,,,,,,,,,,,,,,,,,,,,,,,,,,0,0,0,0,0
Fox Deportes,,Spanish,,,,,,Espanol,Espanol,Espanol,Espanol,Spanish Plus,Espanol,Fubo Latino,,,Yes,Yes,Yes,,,,,,,,,,,,,,,,,,,,,,,,,,,,,,,,,,,,,,,,,,,,,,,,,,,,,,,0,0,0,0,0
Fox Nation,,Entertainment,,,,,,,,,,Fox Nation,,,,,,,,,,,,,,,,,,,,,,,,,,,,,,,,,,,,,,,,,,,,,,,,,,,,,,,,,,,,,,0,0,0,0,0
Fox News,"FNC, Fox News Channel",News,,,,Yes,Yes,Yes,Yes,Yes,Yes,Yes,Yes,Yes,,,Yes,Yes,,,,,,,,,,,,,,,,,,,,,,,,,,,,,,,,,,,,,,,,,,,,,,,,,,,,,,,,0,0,0,0,0
Fox Soccer Plus,,Sports,,,,,,,,,,Sports Plus,,CONMEBOL & More,,,,,,,,,,,,,,,,,,,,,,,,,,,,,,,,,,,,,,,,,,,,,,,,,,,,,,,,,,,,0,0,0,0,0
FOX SOUL,,Lifestyle,,,,,,,,,,Yes,,Yes,,,,,,,,,,,,,,,,,,,,,,,,,,,,,,,,,,,,,,,,,,,,,,,,,,,,,,,,,,,,0,0,0,0,0
Fox Sports 1,"FS1, FS 1",Sports,,,,Yes,Yes,Yes,Yes,Yes,Yes,Yes,Yes,Yes,,,Yes,Yes,,,,,,,,,,,,,,,,,,,,,,,,,,,,,,,,,,,,,,,,,,,,,,,,,,,,,,,,0,0,0,0,0
Fox Sports 2,"FS2, FS 2,",Sports,,,,Sports Extra,Sports Extra,,,Yes,Yes,Yes,Yes,Yes,,,Yes,Yes,,,,,,,,,,,,,,,,,,,,,,,,,,,,,,,,,,,,,,,,,,,,,,,,,,,,,,,,0,0,0,0,0
Fox Weather,,News,,,,,,Yes,Yes,Yes,Yes,Yes,,Yes,,,Yes,Yes,,,,,,,,,,,,,,,,,,,,,,,,,,,,,,,,,,,,,,,,,,,,,,,,,,,,,,,,0,0,0,0,0
Foxlife,Fox Life,Spanish,,,,,,,,,,,,Latino Plus,,,,,,,,,,,,,,,,,,,,,,,,,,,,,,,,,,,,,,,,,,,,,,,,,,,,,,,,,,,,0,0,0,0,0
France24,France 24,News,,,,,,,,,,,,,Yes,,,,,,,,,,,,,,,,,,,,,,,,,,,,,,,,,,,,,,,,,,,,,,,,,,,,,,,,,,,0,0,0,0,0
France24 Espanol,France 24 en Espanol,Spanish,,,Best of Spanish TV,Best of Spanish TV,Best of Spanish TV,,,,,,,,Yes,,,,,,,,,,,,,,,,,,,,,,,,,,,,,,,,,,,,,,,,,,,,,,,,,,,,,,,,,,,0,0,0,0,0
Freeform,Free Form,Kids and family,,,Yes,,Yes,Yes,Yes,Yes,Yes,Yes,Yes,Yes,,,Yes,Yes,,,,,,,,,,,,,,,,,,,,,,,,,,,,,,,,,,,,,,,,,,,,,,,,,,,,,,,,0,0,0,0,0
Frndly TV: DVR Classic,,Addon,,,,,,,,,,,,,,Classic,,,,,,,,,,,,,,,,,,,,,,,,,,,,,,,,,,,,,,,,,,,,,,,,,,,,,,,,,,0,0,0,0,0
Frndly TV: DVR Premium,,Addon,,,,,,,,,,,,,,Premium,,,,,,,,,,,,,,,,,,,,,,,,,,,,,,,,,,,,,,,,,,,,,,,,,,,,,,,,,,0,0,0,0,0
Fubo Latino Network,,Sports,,,,,,,,,,,,Fubo Latino,,,,,,,,,,,,,,,,,,,,,,,,,,,,,,,,,,,,,,,,,,,,,,,,,,,,,,,,,,,,0,0,0,0,0
Fubo Movie Network,,Movies,,,,,,,,,,,,Yes,,,,,,,,,,,,,,,,,,,,,,,,,,,,,,,,,,,,,,,,,,,,,,,,,,,,,,,,,,,,0,0,0,0,0
Fubo Sports Network,,Sports,,,,,,,,,,,,Yes,,,,,,,,,,,,,,,,,,,,,,,,,,,,,,,,,,,,,,,,,,,,,,,,,,,,,,,,,,,,0,0,0,0,0
Fubo TV: Cloud DVR 1000,,Addon,,,,,,,,,,,,Cloud DVR 1000,,,,,,,,,,,,,,,,,,,,,,,,,,,,,,,,,,,,,,,,,,,,,,,,,,,,,,,,,,,,0,0,0,0,0
Fubo TV: Cloud DVR 250,,Addon,,,,,,,,,,,,Cloud DVR 250,,,,,,,,,,,,,,,,,,,,,,,,,,,,,,,,,,,,,,,,,,,,,,,,,,,,,,,,,,,,0,0,0,0,0
Fubo TV: Family Share,,Addon,,,,,,,,,,,,Family Share,,,,,,,,,,,,,,,,,,,,,,,,,,,,,,,,,,,,,,,,,,,,,,,,,,,,,,,,,,,,0,0,0,0,0
Fubo TV: Family Share Max,,Addon,,,,,,,,,,,,Unlimited Screens,,,,,,,,,,,,,,,,,,,,,,,,,,,,,,,,,,,,,,,,,,,,,,,,,,,,,,,,,,,,0,0,0,0,0
Fubo TV: Showtime + Starz + Epix,,Addon,,,,,,,,,,,,(Showtime + Starz + Epix),,,,,,,,,,,,,,,,,,,,,,,,,,,,,,,,,,,,,,,,,,,,,,,,,,,,,,,,,,,,0,0,0,0,0
Fubo TV: Sports Plus with NFL Red Zone,,Addon,,,,,,,,,,,,Sports Plus with NFL RedZone,,,,,,,,,,,,,,,,,,,,,,,,,,,,,,,,,,,,,,,,,,,,,,,,,,,,,,,,,,,,0,0,0,0,0
Fuel TV,,Sports,,,,,,,,,,,,Sports Plus with NFL Redzone,,,,,,,,,,,,,,,,,,,,,,,,,,,,,,,,,,,,,,,,,,,,,,,,,,,,,,,,,,,,0,0,0,0,0
Fun Roads TV,,Lifestyle,,,,,,,,,,,,,Yes,,,,,,,,,,,,,,,,,,,,,,,,,,,,,,,,,,,,,,,,,,,,,,,,,,,,,,,,,,,0,0,0,0,0
Fuse,,Music,,,Yes,Yes,Yes,,Yes,Yes,Yes,,,Fubo Extra,,,,,,,,,,,,,,,,,,,,,,,,,,,,,,,,,,,,,,,,,,,,,,,,,,,,,,,,,,,,0,0,0,0,0
FX,FX Network,Entertainment,,,,Yes,Yes,Yes,Yes,Yes,Yes,Yes,Yes,Yes,,,Yes,Yes,,,,,,,,,,,,,,,,,,,,,,,,,,,,,,,,,,,,,,,,,,,,,,,,,,,,,,,,0,0,0,0,0
FX Movies,"FXM, FX Movie Channel",Movies,,,,Hollywood Extra,Hollywood Extra,,,Yes,Yes,Yes,Yes,Fubo Extra,,,Yes,Yes,,,,,,,,,,,,,,,,,,,,,,,,,,,,,,,,,,,,,,,,,,,,,,,,,,,,,,,,0,0,0,0,0
FXX,,Entertainment,,,,Hollywood Extra,Hollywood Extra,Yes,Yes,Yes,Yes,Yes,Yes,Yes,,,Yes,Yes,,,,,,,,,,,,,,,,,,,,,,,,,,,,,,,,,,,,,,,,,,,,,,,,,,,,,,,,0,0,0,0,0
FYI,FYI channel,Lifestyle,,Yes,Lifestyle Extra,Lifestyle Extra,Lifestyle Extra,,,Yes,Yes,,Yes,,,Yes,Yes,Yes,,,,,,,,Yes,,,,,,,,,,,,,,,,,,,,,,,,,,,,,,,,,,,,,,,,,,,,,,,,0,0,0,0,0
G4,G4TV,Entertainment,,Yes,,,,,,,,Yes,,,,,Yes,Yes,,,,,,,,,,,,,,,,,,,,,,,,,,,,,,,,,,,,,,,,,,,,,,,,,,,,,,,,0,0,0,0,0
GAC Living,"Ride TV, Great American Living",Lifestyle,,Yes,Heartland Extra,Heartland Extra,Heartland Extra,,,,,,,Fubo Extra,,Yes,,,,,,,,,,,,,,,,,,,,,,,,,,,,,,,,,,,,,,,,,,,,,,,,,,,,,,,,,,0,0,0,0,0
Galavision,Galavisión,Spanish,,,,,,Yes,Yes,Yes,Yes,Yes,,Yes,,,Yes,Yes,Yes,,,,,,,,,,,,,,,,,,,,,,,,,,,,,,,,,,,,,,,,,,,,,,,,,,,,,,,0,0,0,0,0
Gallery,,Lifestyle,,,Gallery,Gallery,Gallery,,,,,,,,,,,,,,,,,,,,,,,,,,,,,,,,,,,,,,,,,,,,,,,,,,,,,,,,,,,,,,,,,,,0,0,0,0,0
Game Show Network,"GSN, Gameshow",Entertainment,,Yes,Comedy Extra,Comedy Extra,Comedy Extra,,Yes,Yes,Yes,Yes,,Fubo Extra,Premium,Yes,Yes,Yes,,,,,,,,Yes,,,,,,,,,,,,,,,,,,,,,,,,,,,,,,,,,,,,,,,,,,,,,,,,0,0,0,0,0
Game+,"Game Plus, Game Plus TV, Game +, Game+ Network",Lifestyle,,,,,,,,,,,,Sports Plus with NFL Redzone,,,,,,,,,,,,,,,,,,,,,,,,,,,,,,,,,,,,,,,,,,,,,,,,,,,,,,,,,,,,0,0,0,0,0
GetTV,Get TV,Entertainment,,Yes,,,,,,,,Yes,,Yes,,Yes,Yes,Yes,Yes,,,,,,,,,,,,,,,,,,,,,,,,,,,,,,,,,,,,,,,,,,,,,,,,,,,,,,,0,0,0,0,0
GINX eSports TV,,Sports,,,,,,,,,,,,Fubo Extra,,,,,,,,,,,,,,,,,,,,,,,,,,,,,,,,,,,,,,,,,,,,,,,,,,,,,,,,,,,,0,0,0,0,0
Globo,TV Globo,International,,,,,,Brazillian (Portuguese),Brazillian (Portuguese),Brazillian (Portuguese),Brazillian (Portuguese),,,,,,,,,,,,,,,,,,,,,,,,,,,,,,,,,,,,,,,,,,,,,,,,,,,,,,,,,,,,,,,0,0,0,0,0
Golf Channel,"Golf, Golf Network, The Golf Channel, NBC Golf",Sports,,,,Sports Extra,Sports Extra,,Yes,Yes,Yes,Yes,Yes,Yes,,,,,,,,,,,,,,,,,,,,,,,,,,,,,,,,,,,,,,,,,,,,,,,,,,,,,,,,,,,,0,0,0,0,0
GolTV,"GolTV English, GolTV (English)",Sports,,,,,,Espanol,Espanol,Espanol,Espanol,,,CONMEBOL & More,,,,,,,,,,,,,,,,,,,,,,,,,,,,,,,,,,,,,,,,,,,,,,,,,,,,,,,,,,,,0,0,0,0,0
GolTV Spanish,GolTV (Spanish),Sports,,,,,,,,,,,,Fubo Latino,,,,,,,,,,,,,,,,,,,,,,,,,,,,,,,,,,,,,,,,,,,,,,,,,,,,,,,,,,,,0,0,0,0,0
GoTraveler,,Lifestyle,,,,,,,,,,,,,Yes,,,,,,,,,,,,,,,,,,,,,,,,,,,,,,,,,,,,,,,,,,,,,,,,,,,,,,,,,,,0,0,0,0,0
Great American Country,"GAC, GAC Family, Great American Family",Entertainment,,Yes,Heartland Extra,Heartland Extra,Heartland Extra,,Yes,Yes,Yes,,Entertainment,Yes,,Yes,Yes,Yes,,,,,,,,,,,,,,,,,,,,,,,,,,,,,,,,,,,,,,,,,,,,,,,,,,,,,,,,0,0,0,0,0
Grit,,Entertainment,,,Hollywood Extra,Hollywood Extra,Hollywood Extra,,Yes,Yes,Yes,,,,,,,,,,,,,,,,,,,,,,,,,,,,,,,,,,,,,,,,,,,,,,,,,,,,,,,,,,,,,,,0,0,0,0,0
Grokker,,International,,,Grokker,Grokker,Grokker,,,,,,,,,,,,,,,,,,,,,,,,,,,,,,,,,,,,,,,,,,,,,,,,,,,,,,,,,,,,,,,,,,,0,0,0,0,0
Gusto TV,"Gusto, GustoTV",Entertainment,,Yes,,,,,,,,,,Yes,Yes,,,,,,,,,,,,,,,,,,,,,,,,,,,,,,,,,,,,,,,,,,,,,,,,,,,,,,,,,,,0,0,0,0,0
Hallmark,Hallmark Channel,Kids and family,,Yes,Lifestyle Extra,Lifestyle Extra,Lifestyle Extra,Yes,Yes,Yes,Yes,Yes,,Yes,,Yes,Yes,Yes,,,,,,,,Yes,,,,,,,,,,,,,,,,,,,,,,,,,,,,,,,,,,,,,,,,,,,,,,,,0,0,0,0,0
Hallmark Drama,,Kids and family,,Yes,Lifestyle Extra,Lifestyle Extra,Lifestyle Extra,Movies Extra Pack,Movies Extra Pack,Movies Extra Pack,Yes,Yes,,Yes,,Yes,Yes,Yes,,,,,,,,Yes,,,,,,,,,,,,,,,,,,,,,,,,,,,,,,,,,,,,,,,,,,,,,,,,0,0,0,0,0
Hallmark Movies & Mysteries,"Hallmark Movies, Hallmark Movies and Mysteries",Kids and family,,Yes,Lifestyle Extra,Lifestyle Extra,Lifestyle Extra,Yes,Movies Extra Pack,Movies Extra Pack,Yes,Yes,,Yes,,Yes,Yes,Yes,,,,,,,,Yes,,,,,,,,,,,,,,,,,,,,,,,,,,,,,,,,,,,,,,,,,,,,,,,,0,0,0,0,0
Hallmark Movies Now,,Kids and family,,,Hallmark Movies Now,Hallmark Movies Now,Hallmark Movies Now,,,,,Hallmark Movies Now,,,,Hallmark Movies Now,,,,,,,,,,,,,,,,,,,,,,,,,,,,,,,,,,,,,,,,,,,,,,,,,,,,,,,,,,0,0,0,0,0
HappiTV,,Lifestyle,,,,,,,,,,,,,Yes,,,,,,,,,,,,,,,,,,,,,,,,,,,,,,,,,,,,,,,,,,,,,,,,,,,,,,,,,,,0,0,0,0,0
Hard Knocks,,Entertainment,,,,,,,,,,,,,Yes,,,,,,,,,,,,,,,,,,,,,,,,,,,,,,,,,,,,,,,,,,,,,,,,,,,,,,,,,,,0,0,0,0,0
HBO,Home Box Office,Premium movies,,,,,,HBO Max,HBO Max,HBO Max,Yes,HBO,HBO Max,,,,,,,,,,,,,,,,,,,,,,,,,,,,,,,,,,,,,,,,,,,,,,,,,,,,,,,,,,,,,0,0,0,0,0
HBO Comedy,,Premium movies,,,,,,HBO Max,HBO Max,HBO Max,Yes,HBO,HBO Max,,,,,,,,,,,,,,,,,,,,,,,,,,,,,,,,,,,,,,,,,,,,,,,,,,,,,,,,,,,,,0,0,0,0,0
HBO Family,,Premium movies,,,,,,HBO Max,HBO Max,HBO Max,Yes,HBO,HBO Max,,,,,,,,,,,,,,,,,,,,,,,,,,,,,,,,,,,,,,,,,,,,,,,,,,,,,,,,,,,,,0,0,0,0,0
HBO Latino,,Premium movies,,,,,,HBO Max,HBO Max,HBO Max,Yes,HBO,HBO Max,,,,,,,,,,,,,,,,,,,,,,,,,,,,,,,,,,,,,,,,,,,,,,,,,,,,,,,,,,,,,0,0,0,0,0
HBO Max,,Premium movies,,,,,,HBO Max,HBO Max,HBO Max,Yes,HBO Max,HBO Max,,,,,,,,,,,,,,,,,,,,,,,,,,,,,,,,,,,,,,,,,,,,,,,,,,,,,,,,,,,,,0,0,0,0,0
HBO Signature,,Premium movies,,,,,,HBO Max,HBO Max,HBO Max,Yes,HBO,HBO Max,,,,,,,,,,,,,,,,,,,,,,,,,,,,,,,,,,,,,,,,,,,,,,,,,,,,,,,,,,,,,0,0,0,0,0
HBO Zone,,Premium movies,,,,,,HBO Max,HBO Max,HBO Max,Yes,HBO,HBO Max,,,,,,,,,,,,,,,,,,,,,,,,,,,,,,,,,,,,,,,,,,,,,,,,,,,,,,,,,,,,,0,0,0,0,0
HBO2,HBO 2,Premium movies,,,,,,HBO Max,HBO Max,HBO Max,Yes,HBO,HBO Max,,,,,,,,,,,,,,,,,,,,,,,,,,,,,,,,,,,,,,,,,,,,,,,,,,,,,,,,,,,,,0,0,0,0,0
HDnet Movies,,Movies,,Movies & More,Hollywood Extra,Hollywood Extra,Hollywood Extra,Movies Extra Pack,Movies Extra Pack,Movies Extra Pack,Yes,,,,,,,,,,,,,,,Yes,,,,,,,,,,,,,,,,,,,,,,,,,,,,,,,,,,,,,,,,,,,,,,,,0,0,0,0,0
Heartland TV,,Music,,,,,,,,,,,,,,Yes,,,,,,,,,,,,,,,,,,,,,,,,,,,,,,,,,,,,,,,,,,,,,,,,,,,,,,,,,,0,0,0,0,0
Here TV,,Lifestyle,,,Here TV,Here TV,Here TV,,,,,,,,,,,,,,,,,,,,,,,,,,,,,,,,,,,,,,,,,,,,,,,,,,,,,,,,,,,,,,,,,,,0,0,0,0,0
Heroes & Icons,Heroes and Icons,Entertainment,,Yes,Hollywood Extra,Hollywood Extra,Hollywood Extra,,Yes,Yes,Yes,,,,,Yes,,,,,,,,,,,,,,,,,,,,,,,,,,,,,,,,,,,,,,,,,,,,,,,,,,,,,,,,,,0,0,0,0,0
HGTV,,Lifestyle,,Yes,Yes,Yes,Yes,Yes,Yes,Yes,Yes,Yes,Yes,Yes,,,Yes,Yes,,,,,,,,Yes,,,,,,,,,,,,,,,,,,,,,,,,,,,,,,,,,,,,,,,,,,,,,,,,0,0,0,0,0
History,"History Channel, The History Channel",Entertainment,,Yes,Yes,Yes,Yes,Yes,Yes,Yes,Yes,,Yes,,,Yes,Yes,Yes,,,,,,,,Yes,,,,,,,,,,,,,,,,,,,,,,,,,,,,,,,,,,,,,,,,,,,,,,,,0,0,0,0,0
History En Español,"History Channel En Español, The History Channel en Español, History en Espanol, History Channel Espanol",Spanish,,,Best of Spanish TV,Best of Spanish TV,Best of Spanish TV,Espanol,Espanol,Espanol,Espanol,,Espanol,,,,,,Yes,,,,,,,,,,,,,,,,,,,,,,,,,,,,,,,,,,,,,,,,,,,,,,,,,,,,,,,0,0,0,0,0
HITN TV,HITN,Spanish,,,,,,Espanol,Espanol,Espanol,Espanol,,,,,,,,,,,,,,,,,,,,,,,,,,,,,,,,,,,,,,,,,,,,,,,,,,,,,,,,,,,,,,,0,0,0,0,0
Hi-Yah!,,Lifestyle,,,Hi-Yah!,Hi-Yah!,Hi-Yah!,,,,,,,,,,,,,,,,,,,,,,,,,,,,,,,,,,,,,,,,,,,,,,,,,,,,,,,,,,,,,,,,,,,0,0,0,0,0
HLN,,News,,,News Extra,Yes,Yes,Yes,Yes,Yes,Yes,Yes,Yes,,,,,,,,,,,,,,,,,,,,,,,,,,,,,,,,,,,,,,,,,,,,,,,,,,,,,,,,,,,,,0,0,0,0,0
Hogar De HGTV,Hogar,Spanish,,,,,,Espanol,Espanol,Espanol,Espanol,,,Fubo Latino,,,,,Yes,,,,,,,,,,,,,,,,,,,,,,,,,,,,,,,,,,,,,,,,,,,,,,,,,,,,,,,0,0,0,0,0
HONVIETV,,International,,,,,,Vietnamese,Vietnamese,Vietnamese,Vietnamese,,,,,,,,,,,,,,,,,,,,,,,,,,,,,,,,,,,,,,,,,,,,,,,,,,,,,,,,,,,,,,,0,0,0,0,0
Hopster,,Kids and family,,,Hopster,Hopster,Hopster,,,,,,,,,,,,,,,,,,,,,,,,,,,,,,,,,,,,,,,,,,,,,,,,,,,,,,,,,,,,,,,,,,,0,0,0,0,0
Horror Machine,,Entertainment,,,,,,,,,,,,,Premium,,,,,,,,,,,,,,,,,,,,,,,,,,,,,,,,,,,,,,,,,,,,,,,,,,,,,,,,,,,0,0,0,0,0
HorseTV,,Lifestyle,,,,,,,,,,,,,Yes,,,,,,,,,,,,,,,,,,,,,,,,,,,,,,,,,,,,,,,,,,,,,,,,,,,,,,,,,,,0,0,0,0,0
HSN,Home Shopping Network,Lifestyle,,,,,,Yes,Yes,Yes,Yes,Yes,,,Yes,,Yes,,,,,,,,,,,,,,,,,,,,,,,,,,,,,,,,,,,,,,,,,,,,,,,,,,,,,,,,,0,0,0,0,0
Hulu with Live TV: No Ads,,Addon,,,,,,,,,,,No Ads,,,,,,,,,,,,,,,,,,,,,,,,,,,,,,,,,,,,,,,,,,,,,,,,,,,,,,,,,,,,,0,0,0,0,0
Hulu with Live TV: Unlimited Screens,,Addon,,,,,,,,,,,Unlimited Screens,,,,,,,,,,,,,,,,,,,,,,,,,,,,,,,,,,,,,,,,,,,,,,,,,,,,,,,,,,,,,0,0,0,0,0
Hunt Channel,,Lifestyle,,,,,,,,,,,,,Yes,,,,,,,,,,,,,,,,,,,,,,,,,,,,,,,,,,,,,,,,,,,,,,,,,,,,,,,,,,,0,0,0,0,0
i24News,i24 News,International,,,,,,,,,,,,News Plus,,,Yes,Yes,,,,,,,,,,,,,,,,,,,,,,,,,,,,,,,,,,,,,,,,,,,,,,,,,,,,,,,,0,0,0,0,0
IFC,,Entertainment,,Yes,Yes,Yes,Yes,Yes,Yes,Yes,Yes,Yes,,Yes,,,,,,,,,,,,Yes,,,,,,,,,,,,,,,,,,,,,,,,,,,,,,,,,,,,,,,,,,,,,,,,0,0,0,0,0
IFC Films Unlimited,,Movies,,,IFC Films Unlimited,IFC Films Unlimited,IFC Films Unlimited,,,,,IFC Films Unlimited,,,,,,,,,,,,,,,,,,,,,,,,,,,,,,,,,,,,,,,,,,,,,,,,,,,,,,,,,,,,,,0,0,0,0,0
Impact,Impact Network,Entertainment,,,,,,,,,,,,,Yes,,Yes,Yes,,,,,,,,,,,,,,,,,,,,,,,,,,,,,,,,,,,,,,,,,,,,,,,,,,,,,,,,0,0,0,0,0
IMPACT! Wrestling,Impact Wrestling,Sports,,,,,,,,,,Sports Plus,,Yes,,,,,,,,,,,,,,,,,,,,,,,,,,,,,,,,,,,,,,,,,,,,,,,,,,,,,,,,,,,,0,0,0,0,0
IndiePlex ,,Entertainment,,,STARZ,STARZ,STARZ,,,,,,,,,,,,,,,,,,,,,,,,,,,,,,,,,,,,,,,,,,,,,,,,,,,,,,,,,,,,,,,,,,,0,0,0,0,0
InfoWars,,Entertainment,,,,,,,,,,,,,Yes,,,,,,,,,,,,,,,,,,,,,,,,,,,,,,,,,,,,,,,,,,,,,,,,,,,,,,,,,,,0,0,0,0,0
Insight TV,,Entertainment,,,,,,,,,,,,Adventure Plus,,,,,,,,,,,,,,,,,,,,,,,,,,,,,,,,,,,,,,,,,,,,,,,,,,,,,,,,,,,,0,0,0,0,0
Insp,,Entertainment,,Yes,Heartland Extra,Heartland Extra,Heartland Extra,,,,,,,Fubo Extra,,Yes,Yes,Yes,,,,,,,,,,,,,,,,,,,,,,,,,,,,,,,,,,,,,,,,,,,,,,,,,,,,,,,,0,0,0,0,0
Investigation Discovery,ID Discovery,Entertainment,,Yes,Yes,Yes,Yes,Yes,Yes,Yes,Yes,Yes,Yes,Yes,,,Yes,Yes,,,,,,,,Yes,,,,,,,,,,,,,,,,,,,,,,,,,,,,,,,,,,,,,,,,,,,,,,,,0,0,0,0,0
ION TV,,Entertainment,,,,,,Yes,Yes,Yes,Yes,,,,,,,,,,,,,,,,,,,,,,,,,,,,,,,,,,,,,,,,,,,,,,,,,,,,,,,,,,,,,,,0,0,0,0,0
Justice Central,,Entertainment,,,,,,,Yes,Yes,Yes,Yes,,Fubo Extra,,,,,,,,,,,,,,,,,,,,,,,,,,,,,,,,,,,,,,,,,,,,,,,,,,,,,,,,,,,,0,0,0,0,0
Kartoon Channel!,,Kids and family,,,Kartoon Channel!,Kartoon Channel!,Kartoon Channel!,,,,,,,,,,,,,,,,,,,,,,,,,,,,,,,,,,,,,,,,,,,,,,,,,,,,,,,,,,,,,,,,,,,0,0,0,0,0
KBS America,,International,,,,,,Korean,Korean,Korean,Korean,,,,,,,,,,,,,,,,,,,,,,,,,,,,,,,,,,,,,,,,,,,,,,,,,,,,,,,,,,,,,,,0,0,0,0,0
Kids Street,,Kids and family,,,,,,,,,,,,,,,Yes,Yes,,,,,,,,,,,,,,,,,,,,,,,,,,,,,,,,,,,,,,,,,,,,,,,,,,,,,,,,0,0,0,0,0
Kin,,Lifestyle,,Yes,,,,,,,,,,,,,,,,,,,,,,,,,,,,,,,,,,,,,,,,,,,,,,,,,,,,,,,,,,,,,,,,,,,,,,0,0,0,0,0
Lacrosse Sports Network,,Sports,,,,,,,,,,,,,Yes,,,,,,,,,,,,,,,,,,,,,,,,,,,,,,,,,,,,,,,,,,,,,,,,,,,,,,,,,,,0,0,0,0,0
LAFF,,Entertainment,,,Comedy Extra,Comedy Extra,Comedy Extra,,,,,,,,,,,,,,,,,,,,,,,,,,,,,,,,,,,,,,,,,,,,,,,,,,,,,,,,,,,,,,,,,,,0,0,0,0,0
Law And Crime,"Law & Crime, Law&Crime",News,,Yes,News Extra,News Extra,News Extra,,,,,Law & Crime,,Yes,Yes,,,,,,,,,,,,,,,,,,,,,,,,,,,,,,,,,,,,,,,,,,,,,,,,,,,,,,,,,,,0,0,0,0,0
Level Up,,News,,,,,,,,,,,,,Yes,,,,,,,,,,,,,,,,,,,,,,,,,,,,,,,,,,,,,,,,,,,,,,,,,,,,,,,,,,,0,0,0,0,0
Lifetime,Lifetime TV Shows & Movies,Lifestyle,1,Yes,Yes,Yes,Yes,Yes,Yes,Yes,Yes,,Yes,,,Yes,Yes,Yes,,,,,,,,Yes,1,,,,,,,,,,,,,,,,,,,,,,,1,1,1,1,1,1,1,1,1,,1,,,1,1,1,,,,,,,,,0,0,0,0,2
Lifetime Movie Network,"Lmn, Lifetime Movies",Movies,,Yes,Lifestyle Extra,Lifestyle Extra,Lifestyle Extra,,,Yes,Yes,,Yes,,,Yes,Yes,Yes,,,,,,,,Yes,,,,,,,,,,,,,,,,,,,,,,,,,,,,,,,,,,,,,,,,,,,,,,,,0,0,0,0,0
Lion Mountain TV,,Movies,,,Lion Mountain TV,Lion Mountain TV,Lion Mountain TV,,,,,,,,,,,,,,,,,,,,,,,,,,,,,,,,,,,,,,,,,,,,,,,,,,,,,,,,,,,,,,,,,,,0,0,0,0,0
LiveNow from FOX,FOX LiveNow,News,,,,,,,,,,Yes,,Yes,,,,,,,,,,,,,,,,,,,,,,,,,,,,,,,,,,,,,,,,,,,,,,,,,,,,,,,,,,,,0,0,0,0,0
Local Now,,News,,,Yes,Yes,Yes,,,,,Yes,,Yes,,Yes,,,,,,,,,,,,,,,,,,,,,,,,,,,,,,,,,,,,,,,,,,,,,,,,,,,,,,,,,,0,0,0,0,0
Logo,Logo TV,Lifestyle,,Yes,Comedy Extra,Comedy Extra,Comedy Extra,,,Yes,Yes,,,Fubo Extra,,,Yes,,,,,,,,,Yes,,,,,,,,,,,,,,,,,,,,,,,,,,,,,,,,,,,,,,,,,,,,,,,,0,0,0,0,0
Longhorn Network,The Longhorn Network,Regional Sports,,,Sports Extra,,Sports Extra,,Yes,Yes,Yes,,,,,,Yes,Yes,,,,,,,,,,,,,,,,,,,,,,,,,,,,,,,,,,,,,,,,,,,,,,,,,,,,,,,,0,0,0,0,0
Love Nature,,Entertainment,,,,,,,,,,,,,Yes,,,,,,,,,,,,,,,,,,,,,,,,,,,,,,,,,,,,,,,,,,,,,,,,,,,,,,,,,,,0,0,0,0,0
Magnolia Network,"Do It Yourself, DIY Network, DIY, Magnolia Network (DIY)",Lifestyle,1,Yes,Lifestyle Extra,Lifestyle Extra,Lifestyle Extra,,,Yes,Yes,,Entertainment,Yes,,,Yes,Yes,,,,,,,,Yes,1,,,,,,,,,,,,,,,,,,,,,,,1,1,2,2,2,,,1,1,,2,1,,,1,1,,,,,,,,,0,0,0,0,2
Magnolia Selects,,Movies,,,Magnolia Selects,Magnolia Selects,Magnolia Selects,,,,,Magnolia Selects,,,,,,,,,,,,,,,,,,,,,,,,,,,,,,,,,,,,,,,,,,,,,,,,,,,,,,,,,,,,,,0,0,0,0,0
Marquee Sports Network,,Regional Sports,,,,,,,Yes,Yes,Yes,,,,,,,,,,,,,,,,,,,,,,,,,,,,,,,,,,,,,,,,,,,,,,,,,,,,,,,,,,,,,,,0,0,0,0,0
Más Chic,,International,,,,,,,,,,,,Fubo Latino,,,,,,,,,,,,,,,,,,,,,,,,,,,,,,,,,,,,,,,,,,,,,,,,,,,,,,,,,,,,0,0,0,0,0
MASN,,Regional Sports,,,,,,,Yes,Yes,Yes,,,,,,,,,,,,,,,,,,,,,,,,,,,,,,,,,,,,,,,,,,,,,,,,,,,,,,,,,,,,,,,0,0,0,0,0
MASN2,,Regional Sports,,,,,,,Yes,Yes,Yes,,,,,,,,,,,,,,,,,,,,,,,,,,,,,,,,,,,,,,,,,,,,,,,,,,,,,,,,,,,,,,,0,0,0,0,0
Mav TV,MAVTV,Sports,,,,,,,,,,Sports Plus,Sports,Adventure Plus,,,Yes,Yes,,,,,,,,,,,,,,,,,,,,,,,,,,,,,,,,,,,,,,,,,,,,,,,,,,,,,,,,0,0,0,0,0
MBC,,International,,,,,,Korean,Korean,Korean,Korean,,,,,,,,,,,,,,,,,,,,,,,,,,,,,,,,,,,,,,,,,,,,,,,,,,,,,,,,,,,,,,,0,0,0,0,0
MBN,,International,,,,,,Korean,Korean,Korean,Korean,,,,,,,,,,,,,,,,,,,,,,,,,,,,,,,,,,,,,,,,,,,,,,,,,,,,,,,,,,,,,,,0,0,0,0,0
MegaTV,,Spanish,,,,,,Espanol,Espanol,Espanol,Espanol,,,,,,,,,,,,,,,,,,,,,,,,,,,,,,,,,,,,,,,,,,,,,,,,,,,,,,,,,,,,,,,0,0,0,0,0
MeTV,,Entertainment,,Yes,,,,,,,,,,,,Yes,,,,,,,,,,,,,,,,,,,,,,,,,,,,,,,,,,,,,,,,,,,,,,,,,,,,,,,,,,0,0,0,0,0
Mexicanal,,Spanish,,,México Service,México Service,México Service,,,,,,,,,,,,,,,,,,,,,,,,,,,,,,,,,,,,,,,,,,,,,,,,,,,,,,,,,,,,,,,,,,,0,0,0,0,0
MGM,,Movies,,Movies & More,,,,Movies Extra Pack,Movies Extra Pack,Movies Extra Pack,Yes,,,,,,,,,,,,,,,,,,,,,,,,,,,,,,,,,,,,,,,,,,,,,,,,,,,,,,,,,,,,,,,0,0,0,0,0
Milenio Televisión,,Spanish,,,México Service,México Service,México Service,,,,,,,,,,,,,,,,,,,,,,,,,,,,,,,,,,,,,,,,,,,,,,,,,,,,,,,,,,,,,,,,,,,0,0,0,0,0
Military History Channel,"MHI, Military History",Entertainment,,,,,,,,,,,Entertainment,,,Yes,,,,,,,,,,,,,,,,,,,,,,,,,,,,,,,,,,,,,,,,,,,,,,,,,,,,,,,,,,0,0,0,0,0
MLB Game of the Week,,Sports,,,,,,,,,,Yes,,,,,,,,,,,,,,,,,,,,,,,,,,,,,,,,,,,,,,,,,,,,,,,,,,,,,,,,,,,,,,0,0,0,0,0
MLB Network,"MLB, MLBN",Sports,,,Sports Extra,Sports Extra,Sports Extra,,Yes,Yes,Yes,Yes,,Fubo Extra,,,Yes,Yes,,,,,,,,,,,,,,,,,,,,,,,,,,,,,,,,,,,,,,,,,,,,,,,,,,,,,,,,0,0,0,0,0
MLB Strike Zone,"MLB Network Strike Zone, MLB Network StrikeZone, MLB Strikezone",Sports,,,Sports Extra,Sports Extra,Sports Extra,,,,,,,Sports Plus with NFL RedZone,,,,,,,,,,,,,,,,,,,,,,,,,,,,,,,,,,,,,,,,,,,,,,,,,,,,,,,,,,,,0,0,0,0,0
MLB.TV,,Sports,,,,,,,,,,MLB.TV,,,,,,,,,,,,,,,,,,,,,,,,,,,,,,,,,,,,,,,,,,,,,,,,,,,,,,,,,,,,,,0,0,0,0,0
MOB TV,,Entertainment,,,,,,,,,,,,,Yes,,,,,,,,,,,,,,,,,,,,,,,,,,,,,,,,,,,,,,,,,,,,,,,,,,,,,,,,,,,0,0,0,0,0
Monsters & Nightmares,,Entertainment,,,Monsters & Nightmares,Monsters & Nightmares,Monsters & Nightmares,,,,,,,,,,,,,,,,,,,,,,,,,,,,,,,,,,,,,,,,,,,,,,,,,,,,,,,,,,,,,,,,,,,0,0,0,0,0
MoreMax,,Premium movies,,,,,,Cinemax,Cinemax,Cinemax,Yes,Cinemax,Cinemax,,,,,,,,,,,,,,,,,,,,,,,,,,,,,,,,,,,,,,,,,,,,,,,,,,,,,,,,,,,,,0,0,0,0,0
Motor Trend,"Motortrend, MotorTrend Network, Velocity",Sports,,Yes,Yes,,Yes,Yes,Yes,Yes,Yes,Yes,Yes,Yes,,,Yes,Yes,,,,,,,,Yes,,,,,,,,,,,,,,,,,,,,,,,,,,,,,,,,,,,,,,,,,,,,,,,,0,0,0,0,0
Motorvision TV,,Lifestyle,,,,,,,,,,,,,Yes,,,,,,,,,,,,,,,,,,,,,,,,,,,,,,,,,,,,,,,,,,,,,,,,,,,,,,,,,,,0,0,0,0,0
MovieMax,,Premium movies,,,,,,Cinemax,Cinemax,Cinemax,Yes,Cinemax,Cinemax,,,,,,,,,,,,,,,,,,,,,,,,,,,,,,,,,,,,,,,,,,,,,,,,,,,,,,,,,,,,,0,0,0,0,0
MoviePlex ,,Movies,,,STARZ,STARZ,STARZ,,,,,,,,,,,,,,,,,,,,,,,,,,,,,,,,,,,,,,,,,,,,,,,,,,,,,,,,,,,,,,,,,,,0,0,0,0,0
MovieSphere,,Movies,,,,,,,,,,MovieSphere,,,,,,,,,,,,,,,,,,,,,,,,,,,,,,,,,,,,,,,,,,,,,,,,,,,,,,,,,,,,,,0,0,0,0,0
MSG,,Regional Sports,,,,,,,Yes,Yes,Yes,,,,,,,,,,,,,,,,,,,,,,,,,,,,,,,,,,,,,,,,,,,,,,,,,,,,,,,,,,,,,,,0,0,0,0,0
MSG Plus,,Regional Sports,,,,,,,Yes,Yes,Yes,,,,,,,,,,,,,,,,,,,,,,,,,,,,,,,,,,,,,,,,,,,,,,,,,,,,,,,,,,,,,,,0,0,0,0,0
MSNBC,,News,,,,Yes,Yes,Yes,Yes,Yes,Yes,Yes,Yes,Yes,,,,,,,,,,,,,,,,,,,,,,,,,,,,,,,,,,,,,,,,,,,,,,,,,,,,,,,,,,,,0,0,0,0,0
MTV,MTV - Music Television,Music,1,Yes,Comedy Extra,Comedy Extra,Comedy Extra,Yes,Yes,Yes,Yes,Yes,Yes,Yes,,,Yes,Yes,,,,,,,,Yes,1,,,,,,,,1,,,,,,,,,,,,,,,1,1,2,2,2,1,1,1,1,1,1,1,,,1,1,,,,,,,,,0,0,0,0,3
MTV Classic,,Music,,Yes,,,,,,Yes,Yes,Yes,Entertainment,Fubo Extra,,,Yes,Yes,,,,,,,,Yes,,,,,,,,,,,,,,,,,,,,,,,,,,,,,,,,,,,,,,,,,,,,,,,,0,0,0,0,0
MTV Live,MTV: Live,Music,,Yes,,,,Movies Extra Pack,Movies Extra Pack,Movies Extra Pack,Yes,,,Fubo Extra,,,Yes,,,,,,,,,Yes,,,,,,,,,,,,,,,,,,,,,,,,,,,,,,,,,,,,,,,,,,,,,,,,0,0,0,0,0
MTV Tres,TR3S,Spanish,,,,,,Espanol,Espanol,Espanol,Espanol,,,Fubo Latino,,,Yes,,Yes,,,,,,,,,,,,,,,,,,,,,,,,,,,,,,,,,,,,,,,,,,,,,,,,,,,,,,,0,0,0,0,0
MTV2,"MTV 2, MTV2: Music Television",Entertainment,,Yes,Comedy Extra,Comedy Extra,Comedy Extra,Yes,Yes,Yes,Yes,Yes,Entertainment,Fubo Extra,,,Yes,Yes,,,,,,,,Yes,,,,,,,,,,,,,,,,,,,,,,,,,,,,,,,,,,,,,,,,,,,,,,,,0,0,0,0,0
MTVu,"MTV U, MTV: U",Music,,,,,,,,,,,,Fubo Extra,,,Yes,,,,,,,,,Yes,,,,,,,,,,,,,,,,,,,,,,,,,,,,,,,,,,,,,,,,,,,,,,,,0,0,0,0,0
Multimedios,"Multimedios Televisión, Multimedios Television",Spanish,,,México Service,México Service,México Service,Espanol,Espanol,Espanol,Espanol,,,,,,,,,,,,,,,,,,,,,,,,,,,,,,,,,,,,,,,,,,,,,,,,,,,,,,,,,,,,,,,0,0,0,0,0
Multimedios Costa Rica,,International,,,Centroamérica Service,Centroamérica Service,Centroamérica Service,,,,,,,,,,,,,,,,,,,,,,,,,,,,,,,,,,,,,,,,,,,,,,,,,,,,,,,,,,,,,,,,,,,0,0,0,0,0
MX ONE,,International,,,Desi Binge Mini,Desi Binge Mini,Desi Binge Mini,,,,,,,,,,,,,,,,,,,,,,,,,,,,,,,,,,,,,,,,,,,,,,,,,,,,,,,,,,,,,,,,,,,0,0,0,0,0
My Outdoor TV,MOTV,Lifestyle,,,,,,,,,,My Outdoor TV,,,,,,,,,,,,,,,,,,,,,,,,,,,,,,,,,,,,,,,,,,,,,,,,,,,,,,,,,,,,,,0,0,0,0,0
MynetworkTV,"My Network TV, My TV",Broadcast,,,,,,Yes,Yes,Yes,Yes,,,,,,,,,,,,,,,,,,,,,,,,,,,,,,,,,,,,,,,,,,,,,,,,,,,,,,,,,,,,,,,0,0,0,0,0
NASA TV,NASA,Entertainment,,,,,,,,,,,Yes,,Yes,,,,,,,,,,,,,,,,,,,,,,,,,,,,,,,,,,,,,,,,,,,,,,,,,,,,,,,,,,,0,0,0,0,0
Nashville Country TV,,Music,,,,,,,,,,,,,Yes,,,,,,,,,,,,,,,,,,,,,,,,,,,,,,,,,,,,,,,,,,,,,,,,,,,,,,,,,,,0,0,0,0,0
Nat Geo Mundo,"NatGeo Mundo, National Geographic Mundo",Spanish,,,Best of Spanish TV,Best of Spanish TV,Best of Spanish TV,Espanol,Espanol,Espanol,Espanol,,,Fubo Latino,,,,,Yes,,,,,,,,,,,,,,,,,,,,,,,,,,,,,,,,,,,,,,,,,,,,,,,,,,,,,,,0,0,0,0,0
Nat Geo Wild,"NGW, Natgeo Wild, National Geographic Wild",Lifestyle,,,,Heartland Extra,Heartland Extra,,,Yes,Yes,Yes,Yes,Fubo Extra,,,Yes,Yes,,,,,,,,,,,,,,,,,,,,,,,,,,,,,,,,,,,,,,,,,,,,,,,,,,,,,,,,0,0,0,0,0
National Geographic,"NGC, National Geographic Channel, Natgeo, NAT GEO",Entertainment,,,,Yes,Yes,Yes,Yes,Yes,Yes,Yes,Yes,Yes,,,Yes,Yes,,,,,,,,,,,,,,,,,,,,,,,,,,,,,,,,,,,,,,,,,,,,,,,,,,,,,,,,0,0,0,0,0
National Geographic Channel Korea,National Geographic Korea,International,,,,,,Korean,Korean,Korean,Korean,,,,,,,,,,,,,,,,,,,,,,,,,,,,,,,,,,,,,,,,,,,,,,,,,,,,,,,,,,,,,,,0,0,0,0,0
Nautical Channel,,Sports,,,,,,,,,,,,,Premium,,,,,,,,,,,,,,,,,,,,,,,,,,,,,,,,,,,,,,,,,,,,,,,,,,,,,,,,,,,0,0,0,0,0
NBA League Pass,,Sports,,,,,,NBA League Pass,NBA League Pass,NBA League Pass,NBA League Pass,NBA League Pass,,NBA League Pass,,,,,,,,,,,,,,,,,,,,,,,,,,,,,,,,,,,,,,,,,,,,,,,,,,,,,,,,,,,,0,0,0,0,0
NBA TV,NBATV,Sports,,,Sports Extra,Sports Extra,Sports Extra,,Yes,Yes,Yes,Yes,,Fubo Extra,,,,,,,,,,,,,,,,,,,,,,,,,,,,,,,,,,,,,,,,,,,,,,,,,,,,,,,,,,,,0,0,0,0,0
NBC,,Broadcast,1,,,Yes,Yes,Yes,Yes,Yes,Yes,Yes,Yes,Yes,,,,,,,,,,,,,,,,,,,,,1,,,,,,,,,,,,,,,1,,,1,1,1,1,1,1,1,1,1,,,,,,,,,,,,,0,0,0,0,1
NBC News Now,,News,,,,,,,,,,Yes,Yes,Yes,,,,,,,,,,,,,,,,,,,,,,,,,,,,,,,,,,,,,,,,,,,,,,,,,,,,,,,,,,,,0,0,0,0,0
NBC Sports Bay Area,,Regional Sports,,,,,,,Yes,Yes,Yes,,,,,,,,,,,,,,,,,,,,,,,,,,,,,,,,,,,,,,,,,,,,,,,,,,,,,,,,,,,,,,,0,0,0,0,0
NBC Sports Boston,,Regional Sports,,,,,,,Yes,Yes,Yes,,,,,,,,,,,,,,,,,,,,,,,,,,,,,,,,,,,,,,,,,,,,,,,,,,,,,,,,,,,,,,,0,0,0,0,0
NBC Sports California,,Regional Sports,,,,,,,Yes,Yes,Yes,,,,,,,,,,,,,,,,,,,,,,,,,,,,,,,,,,,,,,,,,,,,,,,,,,,,,,,,,,,,,,,0,0,0,0,0
NBC Sports Chicago,,Regional Sports,,,,,,,Yes,Yes,Yes,,,,,,,,,,,,,,,,,,,,,,,,,,,,,,,,,,,,,,,,,,,,,,,,,,,,,,,,,,,,,,,0,0,0,0,0
NBC Sports Regionals,NBC RSNs,Regional Sports,,,,,,,Yes,Yes,Yes,,,,,,,,,,,,,,,,,,,,,,,,,,,,,,,,,,,,,,,,,,,,,,,,,,,,,,,,,,,,,,,0,0,0,0,0
NBC Sports Washington,,Regional Sports,,,,,,,Yes,Yes,Yes,,,,,,,,,,,,,,,,,,,,,,,,,,,,,,,,,,,,,,,,,,,,,,,,,,,,,,,,,,,,,,,0,0,0,0,0
NBCLX,"Local X, LocalX, NBC LX",News,,,,,,,,,,Yes,Yes,Yes,,,,,,,,,,,,,,,,,,,,,,,,,,,,,,,,,,,,,,,,,,,,,,,,,,,,,,,,,,,,0,0,0,0,0
NDTV 24X7,,News,,,,News Extra,News Extra,,,,,,,,,,,,,,,,,,,,,,,,,,,,,,,,,,,,,,,,,,,,,,,,,,,,,,,,,,,,,,,,,,,0,0,0,0,0
NESN,,Regional Sports,,,,,,,Yes,Yes,Yes,,,,,,,,,,,,,,,,,,,,,,,,,,,,,,,,,,,,,,,,,,,,,,,,,,,,,,,,,,,,,,,0,0,0,0,0
News 12 New York,,Sports,,,,,,,,,,,,Yes,,,,,,,,,,,,,,,,,,,,,,,,,,,,,,,,,,,,,,,,,,,,,,,,,,,,,,,,,,,,0,0,0,0,0
News18,News 18,News,,,News Extra,News Extra,News Extra,,,,,,,,,,,,,,,,,,,,,,,,,,,,,,,,,,,,,,,,,,,,,,,,,,,,,,,,,,,,,,,,,,,0,0,0,0,0
Newsmax,"NewsmaxTV, Newsmax TV",News,,,News Extra,News Extra,News Extra,Yes,Yes,Yes,Yes,,,Yes,Yes,,Yes,Yes,,,,,,,,Yes,,,,,,,,,,,,,,,,,,,,,,,,,,,,,,,,,,,,,,,,,,,,,,,,0,0,0,0,0
NewsNation,"null, WGN America, WGNA, News Nation",News,,,News Extra,News Extra,News Extra,,Yes,Yes,Yes,Yes,Yes,Yes,,,Yes,Yes,,,,,,,,,,,,,,,,,,,,,,,,,,,,,,,,,,,,,,,,,,,,,,,,,,,,,,,,0,0,0,0,0
newsNET,,News,,,,,,,,,,,,News Plus,,,,,,,,,,,,,,,,,,,,,,,,,,,,,,,,,,,,,,,,,,,,,,,,,,,,,,,,,,,,0,0,0,0,0
Newsy,,News,,,,,,,,,,,,Fubo Extra,,,,,,,,,,,,Yes,,,,,,,,,,,,,,,,,,,,,,,,,,,,,,,,,,,,,,,,,,,,,,,,0,0,0,0,0
NFL Network,,Sports,,,,,,,,,,Yes,Yes,Yes,,,Yes,Yes,,,,,,,,,,,,,,,,,,,,,,,,,,,,,,,,,,,,,,,,,,,,,,,,,,,,,,,,0,0,0,0,0
NFL Red Zone,NFL Redzone,Sports,,,,Sports Extra,Sports Extra,,,,,Sports Plus,Sports,Sports Plus with NFL RedZone,,,Yes,,,,,,,,,,,,,,,,,,,,,,,,,,,,,,,,,,,,,,,,,,,,,,,,,,,,,,,,,0,0,0,0,0
NHL Network,NHL,Sports,,,Sports Extra,Sports Extra,Sports Extra,,,Yes,Yes,,,Fubo Extra,,,Yes,Yes,,,,,,,,,,,,,,,,,,,,,,,,,,,,,,,,,,,,,,,,,,,,,,,,,,,,,,,,0,0,0,0,0
Nick Jr.,"Nick Jr, Nick Jur, NickJr, Nick Junior",Kids and family,,Yes,Yes,Yes,Yes,,Yes,Yes,Yes,Yes,Yes,Yes,,,Yes,Yes,,,,,,,,Yes,,,,,,,,,,,,,,,,,,,,,,,,,,,,,,,,,,,,,,,,,,,,,,,,0,0,0,0,0
Nick Music,NickMusic,Music,,,,,,,,,,,,Fubo Extra,,,Yes,,,,,,,,,Yes,,,,,,,,,,,,,,,,,,,,,,,,,,,,,,,,,,,,,,,,,,,,,,,,0,0,0,0,0
Nickelodeon,"Nickelodeon/Nick At Nite, Nick@Nite",Kids and family,,Yes,,,,Yes,Yes,Yes,Yes,Yes,Yes,Yes,,,Yes,Yes,,,,,,,,Yes,,,,,,,,,,,,,,,,,,,,,,,,,,,,,,,,,,,,,,,,,,,,,,,,0,0,0,0,0
Nicktoons,"Nick Toons, Nicktoons Network",Kids and family,,Yes,Kids Extra,Kids Extra,Kids Extra,,Yes,Yes,Yes,Yes,Entertainment,Fubo Extra,,,Yes,Yes,,,,,,,,Yes,,,,,,,,,,,,,,,,,,,,,,,,,,,,,,,,,,,,,,,,,,,,,,,,0,0,0,0,0
Noggin,,Kids and family,,,Noggin,Noggin,Noggin,,,,,,,,,,,,,,,,,,,,,,,,,,,,,,,,,,,,,,,,,,,,,,,,,,,,,,,,,,,,,,,,,,,0,0,0,0,0
Nosey,,Entertainment,,,,,,,,,,,,Yes,Yes,,,,,,,,,,,,,,,,,,,,,,,,,,,,,,,,,,,,,,,,,,,,,,,,,,,,,,,,,,,0,0,0,0,0
NTN24,"NTN 24, NTN24 Nuestra Tele Noticias 24",Spanish,,,Best of Spanish TV,Best of Spanish TV,Best of Spanish TV,Espanol,Espanol,Espanol,Espanol,Spanish Plus,,Entretenimiento Plus,,,,,Yes,,,,,,,,,,,,,,,,,,,,,,,,,,,,,,,,,,,,,,,,,,,,,,,,,,,,,,,0,0,0,0,0
Nuestra Tele,,Spanish,,,Sudamérica Service,Sudamérica Service,Sudamérica Service,Espanol,Espanol,Espanol,Espanol,Spanish Plus,,Fubo Latino,,,,,,,,,,,,,,,,,,,,,,,,,,,,,,,,,,,,,,,,,,,,,,,,,,,,,,,,,,,,0,0,0,0,0
Nuestra Vision,,Spanish,,,Best of Spanish TV,Best of Spanish TV,Best of Spanish TV,Espanol,Espanol,Espanol,Espanol,,,,,,,,,,,,,,,,,,,,,,,,,,,,,,,,,,,,,,,,,,,,,,,,,,,,,,,,,,,,,,,0,0,0,0,0
OAN Plus,,Lifestyle,,,,,,,,,,,,,Yes,,Yes,,,,,,,,,,,,,,,,,,,,,,,,,,,,,,,,,,,,,,,,,,,,,,,,,,,,,,,,,0,0,0,0,0
Olympic Channel,Olympics Channel,Sports,,,,Sports Extra,Sports Extra,,,Yes,Yes,,,Yes,,,,,,,,,,,,,,,,,,,,,,,,,,,,,,,,,,,,,,,,,,,,,,,,,,,,,,,,,,,,0,0,0,0,0
ONCE MEXICO,,Spanish,,,,,,Espanol,Espanol,Espanol,Espanol,,,,,,,,,,,,,,,,,,,,,,,,,,,,,,,,,,,,,,,,,,,,,,,,,,,,,,,,,,,,,,,0,0,0,0,0
One American News,"One America News Network, OAN",News,,,,,,,,,,,,,OAN,,Yes,Yes,,,,,,,,,,,,,,,,,,,,,,,,,,,,,,,,,,,,,,,,,,,,,,,,,,,,,,,,0,0,0,0,0
Origin Sports Network,,Sports,,,,,,,,,,,,Yes,,,,,,,,,,,,,,,,,,,,,,,,,,,,,,,,,,,,,,,,,,,,,,,,,,,,,,,,,,,,0,0,0,0,0
Outdoor America,,Lifestyle,,,,,,,,,,,,,Yes,,,,,,,,,,,,,,,,,,,,,,,,,,,,,,,,,,,,,,,,,,,,,,,,,,,,,,,,,,,0,0,0,0,0
Outdoor Channel,Outdoor,Lifestyle,,,Heartland Extra,Heartland Extra,Heartland Extra,,,,,,Sports,Adventure Plus,,Yes,,,,,,,,,,Yes,,,,,,,,,,,,,,,,,,,,,,,,,,,,,,,,,,,,,,,,,,,,,,,,0,0,0,0,0
OuterMax,,Premium movies,,,,,,Cinemax,Cinemax,Cinemax,Yes,Cinemax,Cinemax,,,,,,,,,,,,,,,,,,,,,,,,,,,,,,,,,,,,,,,,,,,,,,,,,,,,,,,,,,,,,0,0,0,0,0
Outside TV,Outside Television,Sports,,,,,,,,,,Sports Plus,,Adventure Plus,,,,,,,,,,,,,,,,,,,,,,,,,,,,,,,,,,,,,,,,,,,,,,,,,,,,,,,,,,,,0,0,0,0,0
Outside TV Features,,Sports,,,Outside TV Features,Outside TV Features,Outside TV Features,,,,,Outside TV Features,,,,,,,,,,,,,,,,,,,,,,,,,,,,,,,,,,,,,,,,,,,,,,,,,,,,,,,,,,,,,,0,0,0,0,0
Ovation,,Lifestyle,,,,,,,Yes,Yes,Yes,,,,,,,,,,,,,,,,,,,,,,,,,,,,,,,,,,,,,,,,,,,,,,,,,,,,,,,,,,,,,,,0,0,0,0,0
Own,Oprah Winfrey Network,Lifestyle,,Yes,discovery+,discovery+,discovery+,,Yes,Yes,Yes,Yes,Yes,Yes,,,Yes,Yes,,,,,,,,Yes,,,,,,,,,,,,,,,,,,,,,,,,,,,,,,,,,,,,,,,,,,,,,,,,0,0,0,0,0
Oxygen,Oxygen Network,Lifestyle,,,,Lifestyle Extra,Lifestyle Extra,,,Yes,Yes,Yes,Yes,Yes,,,,,,,,,,,,,,,,,,,,,,,,,,,,,,,,,,,,,,,,,,,,,,,,,,,,,,,,,,,,0,0,0,0,0
Pac 12 Arizona,PAC12 Arizona,Regional Sports,,,,,,,,,,,,Sports Plus with NFL RedZone,,,Yes,Yes,,,,,,,,,,,,,,,,,,,,,,,,,,,,,,,,,,,,,,,,,,,,,,,,,,,,,,,,0,0,0,0,0
Pac 12 Bay Area,"PAC12 Bay Area, PAC12 BayArea",Regional Sports,,,,,,,,,,,,Sports Plus with NFL RedZone,,,Yes,Yes,,,,,,,,,,,,,,,,,,,,,,,,,,,,,,,,,,,,,,,,,,,,,,,,,,,,,,,,0,0,0,0,0
Pac 12 Insider,,Sports,,,,,,,,,,,,Yes,,,,,,,,,,,,,,,,,,,,,,,,,,,,,,,,,,,,,,,,,,,,,,,,,,,,,,,,,,,,0,0,0,0,0
Pac 12 Los Angeles,"PAC12 LA, PAC12 Los Angeles",Regional Sports,,,,,,,,,,,,Sports Plus with NFL RedZone,,,Yes,Yes,,,,,,,,,,,,,,,,,,,,,,,,,,,,,,,,,,,,,,,,,,,,,,,,,,,,,,,,0,0,0,0,0
Pac 12 Mountain,PAC12 Mountain,Regional Sports,,,,,,,,,,,,Sports Plus with NFL RedZone,,,Yes,Yes,,,,,,,,,,,,,,,,,,,,,,,,,,,,,,,,,,,,,,,,,,,,,,,,,,,,,,,,0,0,0,0,0
Pac 12 National Feed,"Pac12 National Feed, Pac-12, Pac 12 Networks",Regional Sports,,,Sports Extra,Sports Extra,Sports Extra,,,,,,,Fubo Extra,,,Yes,Yes,,,,,,,,,,,,,,,,,,,,,,,,,,,,,,,,,,,,,,,,,,,,,,,,,,,,,,,,0,0,0,0,0
Pac 12 Oregon,PAC12 Oregon,Regional Sports,,,,,,,,,,,,Sports Plus with NFL RedZone,,,Yes,Yes,,,,,,,,,,,,,,,,,,,,,,,,,,,,,,,,,,,,,,,,,,,,,,,,,,,,,,,,0,0,0,0,0
Pac 12 Washington,PAC12 Washington,Regional Sports,,,,,,,,,,,,Sports Plus with NFL RedZone,,,Yes,Yes,,,,,,,,,,,,,,,,,,,,,,,,,,,,,,,,,,,,,,,,,,,,,,,,,,,,,,,,0,0,0,0,0
Pantaya,,International,,,Pantaya,Pantaya,Pantaya,,,,,Pantaya,,Pantaya,,,,,,,,,,,,,,,,,,,,,,,,,,,,,,,,,,,,,,,,,,,,,,,,,,,,,,,,,,,,0,0,0,0,0
Paramount Network,"Paramount, Paramount Network Canada, Paramount TV",Entertainment,,Yes,Comedy Extra,Comedy Extra,Comedy Extra,Yes,Yes,Yes,Yes,Yes,Yes,Yes,,,,Yes,,,,,,,,Yes,,,,,,,,,,,,,,,,,,,,,,,,,,,,,,,,,,,,,,,,,,,,,,,,0,0,0,0,0
Pasiones,,Spanish,,,Best of Spanish TV,Best of Spanish TV,Best of Spanish TV,Espanol,Espanol,Espanol,Espanol,Spanish Plus,,Fubo Latino,,,,,Yes,,,,,,,,,,,,,,,,,,,,,,,,,,,,,,,,,,,,,,,,,,,,,,,,,,,,,,,0,0,0,0,0
PBS,,Broadcast,,,,,,,,,,Yes,,,,,,,,,,,,,,,,,,,,,,,,,,,,,,,,,,,,,,,,,,,,,,,,,,,,,,,,,,,,,,0,0,0,0,0
PBS Kids,,Kids and family,,,,,,Yes,Yes,Yes,Yes,Yes,,,,,,,,,,,,,,,,,,,,,,,,,,,,,,,,,,,,,,,,,,,,,,,,,,,,,,,,,,,,,,0,0,0,0,0
People Are Awesome,,Entertainment,,,,,,,,,,,,Fubo Extra,,,,,,,,,,,,,,,,,,,,,,,,,,,,,,,,,,,,,,,,,,,,,,,,,,,,,,,,,,,,0,0,0,0,0
People TV,PeopleTV,Lifestyle,,Yes,,,,,,,,,,Fubo Extra,,,,,,,,,,,,,,,,,,,,,,,,,,,,,,,,,,,,,,,,,,,,,,,,,,,,,,,,,,,,0,0,0,0,0
Perú Mágico,Peru Magico,Spanish,,,,,,Espanol,Espanol,Espanol,Espanol,,,,,,,,,,,,,,,,,,,,,,,,,,,,,,,,,,,,,,,,,,,,,,,,,,,,,,,,,,,,,,,0,0,0,0,0
PixL,,Lifestyle,,,Heartland Extra,Heartland Extra,Heartland Extra,,,,,,,,,Yes,,,,,,,,,,,,,,,,,,,,,,,,,,,,,,,,,,,,,,,,,,,,,,,,,,,,,,,,,,0,0,0,0,0
Planet Earth,,Lifestyle,,,discovery+,discovery+,discovery+,,,,,,,,,,,,,,,,,,,,,,,,,,,,,,,,,,,,,,,,,,,,,,,,,,,,,,,,,,,,,,,,,,,0,0,0,0,0
PlayersTV,,Entertainment,,Yes,,,,,,,,Sports Plus,,,,,,,,,,,,,,,,,,,,,,,,,,,,,,,,,,,,,,,,,,,,,,,,,,,,,,,,,,,,,,0,0,0,0,0
PlayKids,,Kids and family,,,PlayKids,PlayKids,PlayKids,,,,,,,,,,,,,,,,,,,,,,,,,,,,,,,,,,,,,,,,,,,,,,,,,,,,,,,,,,,,,,,,,,,0,0,0,0,0
pocket.watch,,Entertainment,,Yes,,,,,,,,,,,,,,,,,,,,,,,,,,,,,,,,,,,,,,,,,,,,,,,,,,,,,,,,,,,,,,,,,,,,,,0,0,0,0,0
PokerGO,,Sports,,,,,,,,,,,,Fubo Extra,,,,,,,,,,,,,,,,,,,,,,,,,,,,,,,,,,,,,,,,,,,,,,,,,,,,,,,,,,,,0,0,0,0,0
PokerGO+,,Sports,,,,,,,,,,Sports Plus,,,,,,,,,,,,,,,,,,,,,,,,,,,,,,,,,,,,,,,,,,,,,,,,,,,,,,,,,,,,,,0,0,0,0,0
POP,Pop TV,Lifestyle,,,,,,,Yes,Yes,Yes,Yes,Yes,Yes,Premium,,,,,,,,,,,,,,,,,,,,,,,,,,,,,,,,,,,,,,,,,,,,,,,,,,,,,,,,,,,0,0,0,0,0
PopCornFlix,,Movies,,,,,,,,,,,,Yes,,,,,,,,,,,,,,,,,,,,,,,,,,,,,,,,,,,,,,,,,,,,,,,,,,,,,,,,,,,,0,0,0,0,0
PopStar,,Entertainment,,,,,,,,,,,,,Yes,,,,,,,,,,,,,,,,,,,,,,,,,,,,,,,,,,,,,,,,,,,,,,,,,,,,,,,,,,,0,0,0,0,0
POPSUGAR,,Entertainment,,,discovery+,discovery+,discovery+,,,,,,,,,,,,,,,,,,,,,,,,,,,,,,,,,,,,,,,,,,,,,,,,,,,,,,,,,,,,,,,,,,,0,0,0,0,0
Pursuit Channel,Pursuit,Lifestyle,,,Heartland Extra,Heartland Extra,Heartland Extra,,,,,,,,Premium,,,,,,,,,,,,,,,,,,,,,,,,,,,,,,,,,,,,,,,,,,,,,,,,,,,,,,,,,,,0,0,0,0,0
PursuitUP,Pursuit Up,Lifestyle,,,,,,,,,,,,,Yes,,Yes,,,,,,,,,,,,,,,,,,,,,,,,,,,,,,,,,,,,,,,,,,,,,,,,,,,,,,,,,0,0,0,0,0
PX Sports,,Spanish,,,Best of Spanish TV,Best of Spanish TV,Best of Spanish TV,,,,,,,,,,,,,,,,,,,,,,,,,,,,,,,,,,,,,,,,,,,,,,,,,,,,,,,,,,,,,,,,,,,0,0,0,0,0
Qello Concerts by Stingray,,Music,,,Qello Concerts by Stingray,Qello Concerts by Stingray,Qello Concerts by Stingray,,,,,,,,,,,,,,,,,,,,,,,,,,,,,,,,,,,,,,,,,,,,,,,,,,,,,,,,,,,,,,,,,,,0,0,0,0,0
Quietude,,Entertainment,,,,,,,,,,,,,Yes,,,,,,,,,,,,,,,,,,,,,,,,,,,,,,,,,,,,,,,,,,,,,,,,,,,,,,,,,,,0,0,0,0,0
QVC,QVC Live,Lifestyle,,,,,,Yes,Yes,Yes,Yes,Yes,Yes,Yes,Yes,Yes,Yes,Yes,Yes,,,,,,,,,,,,,,,,,,,,,,,,,,,,,,,,,,,,,,,,,,,,,,,,,,,,,,,0,0,0,0,0
QVC 2,"QVC2, QVC Plus",Lifestyle,,,,,,Yes,Yes,Yes,Yes,,,,,,,,,,,,,,,,,,,,,,,,,,,,,,,,,,,,,,,,,,,,,,,,,,,,,,,,,,,,,,,0,0,0,0,0
Racing America,,Sports,,,,,,,,,,,,Sports Plus,,,,,,,,,,,,,,,,,,,,,,,,,,,,,,,,,,,,,,,,,,,,,,,,,,,,,,,,,,,,0,0,0,0,0
RAI Italia,,International,,,,,,,,,,,,RAI Italia,,,,,,,,,,,,,,,,,,,,,,,,,,,,,,,,,,,,,,,,,,,,,,,,,,,,,,,,,,,,0,0,0,0,0
RCN Novelas,,Spanish,,,Sudamérica Service,Sudamérica Service,Sudamérica Service,,,,,,,,,,,,Yes,,,,,,,,,,,,,,,,,,,,,,,,,,,,,,,,,,,,,,,,,,,,,,,,,,,,,,,0,0,0,0,0
RCN Nuestra Tele,,Spanish,,,,,,,,,,,,,,,,,Yes,,,,,,,,,,,,,,,,,,,,,,,,,,,,,,,,,,,,,,,,,,,,,,,,,,,,,,,0,0,0,0,0
Real Madrid TV,,Sports,,,,,,,,,,,,CONMEBOL & More,,,,,,,,,,,,,,,,,,,,,,,,,,,,,,,,,,,,,,,,,,,,,,,,,,,,,,,,,,,,0,0,0,0,0
Real Nosey,,Entertainment,,,,,,,,,,,,Yes,,,,,,,,,,,,,,,,,,,,,,,,,,,,,,,,,,,,,,,,,,,,,,,,,,,,,,,,,,,,0,0,0,0,0
Recipe.TV,Recipe TV,Lifestyle,,,,,,,,,,Yes,,,,Yes,,,,,,,,,,,,,,,,,,,,,,,,,,,,,,,,,,,,,,,,,,,,,,,,,,,,,,,,,,0,0,0,0,0
Reelz,ReelzChannel,Entertainment,,Movies & More,Hollywood Extra,Hollywood Extra,Hollywood Extra,Yes,Yes,Yes,Yes,,,,,,,,,,,,,,,,,,,,,,,,,,,,,,,,,,,,,,,,,,,,,,,,,,,,,,,,,,,,,,,0,0,0,0,0
RetroCrush,,Kids and family,,Yes,,,,,,,,,,Yes,,,,,,,,,,,,,,,,,,,,,,,,,,,,,,,,,,,,,,,,,,,,,,,,,,,,,,,,,,,,0,0,0,0,0
RetroPlex,,Movies,,,STARZ,STARZ,STARZ,,,,,,,,,,,,,,,,,,,,,,,,,,,,,,,,,,,,,,,,,,,,,,,,,,,,,,,,,,,,,,,,,,,0,0,0,0,0
Revolt,,Music,,Yes,Comedy Extra,Comedy Extra,Comedy Extra,,Yes,Yes,Yes,,,Fubo Extra,,,,,,,,,,,,,,,,,,,,,,,,,,,,,,,,,,,,,,,,,,,,,,,,,,,,,,,,,,,,0,0,0,0,0
Revry,Revry News,Lifestyle,,Yes,,,,,,,,,,Fubo Extra,,,,,,,,,,,,,,,,,,,,,,,,,,,,,,,,,,,,,,,,,,,,,,,,,,,,,,,,,,,,0,0,0,0,0
RFD-TV,"RFDTV, RFD TV",Lifestyle,,,Heartland Extra,Heartland Extra,Heartland Extra,Yes,Yes,Yes,Yes,,,,,,Yes,,,,,,,,,,,,,,,,,,,,,,,,,,,,,,,,,,,,,,,,,,,,,,,,,,,,,,,,,0,0,0,0,0
Root Sports Northwest,,Regional Sports,,,,,,,Yes,Yes,Yes,,,,,,,,,,,,,,,,,,,,,,,,,,,,,,,,,,,,,,,,,,,,,,,,,,,,,,,,,,,,,,,0,0,0,0,0
RTP 3,RTP3,International,,,,,,,,,,,,Portuguese Plus,,,,,,,,,,,,,,,,,,,,,,,,,,,,,,,,,,,,,,,,,,,,,,,,,,,,,,,,,,,,0,0,0,0,0
RTP Açores,,International,,,,,,,,,,,,Portuguese Plus,,,,,,,,,,,,,,,,,,,,,,,,,,,,,,,,,,,,,,,,,,,,,,,,,,,,,,,,,,,,0,0,0,0,0
RTP Internacional,"RTPI, RTP International",International,,,,,,,,,,,,Portuguese Plus,,,,,,,,,,,,,,,,,,,,,,,,,,,,,,,,,,,,,,,,,,,,,,,,,,,,,,,,,,,,0,0,0,0,0
Ryan and Friends,,Entertainment,,Yes,,,,,,,,,,,,,,,,,,,,,,,,,,,,,,,,,,,,,,,,,,,,,,,,,,,,,,,,,,,,,,,,,,,,,,0,0,0,0,0
S Channel,,International,,,,,,Vietnamese,Vietnamese,Vietnamese,Vietnamese,,,,,,,,,,,,,,,,,,,,,,,,,,,,,,,,,,,,,,,,,,,,,,,,,,,,,,,,,,,,,,,0,0,0,0,0
Salem News,,News,,,,,,,,,,,,,Yes,,,,,,,,,,,,,,,,,,,,,,,,,,,,,,,,,,,,,,,,,,,,,,,,,,,,,,,,,,,0,0,0,0,0
SBS,,International,,,,,,Korean,Korean,Korean,Korean,,,,,,,,,,,,,,,,,,,,,,,,,,,,,,,,,,,,,,,,,,,,,,,,,,,,,,,,,,,,,,,0,0,0,0,0
SBS Plus,,International,,,,,,Korean,Korean,Korean,Korean,,,,,,,,,,,,,,,,,,,,,,,,,,,,,,,,,,,,,,,,,,,,,,,,,,,,,,,,,,,,,,,0,0,0,0,0
SBTN,,International,,,,,,Vietnamese,Vietnamese,Vietnamese,Vietnamese,,,,,,,,,,,,,,,,,,,,,,,,,,,,,,,,,,,,,,,,,,,,,,,,,,,,,,,,,,,,,,,0,0,0,0,0
Science,Science Channel,Lifestyle,,Yes,News Extra,News Extra,News Extra,,Yes,Yes,Yes,,Entertainment,Fubo Extra,,,Yes,Yes,,,,,,,,Yes,,,,,,,,,,,,,,,,,,,,,,,,,,,,,,,,,,,,,,,,,,,,,,,,0,0,0,0,0
Screambox,,Movies,,,,,,,,,,Screambox,,,,,,,,,,,,,,,,,,,,,,,,,,,,,,,,,,,,,,,,,,,,,,,,,,,,,,,,,,,,,,0,0,0,0,0
ScreamFlix,,Movies,,,ScreamFlix,ScreamFlix,ScreamFlix,,,,,,,,,,,,,,,,,,,,,,,,,,,,,,,,,,,,,,,,,,,,,,,,,,,,,,,,,,,,,,,,,,,0,0,0,0,0
Screenpix,,Movies,,,,,,,,,,Screenpix,,,,,,,,,,,,,,,,,,,,,,,,,,,,,,,,,,,,,,,,,,,,,,,,,,,,,,,,,,,,,,0,0,0,0,0
SEC Network,"SEC, SEC ESPN Network, ESPN SEC Network",Regional Sports,,,Sports Extra,,Sports Extra,,Yes,Yes,Yes,Yes,Yes,Fubo Extra,,,Yes,Yes,,,,,,,,,,,,,,,,,,,,,,,,,,,,,,,,,,,,,,,,,,,,,,,,,,,,,,,,0,0,0,0,0
SEC Network+,,Regional Sports,,,Sports Extra,,Sports Extra,,,,,,,,,,,,,,,,,,,,,,,,,,,,,,,,,,,,,,,,,,,,,,,,,,,,,,,,,,,,,,,,,,,0,0,0,0,0
Second Opinion Panel,,News,,,,,,,,,,,,,Yes,,,,,,,,,,,,,,,,,,,,,,,,,,,,,,,,,,,,,,,,,,,,,,,,,,,,,,,,,,,0,0,0,0,0
Seeker,,Entertainment,,,discovery+,discovery+,discovery+,,,,,,,,,,,,,,,,,,,,,,,,,,,,,,,,,,,,,,,,,,,,,,,,,,,,,,,,,,,,,,,,,,,0,0,0,0,0
Shop LC,ShopLC,Lifestyle,,,,,,Yes,Yes,Yes,Yes,,,,Yes,,,,,,,,,,,,,,,,,,,,,,,,,,,,,,,,,,,,,,,,,,,,,,,,,,,,,,,,,,,0,0,0,0,0
ShortsTV,Shorts TV,Movies,,,,,,,Yes,Yes,Yes,,,,,,,,,,,,,,,,,,,,,,,,,,,,,,,,,,,,,,,,,,,,,,,,,,,,,,,,,,,,,,,0,0,0,0,0
ShortsTV HD,Shorts TV HD,Movies,,,,,,Movies Extra Pack,Movies Extra Pack,Movies Extra Pack,Yes,,,,,,,,,,,,,,,,,,,,,,,,,,,,,,,,,,,,,,,,,,,,,,,,,,,,,,,,,,,,,,,0,0,0,0,0
Showtime,Showtime Brand,Premium movies,,,Showtime,Showtime,Showtime,Showtime,Showtime,Showtime,Yes,Showtime,Showtime,Showtime,,,,,,,,,,,,,,,,,,,,,,,,,,,,,,,,,,,,,,,,,,,,,,,,,,,,,,,,,,,,0,0,0,0,0
Showtime 2,,Premium movies,,,Showtime,Showtime,Showtime,Showtime,Showtime,Showtime,Yes,Showtime,Showtime,Showtime,,,,,,,,,,,,,,,,,,,,,,,,,,,,,,,,,,,,,,,,,,,,,,,,,,,,,,,,,,,,0,0,0,0,0
Showtime BET,SHOXBET,Premium movies,,,Showtime,Showtime,Showtime,Showtime,Showtime,Showtime,Yes,Showtime,Showtime,Showtime,,,,,,,,,,,,,,,,,,,,,,,,,,,,,,,,,,,,,,,,,,,,,,,,,,,,,,,,,,,,0,0,0,0,0
Showtime Extreme,,Premium movies,,,Showtime,Showtime,Showtime,Showtime,Showtime,Showtime,Yes,Showtime,Showtime,Showtime,,,,,,,,,,,,,,,,,,,,,,,,,,,,,,,,,,,,,,,,,,,,,,,,,,,,,,,,,,,,0,0,0,0,0
Showtime Family,Showtime Family Zone,Premium movies,,,Showtime,Showtime,Showtime,Showtime,Showtime,Showtime,Yes,Showtime,Showtime,Showtime,,,,,,,,,,,,,,,,,,,,,,,,,,,,,,,,,,,,,,,,,,,,,,,,,,,,,,,,,,,,0,0,0,0,0
Showtime Next,,Premium movies,,,Showtime,Showtime,Showtime,Showtime,Showtime,Showtime,Yes,Showtime,Showtime,Showtime,,,,,,,,,,,,,,,,,,,,,,,,,,,,,,,,,,,,,,,,,,,,,,,,,,,,,,,,,,,,0,0,0,0,0
Showtime Showcase,,Premium movies,,,Showtime,Showtime,Showtime,Showtime,Showtime,Showtime,Yes,Showtime,Showtime,Showtime,,,,,,,,,,,,,,,,,,,,,,,,,,,,,,,,,,,,,,,,,,,,,,,,,,,,,,,,,,,,0,0,0,0,0
Showtime Women,,Premium movies,,,Showtime,Showtime,Showtime,Showtime,Showtime,Showtime,Yes,Showtime,Showtime,Showtime,,,,,,,,,,,,,,,,,,,,,,,,,,,,,,,,,,,,,,,,,,,,,,,,,,,,,,,,,,,,0,0,0,0,0
Shudder,,Movies,,,Shudder,Shudder,Shudder,,,,,Shudder,,,,,,,,,,,,,,,,,,,,,,,,,,,,,,,,,,,,,,,,,,,,,,,,,,,,,,,,,,,,,,0,0,0,0,0
Sightline,,Entertainment,,,,,,,,,,,,,Yes,,,,,,,,,,,,,,,,,,,,,,,,,,,,,,,,,,,,,,,,,,,,,,,,,,,,,,,,,,,0,0,0,0,0
Sling: 4 for $10 Deal,,Addon,,,4 for $10 Deal,4 for $10 Deal,4 for $10 Deal,,,,,,,,,,,,,,,,,,,,,,,,,,,,,,,,,,,,,,,,,,,,,,,,,,,,,,,,,,,,,,,,,,,0,0,0,0,0
Sling: Cloud DVR Plus,,Addon,,,Cloud DVR Plus,Cloud DVR Plus,Cloud DVR Plus,,,,,,,,,,,,,,,,,,,,,,,,,,,,,,,,,,,,,,,,,,,,,,,,,,,,,,,,,,,,,,,,,,,0,0,0,0,0
Sling: Echoboom Sports,,Addon,,,Echoboom Sports,Echoboom Sports,Echoboom Sports,,,,,,,,,,,,,,,,,,,,,,,,,,,,,,,,,,,,,,,,,,,,,,,,,,,,,,,,,,,,,,,,,,,0,0,0,0,0
Sling: Total TV Deal,,Addon,,,Total TV Deal,Total TV Deal,Total TV Deal,,,,,,,,,,,,,,,,,,,,,,,,,,,,,,,,,,,,,,,,,,,,,,,,,,,,,,,,,,,,,,,,,,,0,0,0,0,0
Smithsonian,Smithsonian Channel,Lifestyle,,,,,,,,Yes,Yes,Yes,Yes,Yes,,,,,,,,,,,,,,,,,,,,,,,,,,,,,,,,,,,,,,,,,,,,,,,,,,,,,,,,,,,,0,0,0,0,0
SNY,SportsNet New York,Regional Sports,,,,,,,Yes,Yes,Yes,,,,,,,,,,,,,,,,,,,,,,,,,,,,,,,,,,,,,,,,,,,,,,,,,,,,,,,,,,,,,,,0,0,0,0,0
So Real,,Entertainment,,,,,,,,,,,,,Yes,,,,,,,,,,,,,,,,,,,,,,,,,,,,,,,,,,,,,,,,,,,,,,,,,,,,,,,,,,,0,0,0,0,0
Sony Liv,,International,,,Desi Binge Mini,Desi Binge Mini,Desi Binge Mini,,,,,,,,,,,,,,,,,,,,,,,,,,,,,,,,,,,,,,,,,,,,,,,,,,,,,,,,,,,,,,,,,,,0,0,0,0,0
Sony Movie Channel,Sony Movies,Movies,,Movies & More,,,,Movies Extra Pack,Movies Extra Pack,Movies Extra Pack,Yes,,,Fubo Extra,Premium,,Yes,Yes,,,,,,,,,,,,,,,,,,,,,,,,,,,,,,,,,,,,,,,,,,,,,,,,,,,,,,,,0,0,0,0,0
Spectrum SportsNet,,Regional Sports,,,,,,,Yes,Yes,Yes,,,,,,,,,,,,,,,,,,,,,,,,,,,,,,,,,,,,,,,,,,,,,,,,,,,,,,,,,,,,,,,0,0,0,0,0
Spectrum SportsNet LA,,Regional Sports,,,,,,,Yes,Yes,Yes,,,,,,,,,,,,,,,,,,,,,,,,,,,,,,,,,,,,,,,,,,,,,,,,,,,,,,,,,,,,,,,0,0,0,0,0
Spectrum TV Essentials: cDVR,,Addon,,,,,,,,,,,,,,,,,,,,,,,,cDVR,,,,,,,,,,,,,,,,,,,,,,,,,,,,,,,,,,,,,,,,,,,,,,,,0,0,0,0,0
Spectrum TV Essentials: cDVR Plus,,Addon,,,,,,,,,,,,,,,,,,,,,,,,cDVR Plus,,,,,,,,,,,,,,,,,,,,,,,,,,,,,,,,,,,,,,,,,,,,,,,,0,0,0,0,0
Sports Grid,SportsGrid,Sports,,,,,,,,,,Plus,,Yes,Yes,,,,,,,,,,,,,,,,,,,,,,,,,,,,,,,,,,,,,,,,,,,,,,,,,,,,,,,,,,,0,0,0,0,0
Sportsman Channel,,Sports,,,Heartland Extra,Heartland Extra,Heartland Extra,,,Yes,Yes,,Sports,Adventure Plus,,Yes,,,,,,,,,,,,,,,,,,,,,,,,,,,,,,,,,,,,,,,,,,,,,,,,,,,,,,,,,,0,0,0,0,0
SporTV,,International,,,,,,Brazillian (Portuguese),Brazillian (Portuguese),Brazillian (Portuguese),Brazillian (Portuguese),,,,,,,,,,,,,,,,,,,,,,,,,,,,,,,,,,,,,,,,,,,,,,,,,,,,,,,,,,,,,,,0,0,0,0,0
Stadium,,Sports,,,,,,,,,,Sports Plus,,Fubo Extra,,,Yes,Yes,,,,,,,,,,,,,,,,,,,,,,,,,,,,,,,,,,,,,,,,,,,,,,,,,,,,,,,,0,0,0,0,0
Stadium 1,,Sports,,,,,,,,,,,,Fubo Extra,,,,,,,,,,,,,,,,,,,,,,,,,,,,,,,,,,,,,,,,,,,,,,,,,,,,,,,,,,,,0,0,0,0,0
Stadium 2,,Sports,,,,,,,,,,,,Fubo Extra,,,,,,,,,,,,,,,,,,,,,,,,,,,,,,,,,,,,,,,,,,,,,,,,,,,,,,,,,,,,0,0,0,0,0
Stadium 3,,Sports,,,,,,,,,,,,Fubo Extra,,,,,,,,,,,,,,,,,,,,,,,,,,,,,,,,,,,,,,,,,,,,,,,,,,,,,,,,,,,,0,0,0,0,0
Start TV,StartTV,Entertainment,,Yes,Hollywood Extra,Hollywood Extra,Hollywood Extra,,,,,Yes,Yes,,,Yes,,,,,,,,,,,,,,,,,,,,,,,,,,,,,,,,,,,,,,,,,,,,,,,,,,,,,,,,,,0,0,0,0,0
Starz,,Premium movies,,Starz,Starz,Starz,Starz,Starz,Starz,Starz,Yes,Starz,Starz,Starz,,,,,,,,,,,,,,,,,,,,,,,,,,,,,,,,,,,,,,,,,,,,,,,,,,,,,,,,,,,,0,0,0,0,0
STARZ Cinema,,Premium movies,,,STARZ,STARZ,STARZ,,,,,,,,,,,,,,,,,,,,,,,,,,,,,,,,,,,,,,,,,,,,,,,,,,,,,,,,,,,,,,,,,,,0,0,0,0,0
Starz Comedy,,Premium movies,,,Starz,Starz,Starz,Starz,Starz,Starz,Yes,Starz,Starz,Starz,,,,,,,,,,,,,,,,,,,,,,,,,,,,,,,,,,,,,,,,,,,,,,,,,,,,,,,,,,,,0,0,0,0,0
Starz Edge,,Premium movies,,,Starz,Starz,Starz,Starz,Starz,Yes,Yes,Starz,Starz,Starz,,,,,,,,,,,,,,,,,,,,,,,,,,,,,,,,,,,,,,,,,,,,,,,,,,,,,,,,,,,,0,0,0,0,0
Starz Encore,,Premium movies,,Starz,Starz,Starz,Starz,Starz,Starz,Yes,Yes,Starz,Starz,Starz,,,,,,,,,,,,,,,,,,,,,,,,,,,,,,,,,,,,,,,,,,,,,,,,,,,,,,,,,,,,0,0,0,0,0
Starz Encore Action,,Premium movies,,,Starz,Starz,Starz,Starz,Starz,Yes,Yes,Starz,Starz,Starz,,,,,,,,,,,,,,,,,,,,,,,,,,,,,,,,,,,,,,,,,,,,,,,,,,,,,,,,,,,,0,0,0,0,0
Starz Encore Black,,Premium movies,,,Starz,Starz,Starz,Starz,Starz,Yes,Yes,Starz,Starz,Starz,,,,,,,,,,,,,,,,,,,,,,,,,,,,,,,,,,,,,,,,,,,,,,,,,,,,,,,,,,,,0,0,0,0,0
Starz Encore Classic,,Premium movies,,,Starz,Starz,Starz,Starz,Starz,Yes,Yes,Starz,Starz,Starz,,,,,,,,,,,,,,,,,,,,,,,,,,,,,,,,,,,,,,,,,,,,,,,,,,,,,,,,,,,,0,0,0,0,0
Starz Encore Español,Starz Encore Espanol,Premium movies,,,Starz,Starz,Starz,Starz,Starz,Yes,Yes,Starz,Starz,Starz,,,,,,,,,,,,,,,,,,,,,,,,,,,,,,,,,,,,,,,,,,,,,,,,,,,,,,,,,,,,0,0,0,0,0
Starz Encore Family,,Premium movies,,,Starz,Starz,Starz,Starz,Starz,Yes,Yes,Starz,Starz,Starz,,,,,,,,,,,,,,,,,,,,,,,,,,,,,,,,,,,,,,,,,,,,,,,,,,,,,,,,,,,,0,0,0,0,0
Starz Encore Suspense,,Premium movies,,,Starz,Starz,Starz,Starz,Starz,Yes,Yes,Starz,Starz,Starz,,,,,,,,,,,,,,,,,,,,,,,,,,,,,,,,,,,,,,,,,,,,,,,,,,,,,,,,,,,,0,0,0,0,0
Starz Encore Westerns,,Premium movies,,,Starz,Starz,Starz,Starz,Starz,Yes,Yes,Starz,Starz,Starz,,,,,,,,,,,,,,,,,,,,,,,,,,,,,,,,,,,,,,,,,,,,,,,,,,,,,,,,,,,,0,0,0,0,0
Starz in Black,Starz InBlack,Premium movies,,,Starz,Starz,Starz,Starz,Starz,Starz,Yes,Starz,Starz,Starz,,,,,,,,,,,,,,,,,,,,,,,,,,,,,,,,,,,,,,,,,,,,,,,,,,,,,,,,,,,,0,0,0,0,0
Starz Kids & Family,,Premium movies,,Starz,Starz,Starz,Starz,Starz,Starz,Starz,Yes,Starz,Starz,Starz,,,,,,,,,,,,,,,,,,,,,,,,,,,,,,,,,,,,,,,,,,,,,,,,,,,,,,,,,,,,0,0,0,0,0
Stingray Karaoke,,Music,,,Stingray Karaoke,Stingray Karaoke,Stingray Karaoke,,,,,,,,,,,,,,,,,,,,,,,,,,,,,,,,,,,,,,,,,,,,,,,,,,,,,,,,,,,,,,,,,,,0,0,0,0,0
Stingray Music,,Music,,,,,,,,,,,,,Premium,,,,,,,,,,,,,,,,,,,,,,,,,,,,,,,,,,,,,,,,,,,,,,,,,,,,,,,,,,,0,0,0,0,0
StoryTV,Story Television,Entertainment,,Yes,,,,,,,,,,,,Yes,,,,,,,,,,,,,,,,,,,,,,,,,,,,,,,,,,,,,,,,,,,,,,,,,,,,,,,,,,0,0,0,0,0
Sundance Now,,Movies,,,Sundance Now,Sundance Now,Sundance Now,,,,,Sundance Now,,,,,,,,,,,,,,,,,,,,,,,,,,,,,,,,,,,,,,,,,,,,,,,,,,,,,,,,,,,,,,0,0,0,0,0
Sundance TV,"Sundance, SundanceTV",Entertainment,,Yes,Hollywood Extra,Hollywood Extra,Hollywood Extra,Yes,Yes,Yes,Yes,Yes,,Yes,,,,,,,,,,,,Yes,,,,,,,,,,,,,,,,,,,,,,,,,,,,,,,,,,,,,,,,,,,,,,,,0,0,0,0,0
Supercanal Caribe,,International,,,Caribe Service,Caribe Service,Caribe Service,,,,,,,,,,,,,,,,,,,,,,,,,,,,,,,,,,,,,,,,,,,,,,,,,,,,,,,,,,,,,,,,,,,0,0,0,0,0
SUR Perú,SUR Peru,Spanish,,,,,,Espanol,Espanol,Espanol,Espanol,,,,,,,,,,,,,,,,,,,,,,,,,,,,,,,,,,,,,,,,,,,,,,,,,,,,,,,,,,,,,,,0,0,0,0,0
Swerve Sports,,Sports,,,,,,,,,,,,Yes,,,,,,,,,,,,,,,,,,,,,,,,,,,,,,,,,,,,,,,,,,,,,,,,,,,,,,,,,,,,0,0,0,0,0
Syfy,,Entertainment,,,,Yes,Yes,Yes,Yes,Yes,Yes,Yes,Yes,Yes,,,,,,,,,,,,,,,,,,,,,,,,,,,,,,,,,,,,,,,,,,,,,,,,,,,,,,,,,,,,0,0,0,0,0
TAN TV,TAN,International,,,,,,Korean,Korean,Korean,Korean,,,,,,,,,,,,,,,,,,,,,,,,,,,,,,,,,,,,,,,,,,,,,,,,,,,,,,,,,,,,,,,0,0,0,0,0
Tarima TV,,Spanish,,,Best of Spanish TV,Best of Spanish TV,Best of Spanish TV,,,,,,,,,,,,,,,,,,,,,,,,,,,,,,,,,,,,,,,,,,,,,,,,,,,,,,,,,,,,,,,,,,,0,0,0,0,0
Tastemade,,Lifestyle,,Yes,,,,,Yes,Yes,Yes,Yes,,Yes,,,,,,,,,,,,,,,,,,,,,,,,,,,,,,,,,,,,,,,,,,,,,,,,,,,,,,,,,,,,0,0,0,0,0
Tastemade +,Tastemade+,Lifestyle,,,Tastemade+,Tastemade+,Tastemade+,,,,,Tastemade +,,,,,,,,,,,,,,,,,,,,,,,,,,,,,,,,,,,,,,,,,,,,,,,,,,,,,,,,,,,,,,0,0,0,0,0
Tastemade en Espanol,,Lifestyle,,,,,,,,,,Spanish Plus,,Fubo Latino,,,,,,,,,,,,,,,,,,,,,,,,,,,,,,,,,,,,,,,,,,,,,,,,,,,,,,,,,,,,0,0,0,0,0
Tastemade Travel,,Lifestyle,,,,,,,,,,,,Yes,,,,,,,,,,,,,,,,,,,,,,,,,,,,,,,,,,,,,,,,,,,,,,,,,,,,,,,,,,,,0,0,0,0,0
TBS,,Entertainment,,,,,,Yes,Yes,Yes,Yes,Yes,Yes,,,,,,,,,,,,,,,,,,,,,,,,,,,,,,,,,,,,,,,,,,,,,,,,,,,,,,,,,,,,,0,0,0,0,0
TCM,Turner Classic Movies,Movies,,,Hollywood Extra,Hollywood Extra,Hollywood Extra,Yes,Yes,Yes,Yes,Yes,Yes,,,,,,,,,,,,,,,,,,,,,,,,,,,,,,,,,,,,,,,,,,,,,,,,,,,,,,,,,,,,,0,0,0,0,0
Teen Nick,Teennick,Kids and family,,Yes,Kids Extra,Kids Extra,Kids Extra,Yes,Yes,Yes,Yes,Yes,Entertainment,Fubo Extra,,,Yes,Yes,,,,,,,,Yes,,,,,,,,,,,,,,,,,,,,,,,,,,,,,,,,,,,,,,,,,,,,,,,,0,0,0,0,0
Tele El Salvador,,International,,,Centroamérica Service,Centroamérica Service,Centroamérica Service,,,,,,,,,,,,,,,,,,,,,,,,,,,,,,,,,,,,,,,,,,,,,,,,,,,,,,,,,,,,,,,,,,,0,0,0,0,0
TeleCentro,,Spanish,,,,,,Espanol,Espanol,Espanol,Espanol,,,,,,,,,,,,,,,,,,,,,,,,,,,,,,,,,,,,,,,,,,,,,,,,,,,,,,,,,,,,,,,0,0,0,0,0
Telefe,"Telefe Internacional, Telefe International",Spanish,,,Sudamérica Service,Sudamérica Service,Sudamérica Service,Espanol,Espanol,Espanol,Espanol,,,Fubo Latino,,,,,Yes,,,,,,,,,,,,,,,,,,,,,,,,,,,,,,,,,,,,,,,,,,,,,,,,,,,,,,,0,0,0,0,0
TeleFórmula,Teleformula,Spanish,,,México Service,México Service,México Service,,,,,,,,,,,,Yes,,,,,,,,,,,,,,,,,,,,,,,,,,,,,,,,,,,,,,,,,,,,,,,,,,,,,,,0,0,0,0,0
Telehit,,Spanish,,,,,,,,,,Spanish Plus,,Entretenimiento Plus,,,Yes,Yes,Yes,,,,,,,,,,,,,,,,,,,,,,,,,,,,,,,,,,,,,,,,,,,,,,,,,,,,,,,0,0,0,0,0
Telehit Música,Telehit Musica,Spanish,,,,,,,,,,Spanish Plus,,,,,Yes,Yes,Yes,,,,,,,,,,,,,,,,,,,,,,,,,,,,,,,,,,,,,,,,,,,,,,,,,,,,,,,0,0,0,0,0
Telehit Urbano,RITMOSON,Spanish,,,,,,,,,,,,Entretenimiento Plus,,,,,,,,,,,,,,,,,,,,,,,,,,,,,,,,,,,,,,,,,,,,,,,,,,,,,,,,,,,,0,0,0,0,0
Telemicro,Telemicro Internacional,International,,,Caribe Service,Caribe Service,Caribe Service,,,,,,,,,,,,,,,,,,,,,,,,,,,,,,,,,,,,,,,,,,,,,,,,,,,,,,,,,,,,,,,,,,,0,0,0,0,0
Telemundo,,Spanish,,,,,,Espanol,Espanol,Espanol,Espanol,Yes,Yes,Yes,,,,,,,,,,,,,,,,,,,,,,,,,,,,,,,,,,,,,,,,,,,,,,,,,,,,,,,,,,,,0,0,0,0,0
Telenovelas,,Spanish,,,,,,,,,,,,,,,Yes,Yes,Yes,,,,,,,,,,,,,,,,,,,,,,,,,,,,,,,,,,,,,,,,,,,,,,,,,,,,,,,0,0,0,0,0
Teleritmo,,Spanish,,,México Service,México Service,México Service,,,,,,,,,,,,,,,,,,,,,,,,,,,,,,,,,,,,,,,,,,,,,,,,,,,,,,,,,,,,,,,,,,,0,0,0,0,0
Teleuniverso,,International,,,Caribe Service,Caribe Service,Caribe Service,,,,,,,,,,,,,,,,,,,,,,,,,,,,,,,,,,,,,,,,,,,,,,,,,,,,,,,,,,,,,,,,,,,0,0,0,0,0
Tennis Channel,Tennis,Sports,,,Sports Extra,Sports Extra,Sports Extra,,Yes,Yes,Yes,,,Fubo Extra,,,,,,,,,,,,,,,,,,,,,,,,,,,,,,,,,,,,,,,,,,,,,,,,,,,,,,,,,,,,0,0,0,0,0
The Bob Ross Channel,,Lifestyle,,,,,,,,,,,,Yes,,,,,,,,,,,,,,,,,,,,,,,,,,,,,,,,,,,,,,,,,,,,,,,,,,,,,,,,,,,,0,0,0,0,0
The Country Network,CountryTV,Music,,,The Country Network,The Country Network,The Country Network,,,,,,,,Premium,,,,,,,,,,,,,,,,,,,,,,,,,,,,,,,,,,,,,,,,,,,,,,,,,,,,,,,,,,,0,0,0,0,0
The Cowboy Channel,Cowboy Channel,Sports,,,Heartland Extra,Heartland Extra,Heartland Extra,,,,,,,,,,Yes,,,,,,,,,,,,,,,,,,,,,,,,,,,,,,,,,,,,,,,,,,,,,,,,,,,,,,,,,0,0,0,0,0
The Design Network,,Entertainment,,,,,,,,,,,,Yes,,,,,,,,,,,,,,,,,,,,,,,,,,,,,,,,,,,,,,,,,,,,,,,,,,,,,,,,,,,,0,0,0,0,0
The Elvis Presley Channel,,Music,,,,,,,,,,,,Yes,,,,,,,,,,,,,,,,,,,,,,,,,,,,,,,,,,,,,,,,,,,,,,,,,,,,,,,,,,,,0,0,0,0,0
The First,,News,,,,,,,,,,,,,Yes,,Yes,,,,,,,,,,,,,,,,,,,,,,,,,,,,,,,,,,,,,,,,,,,,,,,,,,,,,,,,,0,0,0,0,0
The Great Courses,,Entertainment,,,,,,,,,,The Great Courses,,,,,,,,,,,,,,,,,,,,,,,,,,,,,,,,,,,,,,,,,,,,,,,,,,,,,,,,,,,,,,0,0,0,0,0
The Pet Collective,,Lifestyle,,,,,,,,,,,,Yes,,,,,,,,,,,,,,,,,,,,,,,,,,,,,,,,,,,,,,,,,,,,,,,,,,,,,,,,,,,,0,0,0,0,0
The Young Turks,"TYT, TYT Network",News,,,,,,,,,,Yes,,News Plus,,,,,,,,,,,,,,,,,,,,,,,,,,,,,,,,,,,,,,,,,,,,,,,,,,,,,,,,,,,,0,0,0,0,0
ThrillerMax,,Premium movies,,,,,,Cinemax,Cinemax,Cinemax,Yes,Cinemax,Cinemax,,,,,,,,,,,,,,,,,,,,,,,,,,,,,,,,,,,,,,,,,,,,,,,,,,,,,,,,,,,,,0,0,0,0,0
Thrillist,,Lifestyle,,,discovery+,discovery+,discovery+,,,,,,,,,,,,,,,,,,,,,,,,,,,,,,,,,,,,,,,,,,,,,,,,,,,,,,,,,,,,,,,,,,,0,0,0,0,0
Ticker News,,News,,,,,,,,,,,,Yes,Yes,,,,,,,,,,,,,,,,,,,,,,,,,,,,,,,,,,,,,,,,,,,,,,,,,,,,,,,,,,,0,0,0,0,0
Tigo Sports,,Sports,,,,,,,,,,,,CONMEBOL & More,,,,,,,,,,,,,,,,,,,,,,,,,,,,,,,,,,,,,,,,,,,,,,,,,,,,,,,,,,,,0,0,0,0,0
TLC,The Learning Channel,Lifestyle,,Yes,discovery+,Yes,Yes,Yes,Yes,Yes,Yes,Yes,Yes,Yes,,,Yes,Yes,,,,,,,,Yes,,,,,,,,,,,,,,,,,,,,,,,,,,,,,,,,,,,,,,,,,,,,,,,,0,0,0,0,0
TNT,,Entertainment,,,,,,Yes,Yes,Yes,Yes,Yes,Yes,,,,,,,,,,,,,,,,,,,,,,,,,,,,,,,,,,,,,,,,,,,,,,,,,,,,,,,,,,,,,0,0,0,0,0
Todo Noticias,Meganoticias,Spanish,,,Sudamérica Service,Sudamérica Service,Sudamérica Service,Espanol,Espanol,Espanol,Espanol,,,,,,,,,,,,,,,,,,,,,,,,,,,,,,,,,,,,,,,,,,,,,,,,,,,,,,,,,,,,,,,0,0,0,0,0
Topic,,Entertainment,,,,,,,,,,Topic,,,,,,,,,,,,,,,,,,,,,,,,,,,,,,,,,,,,,,,,,,,,,,,,,,,,,,,,,,,,,,0,0,0,0,0
Travel Channel,"Travel Network, The Travel Channel, TRVL",Lifestyle,,Yes,Yes,Yes,Yes,,Yes,Yes,Yes,Yes,Yes,Yes,,,Yes,Yes,,,,,,,,Yes,,,,,,,,,,,,,,,,,,,,,,,,,,,,,,,,,,,,,,,,,,,,,,,,0,0,0,0,0
True Royalty TV,,Entertainment,,,True Royalty TV,True Royalty TV,True Royalty TV,,,,,,,,,,,,,,,,,,,,,,,,,,,,,,,,,,,,,,,,,,,,,,,,,,,,,,,,,,,,,,,,,,,0,0,0,0,0
TruTV,Tru TV,Entertainment,,,Comedy Extra,Yes,Yes,Yes,Yes,Yes,Yes,Yes,Yes,,,,,,,,,,,,,,,,,,,,,,,,,,,,,,,,,,,,,,,,,,,,,,,,,,,,,,,,,,,,,0,0,0,0,0
TUDN,"Univision Deportes, Univision Deportes Network",Spanish,,,,,,,,Yes,Yes,,,Yes,,,Yes,Yes,Yes,,,,,,,,,,,,,,,,,,,,,,,,,,,,,,,,,,,,,,,,,,,,,,,,,,,,,,,0,0,0,0,0
TUDNxtra n,,Spanish,,,,,,,,,,,,Yes,,,,,,,,,,,,,,,,,,,,,,,,,,,,,,,,,,,,,,,,,,,,,,,,,,,,,,,,,,,,0,0,0,0,0
TumbleBooks,,Kids and family,,,TumbleBooks,TumbleBooks,TumbleBooks,,,,,,,,,,,,,,,,,,,,,,,,,,,,,,,,,,,,,,,,,,,,,,,,,,,,,,,,,,,,,,,,,,,0,0,0,0,0
TV Chile,,Spanish,,,,,,Espanol,Espanol,Espanol,Espanol,,,,,,,,,,,,,,,,,,,,,,,,,,,,,,,,,,,,,,,,,,,,,,,,,,,,,,,,,,,,,,,0,0,0,0,0
TV Dominicana,"Dominicana, Televisión Dominicana",Spanish,,,,,,,,,,,,Fubo Latino,,,,,Yes,,,,,,,,,,,,,,,,,,,,,,,,,,,,,,,,,,,,,,,,,,,,,,,,,,,,,,,0,0,0,0,0
TV Española Internacional,,Spanish,,,España Service,España Service,España Service,,,,,,,,,,,,,,,,,,,,,,,,,,,,,,,,,,,,,,,,,,,,,,,,,,,,,,,,,,,,,,,,,,,0,0,0,0,0
TV Land,,Kids and family,,Yes,Comedy Extra,Comedy Extra,Comedy Extra,Yes,Yes,Yes,Yes,Yes,Yes,Yes,,,Yes,Yes,,,,,,,,Yes,,,,,,,,,,,,,,,,,,,,,,,,,,,,,,,,,,,,,,,,,,,,,,,,0,0,0,0,0
TV One,TvOne,Lifestyle,,Yes,,,,Yes,Yes,Yes,Yes,,,,,,Yes,Yes,,,,,,,,,,,,,,,,,,,,,,,,,,,,,,,,,,,,,,,,,,,,,,,,,,,,,,,,0,0,0,0,0
TV Quisqueya,,International,,,Caribe Service,Caribe Service,Caribe Service,,,,,,,,,,,,,,,,,,,,,,,,,,,,,,,,,,,,,,,,,,,,,,,,,,,,,,,,,,,,,,,,,,,0,0,0,0,0
TV5Monde,TV5 Monde,International,,,,,,,,,,,,TV5MONDE,,,,,,,,,,,,,,,,,,,,,,,,,,,,,,,,,,,,,,,,,,,,,,,,,,,,,,,,,,,,0,0,0,0,0
TVE,,Spanish,,,,,,Espanol,Espanol,Espanol,Espanol,,,,,,,,,,,,,,,,,,,,,,,,,,,,,,,,,,,,,,,,,,,,,,,,,,,,,,,,,,,,,,,0,0,0,0,0
Tviet Network,,International,,,,,,Vietnamese,Vietnamese,Vietnamese,Vietnamese,,,,,,,,,,,,,,,,,,,,,,,,,,,,,,,,,,,,,,,,,,,,,,,,,,,,,,,,,,,,,,,0,0,0,0,0
Ty C TV,Tyc Sports,Sports,,,Sudamérica Service,Sudamérica Service,Sudamérica Service,Espanol,Espanol,Espanol,Espanol,Spanish Plus,,Fubo Latino,,,,,Yes,,,,,,,,,,,,,,,,,,,,,,,,,,,,,,,,,,,,,,,,,,,,,,,,,,,,,,,0,0,0,0,0
Unbeaten,,Entertainment,,,,,,,,,,,,,Yes,,,,,,,,,,,,,,,,,,,,,,,,,,,,,,,,,,,,,,,,,,,,,,,,,,,,,,,,,,,0,0,0,0,0
Unimas,Unimás,Spanish,,,,,,,Yes,Yes,Yes,Yes,,Yes,,,Yes,Yes,Yes,,,,,,,,,,,,,,,,,,,,,,,,,,,,,,,,,,,,,,,,,,,,,,,,,,,,,,,0,0,0,0,0
Universal Kids,,Kids and family,,,,,,,,Yes,Yes,Yes,Yes,Yes,,,,,,,,,,,,,,,,,,,,,,,,,,,,,,,,,,,,,,,,,,,,,,,,,,,,,,,,,,,,0,0,0,0,0
Universo,NBC Universo,Spanish,,,Best of Spanish TV,Best of Spanish TV,Best of Spanish TV,,,Yes,Yes,Yes,Espanol,Yes,,,,,,,,,,,,,,,,,,,,,,,,,,,,,,,,,,,,,,,,,,,,,,,,,,,,,,,,,,,,0,0,0,0,0
Univision,,Spanish,,,,,,Yes,Yes,Yes,Yes,Yes,,Yes,,,Yes,Yes,Yes,,,,,,,,,,,,,,,,,,,,,,,,,,,,,,,,,,,,,,,,,,,,,,,,,,,,,,,0,0,0,0,0
Univision tlnovelas,"Univision Telenovelas, tlnovelas",Spanish,,,,,,Espanol,Espanol,Espanol,Espanol,Spanish Plus,,Entretenimiento Plus,,,,,,,,,,,,,,,,,,,,,,,,,,,,,,,,,,,,,,,,,,,,,,,,,,,,,,,,,,,,0,0,0,0,0
Up Faith & Family,"UpTV, Up Faith and Family, Up TV",Kids and family,,Yes,UP Faith & Family,UP Faith & Family,UP Faith & Family,,Yes,Yes,Yes,Up Faith & Family,,,,Yes,Yes,Yes,,,,,,,,,,,,,,,,,,,,,,,,,,,,,,,,,,,,,,,,,,,,,,,,,,,,,,,,0,0,0,0,0
USA Network,USA,Entertainment,,,,Yes,Yes,Yes,Yes,Yes,Yes,Yes,Yes,Yes,,,,,,,,,,,,,,,,,,,,,,,,,,,,,,,,,,,,,,,,,,,,,,,,,,,,,,,,,,,,0,0,0,0,0
VePlus,,Spanish,,,,,,Espanol,Espanol,Espanol,Espanol,,,,,,,,,,,,,,,,,,,,,,,,,,,,,,,,,,,,,,,,,,,,,,,,,,,,,,,,,,,,,,,0,0,0,0,0
VGN TV,VGN,International,,,,,,Vietnamese,Vietnamese,Vietnamese,Vietnamese,,,,,,,,,,,,,,,,,,,,,,,,,,,,,,,,,,,,,,,,,,,,,,,,,,,,,,,,,,,,,,,0,0,0,0,0
VH1,VH 1,Entertainment,,Yes,Lifestyle Extra,Lifestyle Extra,Lifestyle Extra,Yes,Yes,Yes,Yes,Yes,Yes,Yes,,,Yes,Yes,,,,,,,,Yes,,,,,,,,,,,,,,,,,,,,,,,,,,,,,,,,,,,,,,,,,,,,,,,,0,0,0,0,0
Vice,"Viceland, Vice TV, ViceTV",Lifestyle,,Yes,Yes,Yes,Yes,Yes,Yes,Yes,Yes,,Yes,,,Yes,Yes,Yes,,,,,,,,Yes,,,,,,,,,,,,,,,,,,,,,,,,,,,,,,,,,,,,,,,,,,,,,,,,0,0,0,0,0
Videorola,Video Rola,Spanish,,,México Service,México Service,México Service,Espanol,Espanol,Espanol,Espanol,,,,,,,,Yes,,,,,,,,,,,,,,,,,,,,,,,,,,,,,,,,,,,,,,,,,,,,,,,,,,,,,,,0,0,0,0,0
Vien Thao TV,Vien Thao,International,,,,,,Vietnamese,Vietnamese,Vietnamese,Vietnamese,,,,,,,,,,,,,,,,,,,,,,,,,,,,,,,,,,,,,,,,,,,,,,,,,,,,,,,,,,,,,,,0,0,0,0,0
ViendoMovies,,Spanish,,,,,,Espanol,Espanol,Espanol,Espanol,,,,,,,,,,,,,,,,,,,,,,,,,,,,,,,,,,,,,,,,,,,,,,,,,,,,,,,,,,,,,,,0,0,0,0,0
Vietface TV,Viet Face,International,,,,,,Vietnamese,Vietnamese,Vietnamese,Vietnamese,,,,,,,,,,,,,,,,,,,,,,,,,,,,,,,,,,,,,,,,,,,,,,,,,,,,,,,,,,,,,,,0,0,0,0,0
VIETV,,International,,,,,,Vietnamese,Vietnamese,Vietnamese,Vietnamese,,,,,,,,,,,,,,,,,,,,,,,,,,,,,,,,,,,,,,,,,,,,,,,,,,,,,,,,,,,,,,,0,0,0,0,0
Vix+,,Spanish,,,ViX+,ViX+,ViX+,,,,,Vix+,,,,,,,,,,,,,,,,,,,,,,,,,,,,,,,,,,,,,,,,,,,,,,,,,,,,,,,,,,,,,,0,0,0,0,0
Vme,V-Me,Spanish,,,,,,Espanol,Espanol,Espanol,Espanol,,,,,,,,,,,,,,,,,,,,,,,,,,,,,,,,,,,,,,,,,,,,,,,,,,,,,,,,,,,,,,,0,0,0,0,0
Volty TV,,Lifestyle,,,,,,,,,,,,,Yes,,,,,,,,,,,,,,,,,,,,,,,,,,,,,,,,,,,,,,,,,,,,,,,,,,,,,,,,,,,0,0,0,0,0
Voot,,International,,,Desi Binge Mini,Desi Binge Mini,Desi Binge Mini,,,,,,,,,,,,,,,,,,,,,,,,,,,,,,,,,,,,,,,,,,,,,,,,,,,,,,,,,,,,,,,,,,,0,0,0,0,0
VSIN,,Sports,,,VSiN,VSiN,VSiN,,,,,VSiN,,Sports Plus with NFL RedZone,,,,,,,,,,,,,,,,,,,,,,,,,,,,,,,,,,,,,,,,,,,,,,,,,,,,,,,,,,,,0,0,0,0,0
WAPA America,Wapa América,International,,,Caribe Service,Caribe Service,Caribe Service,Espanol,Espanol,Espanol,Espanol,Spanish Plus,,Fubo Latino,,,,,Yes,,,,,,,,,,,,,,,,,,,,,,,,,,,,,,,,,,,,,,,,,,,,,,,,,,,,,,,0,0,0,0,0
Warriors & Gangsters,,Entertainment,,,Warriors & Gangsters,Warriors & Gangsters,Warriors & Gangsters,,,,,,,,,,,,,,,,,,,,,,,,,,,,,,,,,,,,,,,,,,,,,,,,,,,,,,,,,,,,,,,,,,,0,0,0,0,0
WatchitKid!,,Kids and family,,,,,,,,,,,,,Yes,,,,,,,,,,,,,,,,,,,,,,,,,,,,,,,,,,,,,,,,,,,,,,,,,,,,,,,,,,,0,0,0,0,0
We TV,WeTV,Lifestyle,,Yes,Lifestyle Extra,Lifestyle Extra,Lifestyle Extra,Yes,Yes,Yes,Yes,Yes,,Yes,,,,,,,,,,,,Yes,,,,,,,,,,,,,,,,,,,,,,,,,,,,,,,,,,,,,,,,,,,,,,,,0,0,0,0,0
Weather Channel,The Weather Channel,News,,,,,,,Yes,Yes,Yes,Yes,,Yes,,Yes,,,,,,,,,,Yes,,,,,,,,,,,,,,,,,,,,,,,,,,,,,,,,,,,,,,,,,,,,,,,,0,0,0,0,0
Weather Channel Espanol,"The Weather Channel Espanol, The Weather Channel En Espanol",News,,,,,,,,,,Spanish Plus,,Fubo Latino,,,,,,,,,,,,,,,,,,,,,,,,,,,,,,,,,,,,,,,,,,,,,,,,,,,,,,,,,,,,0,0,0,0,0
Weather Nation,,News,,,News Extra,News Extra,News Extra,,,,,,,,,,,,,,,,,,,,,,,,,,,,,,,,,,,,,,,,,,,,,,,,,,,,,,,,,,,,,,,,,,,0,0,0,0,0
Wion,,Entertainment,,,,,,,,,,,,,Yes,,,,,,,,,,,,,,,,,,,,,,,,,,,,,,,,,,,,,,,,,,,,,,,,,,,,,,,,,,,0,0,0,0,0
Wire2Fish,,Entertainment,,,,,,,,,,,,,Yes,,,,,,,,,,,,,,,,,,,,,,,,,,,,,,,,,,,,,,,,,,,,,,,,,,,,,,,,,,,0,0,0,0,0
Women's Sports Network,,Sports,,,,,,,,,,,,Yes,,,,,,,,,,,,,,,,,,,,,,,,,,,,,,,,,,,,,,,,,,,,,,,,,,,,,,,,,,,,0,0,0,0,0
World Fishing Network,WFN,Sports,,,Heartland Extra,Heartland Extra,Heartland Extra,,,,,,,Adventure Plus,,Yes,,,,,,,,,,,,,,,,,,,,,,,,,,,,,,,,,,,,,,,,,,,,,,,,,,,,,,,,,,0,0,0,0,0
YES Network,,Regional Sports,,,,,,,Yes,Yes,Yes,,,,,,,,,,,,,,,,,,,,,,,,,,,,,,,,,,,,,,,,,,,,,,,,,,,,,,,,,,,,,,,0,0,0,0,0
Youtube Movies,,Movies,,,,,,,,,,Yes,,,,,,,,,,,,,,,,,,,,,,,,,,,,,,,,,,,,,,,,,,,,,,,,,,,,,,,,,,,,,,0,0,0,0,0
Youtube Originals,,Entertainment,,,,,,,,,,Yes,,,,,,,,,,,,,,,,,,,,,,,,,,,,,,,,,,,,,,,,,,,,,,,,,,,,,,,,,,,,,,0,0,0,0,0
YTN,,International,,,,,,Korean,Korean,Korean,Korean,,,,,,,,,,,,,,,,,,,,,,,,,,,,,,,,,,,,,,,,,,,,,,,,,,,,,,,,,,,,,,,0,0,0,0,0
YTTV: 4K Plus,,Addon,,,,,,,,,,4K Plus,,,,,,,,,,,,,,,,,,,,,,,,,,,,,,,,,,,,,,,,,,,,,,,,,,,,,,,,,,,,,,0,0,0,0,0
YTTV: YouTube TV Entertainment Plus,YouTube TV Entertainment Plus,Addon,,,,,,,,,,YouTube TV Entertainment Plus,,,,,,,,,,,,,,,,,,,,,,,,,,,,,,,,,,,,,,,,,,,,,,,,,,,,,,,,,,,,,,0,0,0,0,0
Zona Futbol,,Sports,,,,,,,,,,,,Fubo Extra,,,,,,,,,,,,,,,,,,,,,,,,,,,,,,,,,,,,,,,,,,,,,,,,,,,,,,,,,,,,0,0,0,0,0
Zoomoo,,Spanish,,,,,,Espanol,Espanol,Espanol,Espanol,,,,,,,,,,,,,,,,,,,,,,,,,,,,,,,,,,,,,,,,,,,,,,,,,,,,,,,,,,,,,,,0,0,0,0,0
